solid StreamdeckBottomCase
  facet normal 0.000000 0.000000 -1.000000
    outer loop
      vertex 0.0000 0.0000 0.0000
      vertex 0.0000 2.5000 0.0000
      vertex 2.5000 2.5000 0.0000
    endloop
  endfacet
  facet normal 0.000000 0.000000 -1.000000
    outer loop
      vertex 0.0000 0.0000 0.0000
      vertex 2.5000 2.5000 0.0000
      vertex 2.5000 0.0000 0.0000
    endloop
  endfacet
  facet normal 0.000000 -1.000000 0.000000
    outer loop
      vertex 0.0000 0.0000 0.0000
      vertex 2.5000 0.0000 0.0000
      vertex 2.5000 0.0000 2.5000
    endloop
  endfacet
  facet normal 0.000000 -1.000000 0.000000
    outer loop
      vertex 0.0000 0.0000 0.0000
      vertex 2.5000 0.0000 2.5000
      vertex 0.0000 0.0000 2.5000
    endloop
  endfacet
  facet normal -1.000000 0.000000 0.000000
    outer loop
      vertex 0.0000 2.5000 0.0000
      vertex 0.0000 0.0000 0.0000
      vertex 0.0000 0.0000 2.5000
    endloop
  endfacet
  facet normal -1.000000 0.000000 0.000000
    outer loop
      vertex 0.0000 2.5000 0.0000
      vertex 0.0000 0.0000 2.5000
      vertex 0.0000 2.5000 2.5000
    endloop
  endfacet
  facet normal 0.000000 -1.000000 0.000000
    outer loop
      vertex 0.0000 0.0000 2.5000
      vertex 2.5000 0.0000 2.5000
      vertex 2.5000 0.0000 5.5000
    endloop
  endfacet
  facet normal 0.000000 -1.000000 0.000000
    outer loop
      vertex 0.0000 0.0000 2.5000
      vertex 2.5000 0.0000 5.5000
      vertex 0.0000 0.0000 5.5000
    endloop
  endfacet
  facet normal -1.000000 0.000000 0.000000
    outer loop
      vertex 0.0000 2.5000 2.5000
      vertex 0.0000 0.0000 2.5000
      vertex 0.0000 0.0000 5.5000
    endloop
  endfacet
  facet normal -1.000000 0.000000 0.000000
    outer loop
      vertex 0.0000 2.5000 2.5000
      vertex 0.0000 0.0000 5.5000
      vertex 0.0000 2.5000 5.5000
    endloop
  endfacet
  facet normal 0.000000 -1.000000 0.000000
    outer loop
      vertex 0.0000 0.0000 5.5000
      vertex 2.5000 0.0000 5.5000
      vertex 2.5000 0.0000 10.0000
    endloop
  endfacet
  facet normal 0.000000 -1.000000 0.000000
    outer loop
      vertex 0.0000 0.0000 5.5000
      vertex 2.5000 0.0000 10.0000
      vertex 0.0000 0.0000 10.0000
    endloop
  endfacet
  facet normal -1.000000 0.000000 0.000000
    outer loop
      vertex 0.0000 2.5000 5.5000
      vertex 0.0000 0.0000 5.5000
      vertex 0.0000 0.0000 10.0000
    endloop
  endfacet
  facet normal -1.000000 0.000000 0.000000
    outer loop
      vertex 0.0000 2.5000 5.5000
      vertex 0.0000 0.0000 10.0000
      vertex 0.0000 2.5000 10.0000
    endloop
  endfacet
  facet normal 0.000000 0.000000 1.000000
    outer loop
      vertex 0.0000 0.0000 24.0000
      vertex 2.5000 0.0000 24.0000
      vertex 2.5000 2.5000 24.0000
    endloop
  endfacet
  facet normal 0.000000 0.000000 1.000000
    outer loop
      vertex 0.0000 0.0000 24.0000
      vertex 2.5000 2.5000 24.0000
      vertex 0.0000 2.5000 24.0000
    endloop
  endfacet
  facet normal 0.000000 -1.000000 0.000000
    outer loop
      vertex 0.0000 0.0000 10.0000
      vertex 2.5000 0.0000 10.0000
      vertex 2.5000 0.0000 24.0000
    endloop
  endfacet
  facet normal 0.000000 -1.000000 0.000000
    outer loop
      vertex 0.0000 0.0000 10.0000
      vertex 2.5000 0.0000 24.0000
      vertex 0.0000 0.0000 24.0000
    endloop
  endfacet
  facet normal -1.000000 0.000000 0.000000
    outer loop
      vertex 0.0000 2.5000 10.0000
      vertex 0.0000 0.0000 10.0000
      vertex 0.0000 0.0000 24.0000
    endloop
  endfacet
  facet normal -1.000000 0.000000 0.000000
    outer loop
      vertex 0.0000 2.5000 10.0000
      vertex 0.0000 0.0000 24.0000
      vertex 0.0000 2.5000 24.0000
    endloop
  endfacet
  facet normal 0.000000 0.000000 -1.000000
    outer loop
      vertex 0.0000 2.5000 0.0000
      vertex 0.0000 3.8000 0.0000
      vertex 2.5000 3.8000 0.0000
    endloop
  endfacet
  facet normal 0.000000 0.000000 -1.000000
    outer loop
      vertex 0.0000 2.5000 0.0000
      vertex 2.5000 3.8000 0.0000
      vertex 2.5000 2.5000 0.0000
    endloop
  endfacet
  facet normal -1.000000 0.000000 0.000000
    outer loop
      vertex 0.0000 3.8000 0.0000
      vertex 0.0000 2.5000 0.0000
      vertex 0.0000 2.5000 2.5000
    endloop
  endfacet
  facet normal -1.000000 0.000000 0.000000
    outer loop
      vertex 0.0000 3.8000 0.0000
      vertex 0.0000 2.5000 2.5000
      vertex 0.0000 3.8000 2.5000
    endloop
  endfacet
  facet normal -1.000000 0.000000 0.000000
    outer loop
      vertex 0.0000 3.8000 2.5000
      vertex 0.0000 2.5000 2.5000
      vertex 0.0000 2.5000 5.5000
    endloop
  endfacet
  facet normal -1.000000 0.000000 0.000000
    outer loop
      vertex 0.0000 3.8000 2.5000
      vertex 0.0000 2.5000 5.5000
      vertex 0.0000 3.8000 5.5000
    endloop
  endfacet
  facet normal -1.000000 0.000000 0.000000
    outer loop
      vertex 0.0000 3.8000 5.5000
      vertex 0.0000 2.5000 5.5000
      vertex 0.0000 2.5000 10.0000
    endloop
  endfacet
  facet normal -1.000000 0.000000 0.000000
    outer loop
      vertex 0.0000 3.8000 5.5000
      vertex 0.0000 2.5000 10.0000
      vertex 0.0000 3.8000 10.0000
    endloop
  endfacet
  facet normal 0.000000 0.000000 1.000000
    outer loop
      vertex 0.0000 2.5000 24.0000
      vertex 2.5000 2.5000 24.0000
      vertex 2.5000 3.8000 24.0000
    endloop
  endfacet
  facet normal 0.000000 0.000000 1.000000
    outer loop
      vertex 0.0000 2.5000 24.0000
      vertex 2.5000 3.8000 24.0000
      vertex 0.0000 3.8000 24.0000
    endloop
  endfacet
  facet normal -1.000000 0.000000 0.000000
    outer loop
      vertex 0.0000 3.8000 10.0000
      vertex 0.0000 2.5000 10.0000
      vertex 0.0000 2.5000 24.0000
    endloop
  endfacet
  facet normal -1.000000 0.000000 0.000000
    outer loop
      vertex 0.0000 3.8000 10.0000
      vertex 0.0000 2.5000 24.0000
      vertex 0.0000 3.8000 24.0000
    endloop
  endfacet
  facet normal 0.000000 0.000000 -1.000000
    outer loop
      vertex 0.0000 3.8000 0.0000
      vertex 0.0000 7.2000 0.0000
      vertex 2.5000 7.2000 0.0000
    endloop
  endfacet
  facet normal 0.000000 0.000000 -1.000000
    outer loop
      vertex 0.0000 3.8000 0.0000
      vertex 2.5000 7.2000 0.0000
      vertex 2.5000 3.8000 0.0000
    endloop
  endfacet
  facet normal -1.000000 0.000000 0.000000
    outer loop
      vertex 0.0000 7.2000 0.0000
      vertex 0.0000 3.8000 0.0000
      vertex 0.0000 3.8000 2.5000
    endloop
  endfacet
  facet normal -1.000000 0.000000 0.000000
    outer loop
      vertex 0.0000 7.2000 0.0000
      vertex 0.0000 3.8000 2.5000
      vertex 0.0000 7.2000 2.5000
    endloop
  endfacet
  facet normal -1.000000 0.000000 0.000000
    outer loop
      vertex 0.0000 7.2000 2.5000
      vertex 0.0000 3.8000 2.5000
      vertex 0.0000 3.8000 5.5000
    endloop
  endfacet
  facet normal -1.000000 0.000000 0.000000
    outer loop
      vertex 0.0000 7.2000 2.5000
      vertex 0.0000 3.8000 5.5000
      vertex 0.0000 7.2000 5.5000
    endloop
  endfacet
  facet normal -1.000000 0.000000 0.000000
    outer loop
      vertex 0.0000 7.2000 5.5000
      vertex 0.0000 3.8000 5.5000
      vertex 0.0000 3.8000 10.0000
    endloop
  endfacet
  facet normal -1.000000 0.000000 0.000000
    outer loop
      vertex 0.0000 7.2000 5.5000
      vertex 0.0000 3.8000 10.0000
      vertex 0.0000 7.2000 10.0000
    endloop
  endfacet
  facet normal 0.000000 0.000000 1.000000
    outer loop
      vertex 0.0000 3.8000 24.0000
      vertex 2.5000 3.8000 24.0000
      vertex 2.5000 7.2000 24.0000
    endloop
  endfacet
  facet normal 0.000000 0.000000 1.000000
    outer loop
      vertex 0.0000 3.8000 24.0000
      vertex 2.5000 7.2000 24.0000
      vertex 0.0000 7.2000 24.0000
    endloop
  endfacet
  facet normal -1.000000 0.000000 0.000000
    outer loop
      vertex 0.0000 7.2000 10.0000
      vertex 0.0000 3.8000 10.0000
      vertex 0.0000 3.8000 24.0000
    endloop
  endfacet
  facet normal -1.000000 0.000000 0.000000
    outer loop
      vertex 0.0000 7.2000 10.0000
      vertex 0.0000 3.8000 24.0000
      vertex 0.0000 7.2000 24.0000
    endloop
  endfacet
  facet normal 0.000000 0.000000 -1.000000
    outer loop
      vertex 0.0000 7.2000 0.0000
      vertex 0.0000 11.5000 0.0000
      vertex 2.5000 11.5000 0.0000
    endloop
  endfacet
  facet normal 0.000000 0.000000 -1.000000
    outer loop
      vertex 0.0000 7.2000 0.0000
      vertex 2.5000 11.5000 0.0000
      vertex 2.5000 7.2000 0.0000
    endloop
  endfacet
  facet normal -1.000000 0.000000 0.000000
    outer loop
      vertex 0.0000 11.5000 0.0000
      vertex 0.0000 7.2000 0.0000
      vertex 0.0000 7.2000 2.5000
    endloop
  endfacet
  facet normal -1.000000 0.000000 0.000000
    outer loop
      vertex 0.0000 11.5000 0.0000
      vertex 0.0000 7.2000 2.5000
      vertex 0.0000 11.5000 2.5000
    endloop
  endfacet
  facet normal -1.000000 0.000000 0.000000
    outer loop
      vertex 0.0000 11.5000 2.5000
      vertex 0.0000 7.2000 2.5000
      vertex 0.0000 7.2000 5.5000
    endloop
  endfacet
  facet normal -1.000000 0.000000 0.000000
    outer loop
      vertex 0.0000 11.5000 2.5000
      vertex 0.0000 7.2000 5.5000
      vertex 0.0000 11.5000 5.5000
    endloop
  endfacet
  facet normal -1.000000 0.000000 0.000000
    outer loop
      vertex 0.0000 11.5000 5.5000
      vertex 0.0000 7.2000 5.5000
      vertex 0.0000 7.2000 10.0000
    endloop
  endfacet
  facet normal -1.000000 0.000000 0.000000
    outer loop
      vertex 0.0000 11.5000 5.5000
      vertex 0.0000 7.2000 10.0000
      vertex 0.0000 11.5000 10.0000
    endloop
  endfacet
  facet normal 0.000000 0.000000 1.000000
    outer loop
      vertex 0.0000 7.2000 24.0000
      vertex 2.5000 7.2000 24.0000
      vertex 2.5000 11.5000 24.0000
    endloop
  endfacet
  facet normal 0.000000 0.000000 1.000000
    outer loop
      vertex 0.0000 7.2000 24.0000
      vertex 2.5000 11.5000 24.0000
      vertex 0.0000 11.5000 24.0000
    endloop
  endfacet
  facet normal -1.000000 0.000000 0.000000
    outer loop
      vertex 0.0000 11.5000 10.0000
      vertex 0.0000 7.2000 10.0000
      vertex 0.0000 7.2000 24.0000
    endloop
  endfacet
  facet normal -1.000000 0.000000 0.000000
    outer loop
      vertex 0.0000 11.5000 10.0000
      vertex 0.0000 7.2000 24.0000
      vertex 0.0000 11.5000 24.0000
    endloop
  endfacet
  facet normal 0.000000 0.000000 -1.000000
    outer loop
      vertex 0.0000 11.5000 0.0000
      vertex 0.0000 23.0000 0.0000
      vertex 2.5000 23.0000 0.0000
    endloop
  endfacet
  facet normal 0.000000 0.000000 -1.000000
    outer loop
      vertex 0.0000 11.5000 0.0000
      vertex 2.5000 23.0000 0.0000
      vertex 2.5000 11.5000 0.0000
    endloop
  endfacet
  facet normal -1.000000 0.000000 0.000000
    outer loop
      vertex 0.0000 23.0000 0.0000
      vertex 0.0000 11.5000 0.0000
      vertex 0.0000 11.5000 2.5000
    endloop
  endfacet
  facet normal -1.000000 0.000000 0.000000
    outer loop
      vertex 0.0000 23.0000 0.0000
      vertex 0.0000 11.5000 2.5000
      vertex 0.0000 23.0000 2.5000
    endloop
  endfacet
  facet normal -1.000000 0.000000 0.000000
    outer loop
      vertex 0.0000 23.0000 2.5000
      vertex 0.0000 11.5000 2.5000
      vertex 0.0000 11.5000 5.5000
    endloop
  endfacet
  facet normal -1.000000 0.000000 0.000000
    outer loop
      vertex 0.0000 23.0000 2.5000
      vertex 0.0000 11.5000 5.5000
      vertex 0.0000 23.0000 5.5000
    endloop
  endfacet
  facet normal 1.000000 0.000000 0.000000
    outer loop
      vertex 2.5000 11.5000 2.5000
      vertex 2.5000 23.0000 2.5000
      vertex 2.5000 23.0000 5.5000
    endloop
  endfacet
  facet normal 1.000000 0.000000 0.000000
    outer loop
      vertex 2.5000 11.5000 2.5000
      vertex 2.5000 23.0000 5.5000
      vertex 2.5000 11.5000 5.5000
    endloop
  endfacet
  facet normal -1.000000 0.000000 0.000000
    outer loop
      vertex 0.0000 23.0000 5.5000
      vertex 0.0000 11.5000 5.5000
      vertex 0.0000 11.5000 10.0000
    endloop
  endfacet
  facet normal -1.000000 0.000000 0.000000
    outer loop
      vertex 0.0000 23.0000 5.5000
      vertex 0.0000 11.5000 10.0000
      vertex 0.0000 23.0000 10.0000
    endloop
  endfacet
  facet normal 1.000000 0.000000 0.000000
    outer loop
      vertex 2.5000 11.5000 5.5000
      vertex 2.5000 23.0000 5.5000
      vertex 2.5000 23.0000 10.0000
    endloop
  endfacet
  facet normal 1.000000 0.000000 0.000000
    outer loop
      vertex 2.5000 11.5000 5.5000
      vertex 2.5000 23.0000 10.0000
      vertex 2.5000 11.5000 10.0000
    endloop
  endfacet
  facet normal 0.000000 0.000000 1.000000
    outer loop
      vertex 0.0000 11.5000 24.0000
      vertex 2.5000 11.5000 24.0000
      vertex 2.5000 23.0000 24.0000
    endloop
  endfacet
  facet normal 0.000000 0.000000 1.000000
    outer loop
      vertex 0.0000 11.5000 24.0000
      vertex 2.5000 23.0000 24.0000
      vertex 0.0000 23.0000 24.0000
    endloop
  endfacet
  facet normal -1.000000 0.000000 0.000000
    outer loop
      vertex 0.0000 23.0000 10.0000
      vertex 0.0000 11.5000 10.0000
      vertex 0.0000 11.5000 24.0000
    endloop
  endfacet
  facet normal -1.000000 0.000000 0.000000
    outer loop
      vertex 0.0000 23.0000 10.0000
      vertex 0.0000 11.5000 24.0000
      vertex 0.0000 23.0000 24.0000
    endloop
  endfacet
  facet normal 1.000000 0.000000 0.000000
    outer loop
      vertex 2.5000 11.5000 10.0000
      vertex 2.5000 23.0000 10.0000
      vertex 2.5000 23.0000 24.0000
    endloop
  endfacet
  facet normal 1.000000 0.000000 0.000000
    outer loop
      vertex 2.5000 11.5000 10.0000
      vertex 2.5000 23.0000 24.0000
      vertex 2.5000 11.5000 24.0000
    endloop
  endfacet
  facet normal 0.000000 0.000000 -1.000000
    outer loop
      vertex 0.0000 23.0000 0.0000
      vertex 0.0000 72.5000 0.0000
      vertex 2.5000 72.5000 0.0000
    endloop
  endfacet
  facet normal 0.000000 0.000000 -1.000000
    outer loop
      vertex 0.0000 23.0000 0.0000
      vertex 2.5000 72.5000 0.0000
      vertex 2.5000 23.0000 0.0000
    endloop
  endfacet
  facet normal -1.000000 0.000000 0.000000
    outer loop
      vertex 0.0000 72.5000 0.0000
      vertex 0.0000 23.0000 0.0000
      vertex 0.0000 23.0000 2.5000
    endloop
  endfacet
  facet normal -1.000000 0.000000 0.000000
    outer loop
      vertex 0.0000 72.5000 0.0000
      vertex 0.0000 23.0000 2.5000
      vertex 0.0000 72.5000 2.5000
    endloop
  endfacet
  facet normal -1.000000 0.000000 0.000000
    outer loop
      vertex 0.0000 72.5000 2.5000
      vertex 0.0000 23.0000 2.5000
      vertex 0.0000 23.0000 5.5000
    endloop
  endfacet
  facet normal -1.000000 0.000000 0.000000
    outer loop
      vertex 0.0000 72.5000 2.5000
      vertex 0.0000 23.0000 5.5000
      vertex 0.0000 72.5000 5.5000
    endloop
  endfacet
  facet normal 1.000000 0.000000 0.000000
    outer loop
      vertex 2.5000 23.0000 2.5000
      vertex 2.5000 72.5000 2.5000
      vertex 2.5000 72.5000 5.5000
    endloop
  endfacet
  facet normal 1.000000 0.000000 0.000000
    outer loop
      vertex 2.5000 23.0000 2.5000
      vertex 2.5000 72.5000 5.5000
      vertex 2.5000 23.0000 5.5000
    endloop
  endfacet
  facet normal -1.000000 0.000000 0.000000
    outer loop
      vertex 0.0000 72.5000 5.5000
      vertex 0.0000 23.0000 5.5000
      vertex 0.0000 23.0000 10.0000
    endloop
  endfacet
  facet normal -1.000000 0.000000 0.000000
    outer loop
      vertex 0.0000 72.5000 5.5000
      vertex 0.0000 23.0000 10.0000
      vertex 0.0000 72.5000 10.0000
    endloop
  endfacet
  facet normal 1.000000 0.000000 0.000000
    outer loop
      vertex 2.5000 23.0000 5.5000
      vertex 2.5000 72.5000 5.5000
      vertex 2.5000 72.5000 10.0000
    endloop
  endfacet
  facet normal 1.000000 0.000000 0.000000
    outer loop
      vertex 2.5000 23.0000 5.5000
      vertex 2.5000 72.5000 10.0000
      vertex 2.5000 23.0000 10.0000
    endloop
  endfacet
  facet normal 0.000000 0.000000 1.000000
    outer loop
      vertex 0.0000 23.0000 24.0000
      vertex 2.5000 23.0000 24.0000
      vertex 2.5000 72.5000 24.0000
    endloop
  endfacet
  facet normal 0.000000 0.000000 1.000000
    outer loop
      vertex 0.0000 23.0000 24.0000
      vertex 2.5000 72.5000 24.0000
      vertex 0.0000 72.5000 24.0000
    endloop
  endfacet
  facet normal -1.000000 0.000000 0.000000
    outer loop
      vertex 0.0000 72.5000 10.0000
      vertex 0.0000 23.0000 10.0000
      vertex 0.0000 23.0000 24.0000
    endloop
  endfacet
  facet normal -1.000000 0.000000 0.000000
    outer loop
      vertex 0.0000 72.5000 10.0000
      vertex 0.0000 23.0000 24.0000
      vertex 0.0000 72.5000 24.0000
    endloop
  endfacet
  facet normal 1.000000 0.000000 0.000000
    outer loop
      vertex 2.5000 23.0000 10.0000
      vertex 2.5000 72.5000 10.0000
      vertex 2.5000 72.5000 24.0000
    endloop
  endfacet
  facet normal 1.000000 0.000000 0.000000
    outer loop
      vertex 2.5000 23.0000 10.0000
      vertex 2.5000 72.5000 24.0000
      vertex 2.5000 23.0000 24.0000
    endloop
  endfacet
  facet normal 0.000000 0.000000 -1.000000
    outer loop
      vertex 0.0000 72.5000 0.0000
      vertex 0.0000 73.0000 0.0000
      vertex 2.5000 73.0000 0.0000
    endloop
  endfacet
  facet normal 0.000000 0.000000 -1.000000
    outer loop
      vertex 0.0000 72.5000 0.0000
      vertex 2.5000 73.0000 0.0000
      vertex 2.5000 72.5000 0.0000
    endloop
  endfacet
  facet normal -1.000000 0.000000 0.000000
    outer loop
      vertex 0.0000 73.0000 0.0000
      vertex 0.0000 72.5000 0.0000
      vertex 0.0000 72.5000 2.5000
    endloop
  endfacet
  facet normal -1.000000 0.000000 0.000000
    outer loop
      vertex 0.0000 73.0000 0.0000
      vertex 0.0000 72.5000 2.5000
      vertex 0.0000 73.0000 2.5000
    endloop
  endfacet
  facet normal -1.000000 0.000000 0.000000
    outer loop
      vertex 0.0000 73.0000 2.5000
      vertex 0.0000 72.5000 2.5000
      vertex 0.0000 72.5000 5.5000
    endloop
  endfacet
  facet normal -1.000000 0.000000 0.000000
    outer loop
      vertex 0.0000 73.0000 2.5000
      vertex 0.0000 72.5000 5.5000
      vertex 0.0000 73.0000 5.5000
    endloop
  endfacet
  facet normal -1.000000 0.000000 0.000000
    outer loop
      vertex 0.0000 73.0000 5.5000
      vertex 0.0000 72.5000 5.5000
      vertex 0.0000 72.5000 10.0000
    endloop
  endfacet
  facet normal -1.000000 0.000000 0.000000
    outer loop
      vertex 0.0000 73.0000 5.5000
      vertex 0.0000 72.5000 10.0000
      vertex 0.0000 73.0000 10.0000
    endloop
  endfacet
  facet normal 0.000000 0.000000 1.000000
    outer loop
      vertex 0.0000 72.5000 24.0000
      vertex 2.5000 72.5000 24.0000
      vertex 2.5000 73.0000 24.0000
    endloop
  endfacet
  facet normal 0.000000 0.000000 1.000000
    outer loop
      vertex 0.0000 72.5000 24.0000
      vertex 2.5000 73.0000 24.0000
      vertex 0.0000 73.0000 24.0000
    endloop
  endfacet
  facet normal -1.000000 0.000000 0.000000
    outer loop
      vertex 0.0000 73.0000 10.0000
      vertex 0.0000 72.5000 10.0000
      vertex 0.0000 72.5000 24.0000
    endloop
  endfacet
  facet normal -1.000000 0.000000 0.000000
    outer loop
      vertex 0.0000 73.0000 10.0000
      vertex 0.0000 72.5000 24.0000
      vertex 0.0000 73.0000 24.0000
    endloop
  endfacet
  facet normal 0.000000 0.000000 -1.000000
    outer loop
      vertex 0.0000 73.0000 0.0000
      vertex 0.0000 76.8000 0.0000
      vertex 2.5000 76.8000 0.0000
    endloop
  endfacet
  facet normal 0.000000 0.000000 -1.000000
    outer loop
      vertex 0.0000 73.0000 0.0000
      vertex 2.5000 76.8000 0.0000
      vertex 2.5000 73.0000 0.0000
    endloop
  endfacet
  facet normal -1.000000 0.000000 0.000000
    outer loop
      vertex 0.0000 76.8000 0.0000
      vertex 0.0000 73.0000 0.0000
      vertex 0.0000 73.0000 2.5000
    endloop
  endfacet
  facet normal -1.000000 0.000000 0.000000
    outer loop
      vertex 0.0000 76.8000 0.0000
      vertex 0.0000 73.0000 2.5000
      vertex 0.0000 76.8000 2.5000
    endloop
  endfacet
  facet normal -1.000000 0.000000 0.000000
    outer loop
      vertex 0.0000 76.8000 2.5000
      vertex 0.0000 73.0000 2.5000
      vertex 0.0000 73.0000 5.5000
    endloop
  endfacet
  facet normal -1.000000 0.000000 0.000000
    outer loop
      vertex 0.0000 76.8000 2.5000
      vertex 0.0000 73.0000 5.5000
      vertex 0.0000 76.8000 5.5000
    endloop
  endfacet
  facet normal -1.000000 0.000000 0.000000
    outer loop
      vertex 0.0000 76.8000 5.5000
      vertex 0.0000 73.0000 5.5000
      vertex 0.0000 73.0000 10.0000
    endloop
  endfacet
  facet normal -1.000000 0.000000 0.000000
    outer loop
      vertex 0.0000 76.8000 5.5000
      vertex 0.0000 73.0000 10.0000
      vertex 0.0000 76.8000 10.0000
    endloop
  endfacet
  facet normal 0.000000 0.000000 1.000000
    outer loop
      vertex 0.0000 73.0000 24.0000
      vertex 2.5000 73.0000 24.0000
      vertex 2.5000 76.8000 24.0000
    endloop
  endfacet
  facet normal 0.000000 0.000000 1.000000
    outer loop
      vertex 0.0000 73.0000 24.0000
      vertex 2.5000 76.8000 24.0000
      vertex 0.0000 76.8000 24.0000
    endloop
  endfacet
  facet normal -1.000000 0.000000 0.000000
    outer loop
      vertex 0.0000 76.8000 10.0000
      vertex 0.0000 73.0000 10.0000
      vertex 0.0000 73.0000 24.0000
    endloop
  endfacet
  facet normal -1.000000 0.000000 0.000000
    outer loop
      vertex 0.0000 76.8000 10.0000
      vertex 0.0000 73.0000 24.0000
      vertex 0.0000 76.8000 24.0000
    endloop
  endfacet
  facet normal 0.000000 0.000000 -1.000000
    outer loop
      vertex 0.0000 76.8000 0.0000
      vertex 0.0000 80.2000 0.0000
      vertex 2.5000 80.2000 0.0000
    endloop
  endfacet
  facet normal 0.000000 0.000000 -1.000000
    outer loop
      vertex 0.0000 76.8000 0.0000
      vertex 2.5000 80.2000 0.0000
      vertex 2.5000 76.8000 0.0000
    endloop
  endfacet
  facet normal -1.000000 0.000000 0.000000
    outer loop
      vertex 0.0000 80.2000 0.0000
      vertex 0.0000 76.8000 0.0000
      vertex 0.0000 76.8000 2.5000
    endloop
  endfacet
  facet normal -1.000000 0.000000 0.000000
    outer loop
      vertex 0.0000 80.2000 0.0000
      vertex 0.0000 76.8000 2.5000
      vertex 0.0000 80.2000 2.5000
    endloop
  endfacet
  facet normal -1.000000 0.000000 0.000000
    outer loop
      vertex 0.0000 80.2000 2.5000
      vertex 0.0000 76.8000 2.5000
      vertex 0.0000 76.8000 5.5000
    endloop
  endfacet
  facet normal -1.000000 0.000000 0.000000
    outer loop
      vertex 0.0000 80.2000 2.5000
      vertex 0.0000 76.8000 5.5000
      vertex 0.0000 80.2000 5.5000
    endloop
  endfacet
  facet normal -1.000000 0.000000 0.000000
    outer loop
      vertex 0.0000 80.2000 5.5000
      vertex 0.0000 76.8000 5.5000
      vertex 0.0000 76.8000 10.0000
    endloop
  endfacet
  facet normal -1.000000 0.000000 0.000000
    outer loop
      vertex 0.0000 80.2000 5.5000
      vertex 0.0000 76.8000 10.0000
      vertex 0.0000 80.2000 10.0000
    endloop
  endfacet
  facet normal 0.000000 0.000000 1.000000
    outer loop
      vertex 0.0000 76.8000 24.0000
      vertex 2.5000 76.8000 24.0000
      vertex 2.5000 80.2000 24.0000
    endloop
  endfacet
  facet normal 0.000000 0.000000 1.000000
    outer loop
      vertex 0.0000 76.8000 24.0000
      vertex 2.5000 80.2000 24.0000
      vertex 0.0000 80.2000 24.0000
    endloop
  endfacet
  facet normal -1.000000 0.000000 0.000000
    outer loop
      vertex 0.0000 80.2000 10.0000
      vertex 0.0000 76.8000 10.0000
      vertex 0.0000 76.8000 24.0000
    endloop
  endfacet
  facet normal -1.000000 0.000000 0.000000
    outer loop
      vertex 0.0000 80.2000 10.0000
      vertex 0.0000 76.8000 24.0000
      vertex 0.0000 80.2000 24.0000
    endloop
  endfacet
  facet normal 0.000000 0.000000 -1.000000
    outer loop
      vertex 0.0000 80.2000 0.0000
      vertex 0.0000 81.5000 0.0000
      vertex 2.5000 81.5000 0.0000
    endloop
  endfacet
  facet normal 0.000000 0.000000 -1.000000
    outer loop
      vertex 0.0000 80.2000 0.0000
      vertex 2.5000 81.5000 0.0000
      vertex 2.5000 80.2000 0.0000
    endloop
  endfacet
  facet normal -1.000000 0.000000 0.000000
    outer loop
      vertex 0.0000 81.5000 0.0000
      vertex 0.0000 80.2000 0.0000
      vertex 0.0000 80.2000 2.5000
    endloop
  endfacet
  facet normal -1.000000 0.000000 0.000000
    outer loop
      vertex 0.0000 81.5000 0.0000
      vertex 0.0000 80.2000 2.5000
      vertex 0.0000 81.5000 2.5000
    endloop
  endfacet
  facet normal -1.000000 0.000000 0.000000
    outer loop
      vertex 0.0000 81.5000 2.5000
      vertex 0.0000 80.2000 2.5000
      vertex 0.0000 80.2000 5.5000
    endloop
  endfacet
  facet normal -1.000000 0.000000 0.000000
    outer loop
      vertex 0.0000 81.5000 2.5000
      vertex 0.0000 80.2000 5.5000
      vertex 0.0000 81.5000 5.5000
    endloop
  endfacet
  facet normal -1.000000 0.000000 0.000000
    outer loop
      vertex 0.0000 81.5000 5.5000
      vertex 0.0000 80.2000 5.5000
      vertex 0.0000 80.2000 10.0000
    endloop
  endfacet
  facet normal -1.000000 0.000000 0.000000
    outer loop
      vertex 0.0000 81.5000 5.5000
      vertex 0.0000 80.2000 10.0000
      vertex 0.0000 81.5000 10.0000
    endloop
  endfacet
  facet normal 0.000000 0.000000 1.000000
    outer loop
      vertex 0.0000 80.2000 24.0000
      vertex 2.5000 80.2000 24.0000
      vertex 2.5000 81.5000 24.0000
    endloop
  endfacet
  facet normal 0.000000 0.000000 1.000000
    outer loop
      vertex 0.0000 80.2000 24.0000
      vertex 2.5000 81.5000 24.0000
      vertex 0.0000 81.5000 24.0000
    endloop
  endfacet
  facet normal -1.000000 0.000000 0.000000
    outer loop
      vertex 0.0000 81.5000 10.0000
      vertex 0.0000 80.2000 10.0000
      vertex 0.0000 80.2000 24.0000
    endloop
  endfacet
  facet normal -1.000000 0.000000 0.000000
    outer loop
      vertex 0.0000 81.5000 10.0000
      vertex 0.0000 80.2000 24.0000
      vertex 0.0000 81.5000 24.0000
    endloop
  endfacet
  facet normal 0.000000 0.000000 -1.000000
    outer loop
      vertex 0.0000 81.5000 0.0000
      vertex 0.0000 84.0000 0.0000
      vertex 2.5000 84.0000 0.0000
    endloop
  endfacet
  facet normal 0.000000 0.000000 -1.000000
    outer loop
      vertex 0.0000 81.5000 0.0000
      vertex 2.5000 84.0000 0.0000
      vertex 2.5000 81.5000 0.0000
    endloop
  endfacet
  facet normal 0.000000 1.000000 0.000000
    outer loop
      vertex 2.5000 84.0000 0.0000
      vertex 0.0000 84.0000 0.0000
      vertex 0.0000 84.0000 2.5000
    endloop
  endfacet
  facet normal 0.000000 1.000000 -0.000000
    outer loop
      vertex 2.5000 84.0000 0.0000
      vertex 0.0000 84.0000 2.5000
      vertex 2.5000 84.0000 2.5000
    endloop
  endfacet
  facet normal -1.000000 0.000000 0.000000
    outer loop
      vertex 0.0000 84.0000 0.0000
      vertex 0.0000 81.5000 0.0000
      vertex 0.0000 81.5000 2.5000
    endloop
  endfacet
  facet normal -1.000000 0.000000 0.000000
    outer loop
      vertex 0.0000 84.0000 0.0000
      vertex 0.0000 81.5000 2.5000
      vertex 0.0000 84.0000 2.5000
    endloop
  endfacet
  facet normal 0.000000 1.000000 0.000000
    outer loop
      vertex 2.5000 84.0000 2.5000
      vertex 0.0000 84.0000 2.5000
      vertex 0.0000 84.0000 5.5000
    endloop
  endfacet
  facet normal 0.000000 1.000000 -0.000000
    outer loop
      vertex 2.5000 84.0000 2.5000
      vertex 0.0000 84.0000 5.5000
      vertex 2.5000 84.0000 5.5000
    endloop
  endfacet
  facet normal -1.000000 0.000000 0.000000
    outer loop
      vertex 0.0000 84.0000 2.5000
      vertex 0.0000 81.5000 2.5000
      vertex 0.0000 81.5000 5.5000
    endloop
  endfacet
  facet normal -1.000000 0.000000 0.000000
    outer loop
      vertex 0.0000 84.0000 2.5000
      vertex 0.0000 81.5000 5.5000
      vertex 0.0000 84.0000 5.5000
    endloop
  endfacet
  facet normal 0.000000 1.000000 0.000000
    outer loop
      vertex 2.5000 84.0000 5.5000
      vertex 0.0000 84.0000 5.5000
      vertex 0.0000 84.0000 10.0000
    endloop
  endfacet
  facet normal 0.000000 1.000000 -0.000000
    outer loop
      vertex 2.5000 84.0000 5.5000
      vertex 0.0000 84.0000 10.0000
      vertex 2.5000 84.0000 10.0000
    endloop
  endfacet
  facet normal -1.000000 0.000000 0.000000
    outer loop
      vertex 0.0000 84.0000 5.5000
      vertex 0.0000 81.5000 5.5000
      vertex 0.0000 81.5000 10.0000
    endloop
  endfacet
  facet normal -1.000000 0.000000 0.000000
    outer loop
      vertex 0.0000 84.0000 5.5000
      vertex 0.0000 81.5000 10.0000
      vertex 0.0000 84.0000 10.0000
    endloop
  endfacet
  facet normal 0.000000 0.000000 1.000000
    outer loop
      vertex 0.0000 81.5000 24.0000
      vertex 2.5000 81.5000 24.0000
      vertex 2.5000 84.0000 24.0000
    endloop
  endfacet
  facet normal 0.000000 0.000000 1.000000
    outer loop
      vertex 0.0000 81.5000 24.0000
      vertex 2.5000 84.0000 24.0000
      vertex 0.0000 84.0000 24.0000
    endloop
  endfacet
  facet normal 0.000000 1.000000 0.000000
    outer loop
      vertex 2.5000 84.0000 10.0000
      vertex 0.0000 84.0000 10.0000
      vertex 0.0000 84.0000 24.0000
    endloop
  endfacet
  facet normal 0.000000 1.000000 -0.000000
    outer loop
      vertex 2.5000 84.0000 10.0000
      vertex 0.0000 84.0000 24.0000
      vertex 2.5000 84.0000 24.0000
    endloop
  endfacet
  facet normal -1.000000 0.000000 0.000000
    outer loop
      vertex 0.0000 84.0000 10.0000
      vertex 0.0000 81.5000 10.0000
      vertex 0.0000 81.5000 24.0000
    endloop
  endfacet
  facet normal -1.000000 0.000000 0.000000
    outer loop
      vertex 0.0000 84.0000 10.0000
      vertex 0.0000 81.5000 24.0000
      vertex 0.0000 84.0000 24.0000
    endloop
  endfacet
  facet normal 0.000000 0.000000 -1.000000
    outer loop
      vertex 2.5000 0.0000 0.0000
      vertex 2.5000 2.5000 0.0000
      vertex 3.8000 2.5000 0.0000
    endloop
  endfacet
  facet normal 0.000000 0.000000 -1.000000
    outer loop
      vertex 2.5000 0.0000 0.0000
      vertex 3.8000 2.5000 0.0000
      vertex 3.8000 0.0000 0.0000
    endloop
  endfacet
  facet normal 0.000000 -1.000000 0.000000
    outer loop
      vertex 2.5000 0.0000 0.0000
      vertex 3.8000 0.0000 0.0000
      vertex 3.8000 0.0000 2.5000
    endloop
  endfacet
  facet normal 0.000000 -1.000000 0.000000
    outer loop
      vertex 2.5000 0.0000 0.0000
      vertex 3.8000 0.0000 2.5000
      vertex 2.5000 0.0000 2.5000
    endloop
  endfacet
  facet normal 0.000000 -1.000000 0.000000
    outer loop
      vertex 2.5000 0.0000 2.5000
      vertex 3.8000 0.0000 2.5000
      vertex 3.8000 0.0000 5.5000
    endloop
  endfacet
  facet normal 0.000000 -1.000000 0.000000
    outer loop
      vertex 2.5000 0.0000 2.5000
      vertex 3.8000 0.0000 5.5000
      vertex 2.5000 0.0000 5.5000
    endloop
  endfacet
  facet normal 0.000000 -1.000000 0.000000
    outer loop
      vertex 2.5000 0.0000 5.5000
      vertex 3.8000 0.0000 5.5000
      vertex 3.8000 0.0000 10.0000
    endloop
  endfacet
  facet normal 0.000000 -1.000000 0.000000
    outer loop
      vertex 2.5000 0.0000 5.5000
      vertex 3.8000 0.0000 10.0000
      vertex 2.5000 0.0000 10.0000
    endloop
  endfacet
  facet normal 0.000000 0.000000 1.000000
    outer loop
      vertex 2.5000 0.0000 24.0000
      vertex 3.8000 0.0000 24.0000
      vertex 3.8000 2.5000 24.0000
    endloop
  endfacet
  facet normal 0.000000 0.000000 1.000000
    outer loop
      vertex 2.5000 0.0000 24.0000
      vertex 3.8000 2.5000 24.0000
      vertex 2.5000 2.5000 24.0000
    endloop
  endfacet
  facet normal 0.000000 -1.000000 0.000000
    outer loop
      vertex 2.5000 0.0000 10.0000
      vertex 3.8000 0.0000 10.0000
      vertex 3.8000 0.0000 24.0000
    endloop
  endfacet
  facet normal 0.000000 -1.000000 0.000000
    outer loop
      vertex 2.5000 0.0000 10.0000
      vertex 3.8000 0.0000 24.0000
      vertex 2.5000 0.0000 24.0000
    endloop
  endfacet
  facet normal 0.000000 0.000000 -1.000000
    outer loop
      vertex 2.5000 2.5000 0.0000
      vertex 2.5000 3.8000 0.0000
      vertex 3.8000 3.8000 0.0000
    endloop
  endfacet
  facet normal 0.000000 0.000000 -1.000000
    outer loop
      vertex 2.5000 2.5000 0.0000
      vertex 3.8000 3.8000 0.0000
      vertex 3.8000 2.5000 0.0000
    endloop
  endfacet
  facet normal 0.000000 0.000000 1.000000
    outer loop
      vertex 2.5000 2.5000 24.0000
      vertex 3.8000 2.5000 24.0000
      vertex 3.8000 3.8000 24.0000
    endloop
  endfacet
  facet normal 0.000000 0.000000 1.000000
    outer loop
      vertex 2.5000 2.5000 24.0000
      vertex 3.8000 3.8000 24.0000
      vertex 2.5000 3.8000 24.0000
    endloop
  endfacet
  facet normal 0.000000 0.000000 -1.000000
    outer loop
      vertex 2.5000 3.8000 0.0000
      vertex 2.5000 7.2000 0.0000
      vertex 3.8000 7.2000 0.0000
    endloop
  endfacet
  facet normal 0.000000 0.000000 -1.000000
    outer loop
      vertex 2.5000 3.8000 0.0000
      vertex 3.8000 7.2000 0.0000
      vertex 3.8000 3.8000 0.0000
    endloop
  endfacet
  facet normal 1.000000 0.000000 0.000000
    outer loop
      vertex 3.8000 3.8000 2.5000
      vertex 3.8000 7.2000 2.5000
      vertex 3.8000 7.2000 5.5000
    endloop
  endfacet
  facet normal 1.000000 0.000000 0.000000
    outer loop
      vertex 3.8000 3.8000 2.5000
      vertex 3.8000 7.2000 5.5000
      vertex 3.8000 3.8000 5.5000
    endloop
  endfacet
  facet normal 1.000000 0.000000 0.000000
    outer loop
      vertex 3.8000 3.8000 5.5000
      vertex 3.8000 7.2000 5.5000
      vertex 3.8000 7.2000 10.0000
    endloop
  endfacet
  facet normal 1.000000 0.000000 0.000000
    outer loop
      vertex 3.8000 3.8000 5.5000
      vertex 3.8000 7.2000 10.0000
      vertex 3.8000 3.8000 10.0000
    endloop
  endfacet
  facet normal 0.000000 0.000000 1.000000
    outer loop
      vertex 2.5000 3.8000 24.0000
      vertex 3.8000 3.8000 24.0000
      vertex 3.8000 7.2000 24.0000
    endloop
  endfacet
  facet normal 0.000000 0.000000 1.000000
    outer loop
      vertex 2.5000 3.8000 24.0000
      vertex 3.8000 7.2000 24.0000
      vertex 2.5000 7.2000 24.0000
    endloop
  endfacet
  facet normal 1.000000 0.000000 0.000000
    outer loop
      vertex 3.8000 3.8000 10.0000
      vertex 3.8000 7.2000 10.0000
      vertex 3.8000 7.2000 24.0000
    endloop
  endfacet
  facet normal 1.000000 0.000000 0.000000
    outer loop
      vertex 3.8000 3.8000 10.0000
      vertex 3.8000 7.2000 24.0000
      vertex 3.8000 3.8000 24.0000
    endloop
  endfacet
  facet normal 0.000000 0.000000 -1.000000
    outer loop
      vertex 2.5000 7.2000 0.0000
      vertex 2.5000 11.5000 0.0000
      vertex 3.8000 11.5000 0.0000
    endloop
  endfacet
  facet normal 0.000000 0.000000 -1.000000
    outer loop
      vertex 2.5000 7.2000 0.0000
      vertex 3.8000 11.5000 0.0000
      vertex 3.8000 7.2000 0.0000
    endloop
  endfacet
  facet normal 0.000000 1.000000 0.000000
    outer loop
      vertex 3.8000 11.5000 2.5000
      vertex 2.5000 11.5000 2.5000
      vertex 2.5000 11.5000 5.5000
    endloop
  endfacet
  facet normal 0.000000 1.000000 -0.000000
    outer loop
      vertex 3.8000 11.5000 2.5000
      vertex 2.5000 11.5000 5.5000
      vertex 3.8000 11.5000 5.5000
    endloop
  endfacet
  facet normal 0.000000 1.000000 0.000000
    outer loop
      vertex 3.8000 11.5000 5.5000
      vertex 2.5000 11.5000 5.5000
      vertex 2.5000 11.5000 10.0000
    endloop
  endfacet
  facet normal 0.000000 1.000000 -0.000000
    outer loop
      vertex 3.8000 11.5000 5.5000
      vertex 2.5000 11.5000 10.0000
      vertex 3.8000 11.5000 10.0000
    endloop
  endfacet
  facet normal 0.000000 0.000000 1.000000
    outer loop
      vertex 2.5000 7.2000 24.0000
      vertex 3.8000 7.2000 24.0000
      vertex 3.8000 11.5000 24.0000
    endloop
  endfacet
  facet normal 0.000000 0.000000 1.000000
    outer loop
      vertex 2.5000 7.2000 24.0000
      vertex 3.8000 11.5000 24.0000
      vertex 2.5000 11.5000 24.0000
    endloop
  endfacet
  facet normal 0.000000 1.000000 0.000000
    outer loop
      vertex 3.8000 11.5000 10.0000
      vertex 2.5000 11.5000 10.0000
      vertex 2.5000 11.5000 24.0000
    endloop
  endfacet
  facet normal 0.000000 1.000000 -0.000000
    outer loop
      vertex 3.8000 11.5000 10.0000
      vertex 2.5000 11.5000 24.0000
      vertex 3.8000 11.5000 24.0000
    endloop
  endfacet
  facet normal 0.000000 0.000000 -1.000000
    outer loop
      vertex 2.5000 11.5000 0.0000
      vertex 2.5000 23.0000 0.0000
      vertex 3.8000 23.0000 0.0000
    endloop
  endfacet
  facet normal 0.000000 0.000000 -1.000000
    outer loop
      vertex 2.5000 11.5000 0.0000
      vertex 3.8000 23.0000 0.0000
      vertex 3.8000 11.5000 0.0000
    endloop
  endfacet
  facet normal 0.000000 0.000000 1.000000
    outer loop
      vertex 2.5000 11.5000 2.5000
      vertex 3.8000 11.5000 2.5000
      vertex 3.8000 23.0000 2.5000
    endloop
  endfacet
  facet normal 0.000000 0.000000 1.000000
    outer loop
      vertex 2.5000 11.5000 2.5000
      vertex 3.8000 23.0000 2.5000
      vertex 2.5000 23.0000 2.5000
    endloop
  endfacet
  facet normal 0.000000 0.000000 -1.000000
    outer loop
      vertex 2.5000 23.0000 0.0000
      vertex 2.5000 72.5000 0.0000
      vertex 3.8000 72.5000 0.0000
    endloop
  endfacet
  facet normal 0.000000 0.000000 -1.000000
    outer loop
      vertex 2.5000 23.0000 0.0000
      vertex 3.8000 72.5000 0.0000
      vertex 3.8000 23.0000 0.0000
    endloop
  endfacet
  facet normal 0.000000 0.000000 1.000000
    outer loop
      vertex 2.5000 23.0000 2.5000
      vertex 3.8000 23.0000 2.5000
      vertex 3.8000 72.5000 2.5000
    endloop
  endfacet
  facet normal 0.000000 0.000000 1.000000
    outer loop
      vertex 2.5000 23.0000 2.5000
      vertex 3.8000 72.5000 2.5000
      vertex 2.5000 72.5000 2.5000
    endloop
  endfacet
  facet normal 0.000000 0.000000 -1.000000
    outer loop
      vertex 2.5000 72.5000 0.0000
      vertex 2.5000 73.0000 0.0000
      vertex 3.8000 73.0000 0.0000
    endloop
  endfacet
  facet normal 0.000000 0.000000 -1.000000
    outer loop
      vertex 2.5000 72.5000 0.0000
      vertex 3.8000 73.0000 0.0000
      vertex 3.8000 72.5000 0.0000
    endloop
  endfacet
  facet normal 0.000000 -1.000000 0.000000
    outer loop
      vertex 2.5000 72.5000 2.5000
      vertex 3.8000 72.5000 2.5000
      vertex 3.8000 72.5000 5.5000
    endloop
  endfacet
  facet normal 0.000000 -1.000000 0.000000
    outer loop
      vertex 2.5000 72.5000 2.5000
      vertex 3.8000 72.5000 5.5000
      vertex 2.5000 72.5000 5.5000
    endloop
  endfacet
  facet normal 0.000000 -1.000000 0.000000
    outer loop
      vertex 2.5000 72.5000 5.5000
      vertex 3.8000 72.5000 5.5000
      vertex 3.8000 72.5000 10.0000
    endloop
  endfacet
  facet normal 0.000000 -1.000000 0.000000
    outer loop
      vertex 2.5000 72.5000 5.5000
      vertex 3.8000 72.5000 10.0000
      vertex 2.5000 72.5000 10.0000
    endloop
  endfacet
  facet normal 0.000000 0.000000 1.000000
    outer loop
      vertex 2.5000 72.5000 24.0000
      vertex 3.8000 72.5000 24.0000
      vertex 3.8000 73.0000 24.0000
    endloop
  endfacet
  facet normal 0.000000 0.000000 1.000000
    outer loop
      vertex 2.5000 72.5000 24.0000
      vertex 3.8000 73.0000 24.0000
      vertex 2.5000 73.0000 24.0000
    endloop
  endfacet
  facet normal 0.000000 -1.000000 0.000000
    outer loop
      vertex 2.5000 72.5000 10.0000
      vertex 3.8000 72.5000 10.0000
      vertex 3.8000 72.5000 24.0000
    endloop
  endfacet
  facet normal 0.000000 -1.000000 0.000000
    outer loop
      vertex 2.5000 72.5000 10.0000
      vertex 3.8000 72.5000 24.0000
      vertex 2.5000 72.5000 24.0000
    endloop
  endfacet
  facet normal 0.000000 0.000000 -1.000000
    outer loop
      vertex 2.5000 73.0000 0.0000
      vertex 2.5000 76.8000 0.0000
      vertex 3.8000 76.8000 0.0000
    endloop
  endfacet
  facet normal 0.000000 0.000000 -1.000000
    outer loop
      vertex 2.5000 73.0000 0.0000
      vertex 3.8000 76.8000 0.0000
      vertex 3.8000 73.0000 0.0000
    endloop
  endfacet
  facet normal 0.000000 0.000000 1.000000
    outer loop
      vertex 2.5000 73.0000 24.0000
      vertex 3.8000 73.0000 24.0000
      vertex 3.8000 76.8000 24.0000
    endloop
  endfacet
  facet normal 0.000000 0.000000 1.000000
    outer loop
      vertex 2.5000 73.0000 24.0000
      vertex 3.8000 76.8000 24.0000
      vertex 2.5000 76.8000 24.0000
    endloop
  endfacet
  facet normal 0.000000 0.000000 -1.000000
    outer loop
      vertex 2.5000 76.8000 0.0000
      vertex 2.5000 80.2000 0.0000
      vertex 3.8000 80.2000 0.0000
    endloop
  endfacet
  facet normal 0.000000 0.000000 -1.000000
    outer loop
      vertex 2.5000 76.8000 0.0000
      vertex 3.8000 80.2000 0.0000
      vertex 3.8000 76.8000 0.0000
    endloop
  endfacet
  facet normal 1.000000 0.000000 0.000000
    outer loop
      vertex 3.8000 76.8000 2.5000
      vertex 3.8000 80.2000 2.5000
      vertex 3.8000 80.2000 5.5000
    endloop
  endfacet
  facet normal 1.000000 0.000000 0.000000
    outer loop
      vertex 3.8000 76.8000 2.5000
      vertex 3.8000 80.2000 5.5000
      vertex 3.8000 76.8000 5.5000
    endloop
  endfacet
  facet normal 1.000000 0.000000 0.000000
    outer loop
      vertex 3.8000 76.8000 5.5000
      vertex 3.8000 80.2000 5.5000
      vertex 3.8000 80.2000 10.0000
    endloop
  endfacet
  facet normal 1.000000 0.000000 0.000000
    outer loop
      vertex 3.8000 76.8000 5.5000
      vertex 3.8000 80.2000 10.0000
      vertex 3.8000 76.8000 10.0000
    endloop
  endfacet
  facet normal 0.000000 0.000000 1.000000
    outer loop
      vertex 2.5000 76.8000 24.0000
      vertex 3.8000 76.8000 24.0000
      vertex 3.8000 80.2000 24.0000
    endloop
  endfacet
  facet normal 0.000000 0.000000 1.000000
    outer loop
      vertex 2.5000 76.8000 24.0000
      vertex 3.8000 80.2000 24.0000
      vertex 2.5000 80.2000 24.0000
    endloop
  endfacet
  facet normal 1.000000 0.000000 0.000000
    outer loop
      vertex 3.8000 76.8000 10.0000
      vertex 3.8000 80.2000 10.0000
      vertex 3.8000 80.2000 24.0000
    endloop
  endfacet
  facet normal 1.000000 0.000000 0.000000
    outer loop
      vertex 3.8000 76.8000 10.0000
      vertex 3.8000 80.2000 24.0000
      vertex 3.8000 76.8000 24.0000
    endloop
  endfacet
  facet normal 0.000000 0.000000 -1.000000
    outer loop
      vertex 2.5000 80.2000 0.0000
      vertex 2.5000 81.5000 0.0000
      vertex 3.8000 81.5000 0.0000
    endloop
  endfacet
  facet normal 0.000000 0.000000 -1.000000
    outer loop
      vertex 2.5000 80.2000 0.0000
      vertex 3.8000 81.5000 0.0000
      vertex 3.8000 80.2000 0.0000
    endloop
  endfacet
  facet normal 0.000000 0.000000 1.000000
    outer loop
      vertex 2.5000 80.2000 24.0000
      vertex 3.8000 80.2000 24.0000
      vertex 3.8000 81.5000 24.0000
    endloop
  endfacet
  facet normal 0.000000 0.000000 1.000000
    outer loop
      vertex 2.5000 80.2000 24.0000
      vertex 3.8000 81.5000 24.0000
      vertex 2.5000 81.5000 24.0000
    endloop
  endfacet
  facet normal 0.000000 0.000000 -1.000000
    outer loop
      vertex 2.5000 81.5000 0.0000
      vertex 2.5000 84.0000 0.0000
      vertex 3.8000 84.0000 0.0000
    endloop
  endfacet
  facet normal 0.000000 0.000000 -1.000000
    outer loop
      vertex 2.5000 81.5000 0.0000
      vertex 3.8000 84.0000 0.0000
      vertex 3.8000 81.5000 0.0000
    endloop
  endfacet
  facet normal 0.000000 1.000000 0.000000
    outer loop
      vertex 3.8000 84.0000 0.0000
      vertex 2.5000 84.0000 0.0000
      vertex 2.5000 84.0000 2.5000
    endloop
  endfacet
  facet normal 0.000000 1.000000 -0.000000
    outer loop
      vertex 3.8000 84.0000 0.0000
      vertex 2.5000 84.0000 2.5000
      vertex 3.8000 84.0000 2.5000
    endloop
  endfacet
  facet normal 0.000000 1.000000 0.000000
    outer loop
      vertex 3.8000 84.0000 2.5000
      vertex 2.5000 84.0000 2.5000
      vertex 2.5000 84.0000 5.5000
    endloop
  endfacet
  facet normal 0.000000 1.000000 -0.000000
    outer loop
      vertex 3.8000 84.0000 2.5000
      vertex 2.5000 84.0000 5.5000
      vertex 3.8000 84.0000 5.5000
    endloop
  endfacet
  facet normal 0.000000 1.000000 0.000000
    outer loop
      vertex 3.8000 84.0000 5.5000
      vertex 2.5000 84.0000 5.5000
      vertex 2.5000 84.0000 10.0000
    endloop
  endfacet
  facet normal 0.000000 1.000000 -0.000000
    outer loop
      vertex 3.8000 84.0000 5.5000
      vertex 2.5000 84.0000 10.0000
      vertex 3.8000 84.0000 10.0000
    endloop
  endfacet
  facet normal 0.000000 0.000000 1.000000
    outer loop
      vertex 2.5000 81.5000 24.0000
      vertex 3.8000 81.5000 24.0000
      vertex 3.8000 84.0000 24.0000
    endloop
  endfacet
  facet normal 0.000000 0.000000 1.000000
    outer loop
      vertex 2.5000 81.5000 24.0000
      vertex 3.8000 84.0000 24.0000
      vertex 2.5000 84.0000 24.0000
    endloop
  endfacet
  facet normal 0.000000 1.000000 0.000000
    outer loop
      vertex 3.8000 84.0000 10.0000
      vertex 2.5000 84.0000 10.0000
      vertex 2.5000 84.0000 24.0000
    endloop
  endfacet
  facet normal 0.000000 1.000000 -0.000000
    outer loop
      vertex 3.8000 84.0000 10.0000
      vertex 2.5000 84.0000 24.0000
      vertex 3.8000 84.0000 24.0000
    endloop
  endfacet
  facet normal 0.000000 0.000000 -1.000000
    outer loop
      vertex 3.8000 0.0000 0.0000
      vertex 3.8000 2.5000 0.0000
      vertex 7.2000 2.5000 0.0000
    endloop
  endfacet
  facet normal 0.000000 0.000000 -1.000000
    outer loop
      vertex 3.8000 0.0000 0.0000
      vertex 7.2000 2.5000 0.0000
      vertex 7.2000 0.0000 0.0000
    endloop
  endfacet
  facet normal 0.000000 -1.000000 0.000000
    outer loop
      vertex 3.8000 0.0000 0.0000
      vertex 7.2000 0.0000 0.0000
      vertex 7.2000 0.0000 2.5000
    endloop
  endfacet
  facet normal 0.000000 -1.000000 0.000000
    outer loop
      vertex 3.8000 0.0000 0.0000
      vertex 7.2000 0.0000 2.5000
      vertex 3.8000 0.0000 2.5000
    endloop
  endfacet
  facet normal 0.000000 -1.000000 0.000000
    outer loop
      vertex 3.8000 0.0000 2.5000
      vertex 7.2000 0.0000 2.5000
      vertex 7.2000 0.0000 5.5000
    endloop
  endfacet
  facet normal 0.000000 -1.000000 0.000000
    outer loop
      vertex 3.8000 0.0000 2.5000
      vertex 7.2000 0.0000 5.5000
      vertex 3.8000 0.0000 5.5000
    endloop
  endfacet
  facet normal 0.000000 -1.000000 0.000000
    outer loop
      vertex 3.8000 0.0000 5.5000
      vertex 7.2000 0.0000 5.5000
      vertex 7.2000 0.0000 10.0000
    endloop
  endfacet
  facet normal 0.000000 -1.000000 0.000000
    outer loop
      vertex 3.8000 0.0000 5.5000
      vertex 7.2000 0.0000 10.0000
      vertex 3.8000 0.0000 10.0000
    endloop
  endfacet
  facet normal 0.000000 0.000000 1.000000
    outer loop
      vertex 3.8000 0.0000 24.0000
      vertex 7.2000 0.0000 24.0000
      vertex 7.2000 2.5000 24.0000
    endloop
  endfacet
  facet normal 0.000000 0.000000 1.000000
    outer loop
      vertex 3.8000 0.0000 24.0000
      vertex 7.2000 2.5000 24.0000
      vertex 3.8000 2.5000 24.0000
    endloop
  endfacet
  facet normal 0.000000 -1.000000 0.000000
    outer loop
      vertex 3.8000 0.0000 10.0000
      vertex 7.2000 0.0000 10.0000
      vertex 7.2000 0.0000 24.0000
    endloop
  endfacet
  facet normal 0.000000 -1.000000 0.000000
    outer loop
      vertex 3.8000 0.0000 10.0000
      vertex 7.2000 0.0000 24.0000
      vertex 3.8000 0.0000 24.0000
    endloop
  endfacet
  facet normal 0.000000 0.000000 -1.000000
    outer loop
      vertex 3.8000 2.5000 0.0000
      vertex 3.8000 3.8000 0.0000
      vertex 7.2000 3.8000 0.0000
    endloop
  endfacet
  facet normal 0.000000 0.000000 -1.000000
    outer loop
      vertex 3.8000 2.5000 0.0000
      vertex 7.2000 3.8000 0.0000
      vertex 7.2000 2.5000 0.0000
    endloop
  endfacet
  facet normal 0.000000 1.000000 0.000000
    outer loop
      vertex 7.2000 3.8000 2.5000
      vertex 3.8000 3.8000 2.5000
      vertex 3.8000 3.8000 5.5000
    endloop
  endfacet
  facet normal 0.000000 1.000000 -0.000000
    outer loop
      vertex 7.2000 3.8000 2.5000
      vertex 3.8000 3.8000 5.5000
      vertex 7.2000 3.8000 5.5000
    endloop
  endfacet
  facet normal 0.000000 1.000000 0.000000
    outer loop
      vertex 7.2000 3.8000 5.5000
      vertex 3.8000 3.8000 5.5000
      vertex 3.8000 3.8000 10.0000
    endloop
  endfacet
  facet normal 0.000000 1.000000 -0.000000
    outer loop
      vertex 7.2000 3.8000 5.5000
      vertex 3.8000 3.8000 10.0000
      vertex 7.2000 3.8000 10.0000
    endloop
  endfacet
  facet normal 0.000000 0.000000 1.000000
    outer loop
      vertex 3.8000 2.5000 24.0000
      vertex 7.2000 2.5000 24.0000
      vertex 7.2000 3.8000 24.0000
    endloop
  endfacet
  facet normal 0.000000 0.000000 1.000000
    outer loop
      vertex 3.8000 2.5000 24.0000
      vertex 7.2000 3.8000 24.0000
      vertex 3.8000 3.8000 24.0000
    endloop
  endfacet
  facet normal 0.000000 1.000000 0.000000
    outer loop
      vertex 7.2000 3.8000 10.0000
      vertex 3.8000 3.8000 10.0000
      vertex 3.8000 3.8000 24.0000
    endloop
  endfacet
  facet normal 0.000000 1.000000 -0.000000
    outer loop
      vertex 7.2000 3.8000 10.0000
      vertex 3.8000 3.8000 24.0000
      vertex 7.2000 3.8000 24.0000
    endloop
  endfacet
  facet normal 0.000000 0.000000 -1.000000
    outer loop
      vertex 3.8000 3.8000 0.0000
      vertex 3.8000 7.2000 0.0000
      vertex 7.2000 7.2000 0.0000
    endloop
  endfacet
  facet normal 0.000000 0.000000 -1.000000
    outer loop
      vertex 3.8000 3.8000 0.0000
      vertex 7.2000 7.2000 0.0000
      vertex 7.2000 3.8000 0.0000
    endloop
  endfacet
  facet normal 0.000000 0.000000 1.000000
    outer loop
      vertex 3.8000 3.8000 2.5000
      vertex 7.2000 3.8000 2.5000
      vertex 7.2000 7.2000 2.5000
    endloop
  endfacet
  facet normal 0.000000 0.000000 1.000000
    outer loop
      vertex 3.8000 3.8000 2.5000
      vertex 7.2000 7.2000 2.5000
      vertex 3.8000 7.2000 2.5000
    endloop
  endfacet
  facet normal 0.000000 0.000000 -1.000000
    outer loop
      vertex 3.8000 7.2000 0.0000
      vertex 3.8000 11.5000 0.0000
      vertex 7.2000 11.5000 0.0000
    endloop
  endfacet
  facet normal 0.000000 0.000000 -1.000000
    outer loop
      vertex 3.8000 7.2000 0.0000
      vertex 7.2000 11.5000 0.0000
      vertex 7.2000 7.2000 0.0000
    endloop
  endfacet
  facet normal 0.000000 -1.000000 0.000000
    outer loop
      vertex 3.8000 7.2000 2.5000
      vertex 7.2000 7.2000 2.5000
      vertex 7.2000 7.2000 5.5000
    endloop
  endfacet
  facet normal 0.000000 -1.000000 0.000000
    outer loop
      vertex 3.8000 7.2000 2.5000
      vertex 7.2000 7.2000 5.5000
      vertex 3.8000 7.2000 5.5000
    endloop
  endfacet
  facet normal 0.000000 1.000000 0.000000
    outer loop
      vertex 7.2000 11.5000 2.5000
      vertex 3.8000 11.5000 2.5000
      vertex 3.8000 11.5000 5.5000
    endloop
  endfacet
  facet normal 0.000000 1.000000 -0.000000
    outer loop
      vertex 7.2000 11.5000 2.5000
      vertex 3.8000 11.5000 5.5000
      vertex 7.2000 11.5000 5.5000
    endloop
  endfacet
  facet normal 0.000000 -1.000000 0.000000
    outer loop
      vertex 3.8000 7.2000 5.5000
      vertex 7.2000 7.2000 5.5000
      vertex 7.2000 7.2000 10.0000
    endloop
  endfacet
  facet normal 0.000000 -1.000000 0.000000
    outer loop
      vertex 3.8000 7.2000 5.5000
      vertex 7.2000 7.2000 10.0000
      vertex 3.8000 7.2000 10.0000
    endloop
  endfacet
  facet normal 0.000000 1.000000 0.000000
    outer loop
      vertex 7.2000 11.5000 5.5000
      vertex 3.8000 11.5000 5.5000
      vertex 3.8000 11.5000 10.0000
    endloop
  endfacet
  facet normal 0.000000 1.000000 -0.000000
    outer loop
      vertex 7.2000 11.5000 5.5000
      vertex 3.8000 11.5000 10.0000
      vertex 7.2000 11.5000 10.0000
    endloop
  endfacet
  facet normal 0.000000 0.000000 1.000000
    outer loop
      vertex 3.8000 7.2000 24.0000
      vertex 7.2000 7.2000 24.0000
      vertex 7.2000 11.5000 24.0000
    endloop
  endfacet
  facet normal 0.000000 0.000000 1.000000
    outer loop
      vertex 3.8000 7.2000 24.0000
      vertex 7.2000 11.5000 24.0000
      vertex 3.8000 11.5000 24.0000
    endloop
  endfacet
  facet normal 0.000000 -1.000000 0.000000
    outer loop
      vertex 3.8000 7.2000 10.0000
      vertex 7.2000 7.2000 10.0000
      vertex 7.2000 7.2000 24.0000
    endloop
  endfacet
  facet normal 0.000000 -1.000000 0.000000
    outer loop
      vertex 3.8000 7.2000 10.0000
      vertex 7.2000 7.2000 24.0000
      vertex 3.8000 7.2000 24.0000
    endloop
  endfacet
  facet normal 0.000000 1.000000 0.000000
    outer loop
      vertex 7.2000 11.5000 10.0000
      vertex 3.8000 11.5000 10.0000
      vertex 3.8000 11.5000 24.0000
    endloop
  endfacet
  facet normal 0.000000 1.000000 -0.000000
    outer loop
      vertex 7.2000 11.5000 10.0000
      vertex 3.8000 11.5000 24.0000
      vertex 7.2000 11.5000 24.0000
    endloop
  endfacet
  facet normal 0.000000 0.000000 -1.000000
    outer loop
      vertex 3.8000 11.5000 0.0000
      vertex 3.8000 23.0000 0.0000
      vertex 7.2000 23.0000 0.0000
    endloop
  endfacet
  facet normal 0.000000 0.000000 -1.000000
    outer loop
      vertex 3.8000 11.5000 0.0000
      vertex 7.2000 23.0000 0.0000
      vertex 7.2000 11.5000 0.0000
    endloop
  endfacet
  facet normal 0.000000 0.000000 1.000000
    outer loop
      vertex 3.8000 11.5000 2.5000
      vertex 7.2000 11.5000 2.5000
      vertex 7.2000 23.0000 2.5000
    endloop
  endfacet
  facet normal 0.000000 0.000000 1.000000
    outer loop
      vertex 3.8000 11.5000 2.5000
      vertex 7.2000 23.0000 2.5000
      vertex 3.8000 23.0000 2.5000
    endloop
  endfacet
  facet normal 0.000000 0.000000 -1.000000
    outer loop
      vertex 3.8000 23.0000 0.0000
      vertex 3.8000 72.5000 0.0000
      vertex 7.2000 72.5000 0.0000
    endloop
  endfacet
  facet normal 0.000000 0.000000 -1.000000
    outer loop
      vertex 3.8000 23.0000 0.0000
      vertex 7.2000 72.5000 0.0000
      vertex 7.2000 23.0000 0.0000
    endloop
  endfacet
  facet normal 0.000000 0.000000 1.000000
    outer loop
      vertex 3.8000 23.0000 2.5000
      vertex 7.2000 23.0000 2.5000
      vertex 7.2000 72.5000 2.5000
    endloop
  endfacet
  facet normal 0.000000 0.000000 1.000000
    outer loop
      vertex 3.8000 23.0000 2.5000
      vertex 7.2000 72.5000 2.5000
      vertex 3.8000 72.5000 2.5000
    endloop
  endfacet
  facet normal 0.000000 0.000000 -1.000000
    outer loop
      vertex 3.8000 72.5000 0.0000
      vertex 3.8000 73.0000 0.0000
      vertex 7.2000 73.0000 0.0000
    endloop
  endfacet
  facet normal 0.000000 0.000000 -1.000000
    outer loop
      vertex 3.8000 72.5000 0.0000
      vertex 7.2000 73.0000 0.0000
      vertex 7.2000 72.5000 0.0000
    endloop
  endfacet
  facet normal 0.000000 -1.000000 0.000000
    outer loop
      vertex 3.8000 72.5000 2.5000
      vertex 7.2000 72.5000 2.5000
      vertex 7.2000 72.5000 5.5000
    endloop
  endfacet
  facet normal 0.000000 -1.000000 0.000000
    outer loop
      vertex 3.8000 72.5000 2.5000
      vertex 7.2000 72.5000 5.5000
      vertex 3.8000 72.5000 5.5000
    endloop
  endfacet
  facet normal 0.000000 -1.000000 0.000000
    outer loop
      vertex 3.8000 72.5000 5.5000
      vertex 7.2000 72.5000 5.5000
      vertex 7.2000 72.5000 10.0000
    endloop
  endfacet
  facet normal 0.000000 -1.000000 0.000000
    outer loop
      vertex 3.8000 72.5000 5.5000
      vertex 7.2000 72.5000 10.0000
      vertex 3.8000 72.5000 10.0000
    endloop
  endfacet
  facet normal 0.000000 0.000000 1.000000
    outer loop
      vertex 3.8000 72.5000 24.0000
      vertex 7.2000 72.5000 24.0000
      vertex 7.2000 73.0000 24.0000
    endloop
  endfacet
  facet normal 0.000000 0.000000 1.000000
    outer loop
      vertex 3.8000 72.5000 24.0000
      vertex 7.2000 73.0000 24.0000
      vertex 3.8000 73.0000 24.0000
    endloop
  endfacet
  facet normal 0.000000 -1.000000 0.000000
    outer loop
      vertex 3.8000 72.5000 10.0000
      vertex 7.2000 72.5000 10.0000
      vertex 7.2000 72.5000 24.0000
    endloop
  endfacet
  facet normal 0.000000 -1.000000 0.000000
    outer loop
      vertex 3.8000 72.5000 10.0000
      vertex 7.2000 72.5000 24.0000
      vertex 3.8000 72.5000 24.0000
    endloop
  endfacet
  facet normal 0.000000 0.000000 -1.000000
    outer loop
      vertex 3.8000 73.0000 0.0000
      vertex 3.8000 76.8000 0.0000
      vertex 7.2000 76.8000 0.0000
    endloop
  endfacet
  facet normal 0.000000 0.000000 -1.000000
    outer loop
      vertex 3.8000 73.0000 0.0000
      vertex 7.2000 76.8000 0.0000
      vertex 7.2000 73.0000 0.0000
    endloop
  endfacet
  facet normal 0.000000 1.000000 0.000000
    outer loop
      vertex 7.2000 76.8000 2.5000
      vertex 3.8000 76.8000 2.5000
      vertex 3.8000 76.8000 5.5000
    endloop
  endfacet
  facet normal 0.000000 1.000000 -0.000000
    outer loop
      vertex 7.2000 76.8000 2.5000
      vertex 3.8000 76.8000 5.5000
      vertex 7.2000 76.8000 5.5000
    endloop
  endfacet
  facet normal 0.000000 1.000000 0.000000
    outer loop
      vertex 7.2000 76.8000 5.5000
      vertex 3.8000 76.8000 5.5000
      vertex 3.8000 76.8000 10.0000
    endloop
  endfacet
  facet normal 0.000000 1.000000 -0.000000
    outer loop
      vertex 7.2000 76.8000 5.5000
      vertex 3.8000 76.8000 10.0000
      vertex 7.2000 76.8000 10.0000
    endloop
  endfacet
  facet normal 0.000000 0.000000 1.000000
    outer loop
      vertex 3.8000 73.0000 24.0000
      vertex 7.2000 73.0000 24.0000
      vertex 7.2000 76.8000 24.0000
    endloop
  endfacet
  facet normal 0.000000 0.000000 1.000000
    outer loop
      vertex 3.8000 73.0000 24.0000
      vertex 7.2000 76.8000 24.0000
      vertex 3.8000 76.8000 24.0000
    endloop
  endfacet
  facet normal 0.000000 1.000000 0.000000
    outer loop
      vertex 7.2000 76.8000 10.0000
      vertex 3.8000 76.8000 10.0000
      vertex 3.8000 76.8000 24.0000
    endloop
  endfacet
  facet normal 0.000000 1.000000 -0.000000
    outer loop
      vertex 7.2000 76.8000 10.0000
      vertex 3.8000 76.8000 24.0000
      vertex 7.2000 76.8000 24.0000
    endloop
  endfacet
  facet normal 0.000000 0.000000 -1.000000
    outer loop
      vertex 3.8000 76.8000 0.0000
      vertex 3.8000 80.2000 0.0000
      vertex 7.2000 80.2000 0.0000
    endloop
  endfacet
  facet normal 0.000000 0.000000 -1.000000
    outer loop
      vertex 3.8000 76.8000 0.0000
      vertex 7.2000 80.2000 0.0000
      vertex 7.2000 76.8000 0.0000
    endloop
  endfacet
  facet normal 0.000000 0.000000 1.000000
    outer loop
      vertex 3.8000 76.8000 2.5000
      vertex 7.2000 76.8000 2.5000
      vertex 7.2000 80.2000 2.5000
    endloop
  endfacet
  facet normal 0.000000 0.000000 1.000000
    outer loop
      vertex 3.8000 76.8000 2.5000
      vertex 7.2000 80.2000 2.5000
      vertex 3.8000 80.2000 2.5000
    endloop
  endfacet
  facet normal 0.000000 0.000000 -1.000000
    outer loop
      vertex 3.8000 80.2000 0.0000
      vertex 3.8000 81.5000 0.0000
      vertex 7.2000 81.5000 0.0000
    endloop
  endfacet
  facet normal 0.000000 0.000000 -1.000000
    outer loop
      vertex 3.8000 80.2000 0.0000
      vertex 7.2000 81.5000 0.0000
      vertex 7.2000 80.2000 0.0000
    endloop
  endfacet
  facet normal 0.000000 -1.000000 0.000000
    outer loop
      vertex 3.8000 80.2000 2.5000
      vertex 7.2000 80.2000 2.5000
      vertex 7.2000 80.2000 5.5000
    endloop
  endfacet
  facet normal 0.000000 -1.000000 0.000000
    outer loop
      vertex 3.8000 80.2000 2.5000
      vertex 7.2000 80.2000 5.5000
      vertex 3.8000 80.2000 5.5000
    endloop
  endfacet
  facet normal 0.000000 -1.000000 0.000000
    outer loop
      vertex 3.8000 80.2000 5.5000
      vertex 7.2000 80.2000 5.5000
      vertex 7.2000 80.2000 10.0000
    endloop
  endfacet
  facet normal 0.000000 -1.000000 0.000000
    outer loop
      vertex 3.8000 80.2000 5.5000
      vertex 7.2000 80.2000 10.0000
      vertex 3.8000 80.2000 10.0000
    endloop
  endfacet
  facet normal 0.000000 0.000000 1.000000
    outer loop
      vertex 3.8000 80.2000 24.0000
      vertex 7.2000 80.2000 24.0000
      vertex 7.2000 81.5000 24.0000
    endloop
  endfacet
  facet normal 0.000000 0.000000 1.000000
    outer loop
      vertex 3.8000 80.2000 24.0000
      vertex 7.2000 81.5000 24.0000
      vertex 3.8000 81.5000 24.0000
    endloop
  endfacet
  facet normal 0.000000 -1.000000 0.000000
    outer loop
      vertex 3.8000 80.2000 10.0000
      vertex 7.2000 80.2000 10.0000
      vertex 7.2000 80.2000 24.0000
    endloop
  endfacet
  facet normal 0.000000 -1.000000 0.000000
    outer loop
      vertex 3.8000 80.2000 10.0000
      vertex 7.2000 80.2000 24.0000
      vertex 3.8000 80.2000 24.0000
    endloop
  endfacet
  facet normal 0.000000 0.000000 -1.000000
    outer loop
      vertex 3.8000 81.5000 0.0000
      vertex 3.8000 84.0000 0.0000
      vertex 7.2000 84.0000 0.0000
    endloop
  endfacet
  facet normal 0.000000 0.000000 -1.000000
    outer loop
      vertex 3.8000 81.5000 0.0000
      vertex 7.2000 84.0000 0.0000
      vertex 7.2000 81.5000 0.0000
    endloop
  endfacet
  facet normal 0.000000 1.000000 0.000000
    outer loop
      vertex 7.2000 84.0000 0.0000
      vertex 3.8000 84.0000 0.0000
      vertex 3.8000 84.0000 2.5000
    endloop
  endfacet
  facet normal 0.000000 1.000000 -0.000000
    outer loop
      vertex 7.2000 84.0000 0.0000
      vertex 3.8000 84.0000 2.5000
      vertex 7.2000 84.0000 2.5000
    endloop
  endfacet
  facet normal 0.000000 1.000000 0.000000
    outer loop
      vertex 7.2000 84.0000 2.5000
      vertex 3.8000 84.0000 2.5000
      vertex 3.8000 84.0000 5.5000
    endloop
  endfacet
  facet normal 0.000000 1.000000 -0.000000
    outer loop
      vertex 7.2000 84.0000 2.5000
      vertex 3.8000 84.0000 5.5000
      vertex 7.2000 84.0000 5.5000
    endloop
  endfacet
  facet normal 0.000000 1.000000 0.000000
    outer loop
      vertex 7.2000 84.0000 5.5000
      vertex 3.8000 84.0000 5.5000
      vertex 3.8000 84.0000 10.0000
    endloop
  endfacet
  facet normal 0.000000 1.000000 -0.000000
    outer loop
      vertex 7.2000 84.0000 5.5000
      vertex 3.8000 84.0000 10.0000
      vertex 7.2000 84.0000 10.0000
    endloop
  endfacet
  facet normal 0.000000 0.000000 1.000000
    outer loop
      vertex 3.8000 81.5000 24.0000
      vertex 7.2000 81.5000 24.0000
      vertex 7.2000 84.0000 24.0000
    endloop
  endfacet
  facet normal 0.000000 0.000000 1.000000
    outer loop
      vertex 3.8000 81.5000 24.0000
      vertex 7.2000 84.0000 24.0000
      vertex 3.8000 84.0000 24.0000
    endloop
  endfacet
  facet normal 0.000000 1.000000 0.000000
    outer loop
      vertex 7.2000 84.0000 10.0000
      vertex 3.8000 84.0000 10.0000
      vertex 3.8000 84.0000 24.0000
    endloop
  endfacet
  facet normal 0.000000 1.000000 -0.000000
    outer loop
      vertex 7.2000 84.0000 10.0000
      vertex 3.8000 84.0000 24.0000
      vertex 7.2000 84.0000 24.0000
    endloop
  endfacet
  facet normal 0.000000 0.000000 -1.000000
    outer loop
      vertex 7.2000 0.0000 0.0000
      vertex 7.2000 2.5000 0.0000
      vertex 11.5000 2.5000 0.0000
    endloop
  endfacet
  facet normal 0.000000 0.000000 -1.000000
    outer loop
      vertex 7.2000 0.0000 0.0000
      vertex 11.5000 2.5000 0.0000
      vertex 11.5000 0.0000 0.0000
    endloop
  endfacet
  facet normal 0.000000 -1.000000 0.000000
    outer loop
      vertex 7.2000 0.0000 0.0000
      vertex 11.5000 0.0000 0.0000
      vertex 11.5000 0.0000 2.5000
    endloop
  endfacet
  facet normal 0.000000 -1.000000 0.000000
    outer loop
      vertex 7.2000 0.0000 0.0000
      vertex 11.5000 0.0000 2.5000
      vertex 7.2000 0.0000 2.5000
    endloop
  endfacet
  facet normal 0.000000 -1.000000 0.000000
    outer loop
      vertex 7.2000 0.0000 2.5000
      vertex 11.5000 0.0000 2.5000
      vertex 11.5000 0.0000 5.5000
    endloop
  endfacet
  facet normal 0.000000 -1.000000 0.000000
    outer loop
      vertex 7.2000 0.0000 2.5000
      vertex 11.5000 0.0000 5.5000
      vertex 7.2000 0.0000 5.5000
    endloop
  endfacet
  facet normal 0.000000 -1.000000 0.000000
    outer loop
      vertex 7.2000 0.0000 5.5000
      vertex 11.5000 0.0000 5.5000
      vertex 11.5000 0.0000 10.0000
    endloop
  endfacet
  facet normal 0.000000 -1.000000 0.000000
    outer loop
      vertex 7.2000 0.0000 5.5000
      vertex 11.5000 0.0000 10.0000
      vertex 7.2000 0.0000 10.0000
    endloop
  endfacet
  facet normal 0.000000 0.000000 1.000000
    outer loop
      vertex 7.2000 0.0000 24.0000
      vertex 11.5000 0.0000 24.0000
      vertex 11.5000 2.5000 24.0000
    endloop
  endfacet
  facet normal 0.000000 0.000000 1.000000
    outer loop
      vertex 7.2000 0.0000 24.0000
      vertex 11.5000 2.5000 24.0000
      vertex 7.2000 2.5000 24.0000
    endloop
  endfacet
  facet normal 0.000000 -1.000000 0.000000
    outer loop
      vertex 7.2000 0.0000 10.0000
      vertex 11.5000 0.0000 10.0000
      vertex 11.5000 0.0000 24.0000
    endloop
  endfacet
  facet normal 0.000000 -1.000000 0.000000
    outer loop
      vertex 7.2000 0.0000 10.0000
      vertex 11.5000 0.0000 24.0000
      vertex 7.2000 0.0000 24.0000
    endloop
  endfacet
  facet normal 0.000000 0.000000 -1.000000
    outer loop
      vertex 7.2000 2.5000 0.0000
      vertex 7.2000 3.8000 0.0000
      vertex 11.5000 3.8000 0.0000
    endloop
  endfacet
  facet normal 0.000000 0.000000 -1.000000
    outer loop
      vertex 7.2000 2.5000 0.0000
      vertex 11.5000 3.8000 0.0000
      vertex 11.5000 2.5000 0.0000
    endloop
  endfacet
  facet normal 1.000000 0.000000 0.000000
    outer loop
      vertex 11.5000 2.5000 2.5000
      vertex 11.5000 3.8000 2.5000
      vertex 11.5000 3.8000 5.5000
    endloop
  endfacet
  facet normal 1.000000 0.000000 0.000000
    outer loop
      vertex 11.5000 2.5000 2.5000
      vertex 11.5000 3.8000 5.5000
      vertex 11.5000 2.5000 5.5000
    endloop
  endfacet
  facet normal 1.000000 0.000000 0.000000
    outer loop
      vertex 11.5000 2.5000 5.5000
      vertex 11.5000 3.8000 5.5000
      vertex 11.5000 3.8000 10.0000
    endloop
  endfacet
  facet normal 1.000000 0.000000 0.000000
    outer loop
      vertex 11.5000 2.5000 5.5000
      vertex 11.5000 3.8000 10.0000
      vertex 11.5000 2.5000 10.0000
    endloop
  endfacet
  facet normal 0.000000 0.000000 1.000000
    outer loop
      vertex 7.2000 2.5000 24.0000
      vertex 11.5000 2.5000 24.0000
      vertex 11.5000 3.8000 24.0000
    endloop
  endfacet
  facet normal 0.000000 0.000000 1.000000
    outer loop
      vertex 7.2000 2.5000 24.0000
      vertex 11.5000 3.8000 24.0000
      vertex 7.2000 3.8000 24.0000
    endloop
  endfacet
  facet normal 1.000000 0.000000 0.000000
    outer loop
      vertex 11.5000 2.5000 10.0000
      vertex 11.5000 3.8000 10.0000
      vertex 11.5000 3.8000 24.0000
    endloop
  endfacet
  facet normal 1.000000 0.000000 0.000000
    outer loop
      vertex 11.5000 2.5000 10.0000
      vertex 11.5000 3.8000 24.0000
      vertex 11.5000 2.5000 24.0000
    endloop
  endfacet
  facet normal 0.000000 0.000000 -1.000000
    outer loop
      vertex 7.2000 3.8000 0.0000
      vertex 7.2000 7.2000 0.0000
      vertex 11.5000 7.2000 0.0000
    endloop
  endfacet
  facet normal 0.000000 0.000000 -1.000000
    outer loop
      vertex 7.2000 3.8000 0.0000
      vertex 11.5000 7.2000 0.0000
      vertex 11.5000 3.8000 0.0000
    endloop
  endfacet
  facet normal -1.000000 0.000000 0.000000
    outer loop
      vertex 7.2000 7.2000 2.5000
      vertex 7.2000 3.8000 2.5000
      vertex 7.2000 3.8000 5.5000
    endloop
  endfacet
  facet normal -1.000000 0.000000 0.000000
    outer loop
      vertex 7.2000 7.2000 2.5000
      vertex 7.2000 3.8000 5.5000
      vertex 7.2000 7.2000 5.5000
    endloop
  endfacet
  facet normal 1.000000 0.000000 0.000000
    outer loop
      vertex 11.5000 3.8000 2.5000
      vertex 11.5000 7.2000 2.5000
      vertex 11.5000 7.2000 5.5000
    endloop
  endfacet
  facet normal 1.000000 0.000000 0.000000
    outer loop
      vertex 11.5000 3.8000 2.5000
      vertex 11.5000 7.2000 5.5000
      vertex 11.5000 3.8000 5.5000
    endloop
  endfacet
  facet normal -1.000000 0.000000 0.000000
    outer loop
      vertex 7.2000 7.2000 5.5000
      vertex 7.2000 3.8000 5.5000
      vertex 7.2000 3.8000 10.0000
    endloop
  endfacet
  facet normal -1.000000 0.000000 0.000000
    outer loop
      vertex 7.2000 7.2000 5.5000
      vertex 7.2000 3.8000 10.0000
      vertex 7.2000 7.2000 10.0000
    endloop
  endfacet
  facet normal 1.000000 0.000000 0.000000
    outer loop
      vertex 11.5000 3.8000 5.5000
      vertex 11.5000 7.2000 5.5000
      vertex 11.5000 7.2000 10.0000
    endloop
  endfacet
  facet normal 1.000000 0.000000 0.000000
    outer loop
      vertex 11.5000 3.8000 5.5000
      vertex 11.5000 7.2000 10.0000
      vertex 11.5000 3.8000 10.0000
    endloop
  endfacet
  facet normal 0.000000 0.000000 1.000000
    outer loop
      vertex 7.2000 3.8000 24.0000
      vertex 11.5000 3.8000 24.0000
      vertex 11.5000 7.2000 24.0000
    endloop
  endfacet
  facet normal 0.000000 0.000000 1.000000
    outer loop
      vertex 7.2000 3.8000 24.0000
      vertex 11.5000 7.2000 24.0000
      vertex 7.2000 7.2000 24.0000
    endloop
  endfacet
  facet normal -1.000000 0.000000 0.000000
    outer loop
      vertex 7.2000 7.2000 10.0000
      vertex 7.2000 3.8000 10.0000
      vertex 7.2000 3.8000 24.0000
    endloop
  endfacet
  facet normal -1.000000 0.000000 0.000000
    outer loop
      vertex 7.2000 7.2000 10.0000
      vertex 7.2000 3.8000 24.0000
      vertex 7.2000 7.2000 24.0000
    endloop
  endfacet
  facet normal 1.000000 0.000000 0.000000
    outer loop
      vertex 11.5000 3.8000 10.0000
      vertex 11.5000 7.2000 10.0000
      vertex 11.5000 7.2000 24.0000
    endloop
  endfacet
  facet normal 1.000000 0.000000 0.000000
    outer loop
      vertex 11.5000 3.8000 10.0000
      vertex 11.5000 7.2000 24.0000
      vertex 11.5000 3.8000 24.0000
    endloop
  endfacet
  facet normal 0.000000 0.000000 -1.000000
    outer loop
      vertex 7.2000 7.2000 0.0000
      vertex 7.2000 11.5000 0.0000
      vertex 11.5000 11.5000 0.0000
    endloop
  endfacet
  facet normal 0.000000 0.000000 -1.000000
    outer loop
      vertex 7.2000 7.2000 0.0000
      vertex 11.5000 11.5000 0.0000
      vertex 11.5000 7.2000 0.0000
    endloop
  endfacet
  facet normal 0.000000 1.000000 0.000000
    outer loop
      vertex 11.5000 11.5000 2.5000
      vertex 7.2000 11.5000 2.5000
      vertex 7.2000 11.5000 5.5000
    endloop
  endfacet
  facet normal 0.000000 1.000000 -0.000000
    outer loop
      vertex 11.5000 11.5000 2.5000
      vertex 7.2000 11.5000 5.5000
      vertex 11.5000 11.5000 5.5000
    endloop
  endfacet
  facet normal 1.000000 0.000000 0.000000
    outer loop
      vertex 11.5000 7.2000 2.5000
      vertex 11.5000 11.5000 2.5000
      vertex 11.5000 11.5000 5.5000
    endloop
  endfacet
  facet normal 1.000000 0.000000 0.000000
    outer loop
      vertex 11.5000 7.2000 2.5000
      vertex 11.5000 11.5000 5.5000
      vertex 11.5000 7.2000 5.5000
    endloop
  endfacet
  facet normal 0.000000 1.000000 0.000000
    outer loop
      vertex 11.5000 11.5000 5.5000
      vertex 7.2000 11.5000 5.5000
      vertex 7.2000 11.5000 10.0000
    endloop
  endfacet
  facet normal 0.000000 1.000000 -0.000000
    outer loop
      vertex 11.5000 11.5000 5.5000
      vertex 7.2000 11.5000 10.0000
      vertex 11.5000 11.5000 10.0000
    endloop
  endfacet
  facet normal 1.000000 0.000000 0.000000
    outer loop
      vertex 11.5000 7.2000 5.5000
      vertex 11.5000 11.5000 5.5000
      vertex 11.5000 11.5000 10.0000
    endloop
  endfacet
  facet normal 1.000000 0.000000 0.000000
    outer loop
      vertex 11.5000 7.2000 5.5000
      vertex 11.5000 11.5000 10.0000
      vertex 11.5000 7.2000 10.0000
    endloop
  endfacet
  facet normal 0.000000 0.000000 1.000000
    outer loop
      vertex 7.2000 7.2000 24.0000
      vertex 11.5000 7.2000 24.0000
      vertex 11.5000 11.5000 24.0000
    endloop
  endfacet
  facet normal 0.000000 0.000000 1.000000
    outer loop
      vertex 7.2000 7.2000 24.0000
      vertex 11.5000 11.5000 24.0000
      vertex 7.2000 11.5000 24.0000
    endloop
  endfacet
  facet normal 0.000000 1.000000 0.000000
    outer loop
      vertex 11.5000 11.5000 10.0000
      vertex 7.2000 11.5000 10.0000
      vertex 7.2000 11.5000 24.0000
    endloop
  endfacet
  facet normal 0.000000 1.000000 -0.000000
    outer loop
      vertex 11.5000 11.5000 10.0000
      vertex 7.2000 11.5000 24.0000
      vertex 11.5000 11.5000 24.0000
    endloop
  endfacet
  facet normal 1.000000 0.000000 0.000000
    outer loop
      vertex 11.5000 7.2000 10.0000
      vertex 11.5000 11.5000 10.0000
      vertex 11.5000 11.5000 24.0000
    endloop
  endfacet
  facet normal 1.000000 0.000000 0.000000
    outer loop
      vertex 11.5000 7.2000 10.0000
      vertex 11.5000 11.5000 24.0000
      vertex 11.5000 7.2000 24.0000
    endloop
  endfacet
  facet normal 0.000000 0.000000 -1.000000
    outer loop
      vertex 7.2000 11.5000 0.0000
      vertex 7.2000 23.0000 0.0000
      vertex 11.5000 23.0000 0.0000
    endloop
  endfacet
  facet normal 0.000000 0.000000 -1.000000
    outer loop
      vertex 7.2000 11.5000 0.0000
      vertex 11.5000 23.0000 0.0000
      vertex 11.5000 11.5000 0.0000
    endloop
  endfacet
  facet normal 0.000000 0.000000 1.000000
    outer loop
      vertex 7.2000 11.5000 2.5000
      vertex 11.5000 11.5000 2.5000
      vertex 11.5000 23.0000 2.5000
    endloop
  endfacet
  facet normal 0.000000 0.000000 1.000000
    outer loop
      vertex 7.2000 11.5000 2.5000
      vertex 11.5000 23.0000 2.5000
      vertex 7.2000 23.0000 2.5000
    endloop
  endfacet
  facet normal 0.000000 0.000000 -1.000000
    outer loop
      vertex 7.2000 23.0000 0.0000
      vertex 7.2000 72.5000 0.0000
      vertex 11.5000 72.5000 0.0000
    endloop
  endfacet
  facet normal 0.000000 0.000000 -1.000000
    outer loop
      vertex 7.2000 23.0000 0.0000
      vertex 11.5000 72.5000 0.0000
      vertex 11.5000 23.0000 0.0000
    endloop
  endfacet
  facet normal 0.000000 0.000000 1.000000
    outer loop
      vertex 7.2000 23.0000 2.5000
      vertex 11.5000 23.0000 2.5000
      vertex 11.5000 72.5000 2.5000
    endloop
  endfacet
  facet normal 0.000000 0.000000 1.000000
    outer loop
      vertex 7.2000 23.0000 2.5000
      vertex 11.5000 72.5000 2.5000
      vertex 7.2000 72.5000 2.5000
    endloop
  endfacet
  facet normal 0.000000 0.000000 -1.000000
    outer loop
      vertex 7.2000 72.5000 0.0000
      vertex 7.2000 73.0000 0.0000
      vertex 11.5000 73.0000 0.0000
    endloop
  endfacet
  facet normal 0.000000 0.000000 -1.000000
    outer loop
      vertex 7.2000 72.5000 0.0000
      vertex 11.5000 73.0000 0.0000
      vertex 11.5000 72.5000 0.0000
    endloop
  endfacet
  facet normal 0.000000 -1.000000 0.000000
    outer loop
      vertex 7.2000 72.5000 2.5000
      vertex 11.5000 72.5000 2.5000
      vertex 11.5000 72.5000 5.5000
    endloop
  endfacet
  facet normal 0.000000 -1.000000 0.000000
    outer loop
      vertex 7.2000 72.5000 2.5000
      vertex 11.5000 72.5000 5.5000
      vertex 7.2000 72.5000 5.5000
    endloop
  endfacet
  facet normal 1.000000 0.000000 0.000000
    outer loop
      vertex 11.5000 72.5000 2.5000
      vertex 11.5000 73.0000 2.5000
      vertex 11.5000 73.0000 5.5000
    endloop
  endfacet
  facet normal 1.000000 0.000000 0.000000
    outer loop
      vertex 11.5000 72.5000 2.5000
      vertex 11.5000 73.0000 5.5000
      vertex 11.5000 72.5000 5.5000
    endloop
  endfacet
  facet normal 0.000000 -1.000000 0.000000
    outer loop
      vertex 7.2000 72.5000 5.5000
      vertex 11.5000 72.5000 5.5000
      vertex 11.5000 72.5000 10.0000
    endloop
  endfacet
  facet normal 0.000000 -1.000000 0.000000
    outer loop
      vertex 7.2000 72.5000 5.5000
      vertex 11.5000 72.5000 10.0000
      vertex 7.2000 72.5000 10.0000
    endloop
  endfacet
  facet normal 1.000000 0.000000 0.000000
    outer loop
      vertex 11.5000 72.5000 5.5000
      vertex 11.5000 73.0000 5.5000
      vertex 11.5000 73.0000 10.0000
    endloop
  endfacet
  facet normal 1.000000 0.000000 0.000000
    outer loop
      vertex 11.5000 72.5000 5.5000
      vertex 11.5000 73.0000 10.0000
      vertex 11.5000 72.5000 10.0000
    endloop
  endfacet
  facet normal 0.000000 0.000000 1.000000
    outer loop
      vertex 7.2000 72.5000 24.0000
      vertex 11.5000 72.5000 24.0000
      vertex 11.5000 73.0000 24.0000
    endloop
  endfacet
  facet normal 0.000000 0.000000 1.000000
    outer loop
      vertex 7.2000 72.5000 24.0000
      vertex 11.5000 73.0000 24.0000
      vertex 7.2000 73.0000 24.0000
    endloop
  endfacet
  facet normal 0.000000 -1.000000 0.000000
    outer loop
      vertex 7.2000 72.5000 10.0000
      vertex 11.5000 72.5000 10.0000
      vertex 11.5000 72.5000 24.0000
    endloop
  endfacet
  facet normal 0.000000 -1.000000 0.000000
    outer loop
      vertex 7.2000 72.5000 10.0000
      vertex 11.5000 72.5000 24.0000
      vertex 7.2000 72.5000 24.0000
    endloop
  endfacet
  facet normal 1.000000 0.000000 0.000000
    outer loop
      vertex 11.5000 72.5000 10.0000
      vertex 11.5000 73.0000 10.0000
      vertex 11.5000 73.0000 24.0000
    endloop
  endfacet
  facet normal 1.000000 0.000000 0.000000
    outer loop
      vertex 11.5000 72.5000 10.0000
      vertex 11.5000 73.0000 24.0000
      vertex 11.5000 72.5000 24.0000
    endloop
  endfacet
  facet normal 0.000000 0.000000 -1.000000
    outer loop
      vertex 7.2000 73.0000 0.0000
      vertex 7.2000 76.8000 0.0000
      vertex 11.5000 76.8000 0.0000
    endloop
  endfacet
  facet normal 0.000000 0.000000 -1.000000
    outer loop
      vertex 7.2000 73.0000 0.0000
      vertex 11.5000 76.8000 0.0000
      vertex 11.5000 73.0000 0.0000
    endloop
  endfacet
  facet normal 1.000000 0.000000 0.000000
    outer loop
      vertex 11.5000 73.0000 2.5000
      vertex 11.5000 76.8000 2.5000
      vertex 11.5000 76.8000 5.5000
    endloop
  endfacet
  facet normal 1.000000 0.000000 0.000000
    outer loop
      vertex 11.5000 73.0000 2.5000
      vertex 11.5000 76.8000 5.5000
      vertex 11.5000 73.0000 5.5000
    endloop
  endfacet
  facet normal 1.000000 0.000000 0.000000
    outer loop
      vertex 11.5000 73.0000 5.5000
      vertex 11.5000 76.8000 5.5000
      vertex 11.5000 76.8000 10.0000
    endloop
  endfacet
  facet normal 1.000000 0.000000 0.000000
    outer loop
      vertex 11.5000 73.0000 5.5000
      vertex 11.5000 76.8000 10.0000
      vertex 11.5000 73.0000 10.0000
    endloop
  endfacet
  facet normal 0.000000 0.000000 1.000000
    outer loop
      vertex 7.2000 73.0000 24.0000
      vertex 11.5000 73.0000 24.0000
      vertex 11.5000 76.8000 24.0000
    endloop
  endfacet
  facet normal 0.000000 0.000000 1.000000
    outer loop
      vertex 7.2000 73.0000 24.0000
      vertex 11.5000 76.8000 24.0000
      vertex 7.2000 76.8000 24.0000
    endloop
  endfacet
  facet normal 1.000000 0.000000 0.000000
    outer loop
      vertex 11.5000 73.0000 10.0000
      vertex 11.5000 76.8000 10.0000
      vertex 11.5000 76.8000 24.0000
    endloop
  endfacet
  facet normal 1.000000 0.000000 0.000000
    outer loop
      vertex 11.5000 73.0000 10.0000
      vertex 11.5000 76.8000 24.0000
      vertex 11.5000 73.0000 24.0000
    endloop
  endfacet
  facet normal 0.000000 0.000000 -1.000000
    outer loop
      vertex 7.2000 76.8000 0.0000
      vertex 7.2000 80.2000 0.0000
      vertex 11.5000 80.2000 0.0000
    endloop
  endfacet
  facet normal 0.000000 0.000000 -1.000000
    outer loop
      vertex 7.2000 76.8000 0.0000
      vertex 11.5000 80.2000 0.0000
      vertex 11.5000 76.8000 0.0000
    endloop
  endfacet
  facet normal -1.000000 0.000000 0.000000
    outer loop
      vertex 7.2000 80.2000 2.5000
      vertex 7.2000 76.8000 2.5000
      vertex 7.2000 76.8000 5.5000
    endloop
  endfacet
  facet normal -1.000000 0.000000 0.000000
    outer loop
      vertex 7.2000 80.2000 2.5000
      vertex 7.2000 76.8000 5.5000
      vertex 7.2000 80.2000 5.5000
    endloop
  endfacet
  facet normal 1.000000 0.000000 0.000000
    outer loop
      vertex 11.5000 76.8000 2.5000
      vertex 11.5000 80.2000 2.5000
      vertex 11.5000 80.2000 5.5000
    endloop
  endfacet
  facet normal 1.000000 0.000000 0.000000
    outer loop
      vertex 11.5000 76.8000 2.5000
      vertex 11.5000 80.2000 5.5000
      vertex 11.5000 76.8000 5.5000
    endloop
  endfacet
  facet normal -1.000000 0.000000 0.000000
    outer loop
      vertex 7.2000 80.2000 5.5000
      vertex 7.2000 76.8000 5.5000
      vertex 7.2000 76.8000 10.0000
    endloop
  endfacet
  facet normal -1.000000 0.000000 0.000000
    outer loop
      vertex 7.2000 80.2000 5.5000
      vertex 7.2000 76.8000 10.0000
      vertex 7.2000 80.2000 10.0000
    endloop
  endfacet
  facet normal 1.000000 0.000000 0.000000
    outer loop
      vertex 11.5000 76.8000 5.5000
      vertex 11.5000 80.2000 5.5000
      vertex 11.5000 80.2000 10.0000
    endloop
  endfacet
  facet normal 1.000000 0.000000 0.000000
    outer loop
      vertex 11.5000 76.8000 5.5000
      vertex 11.5000 80.2000 10.0000
      vertex 11.5000 76.8000 10.0000
    endloop
  endfacet
  facet normal 0.000000 0.000000 1.000000
    outer loop
      vertex 7.2000 76.8000 24.0000
      vertex 11.5000 76.8000 24.0000
      vertex 11.5000 80.2000 24.0000
    endloop
  endfacet
  facet normal 0.000000 0.000000 1.000000
    outer loop
      vertex 7.2000 76.8000 24.0000
      vertex 11.5000 80.2000 24.0000
      vertex 7.2000 80.2000 24.0000
    endloop
  endfacet
  facet normal -1.000000 0.000000 0.000000
    outer loop
      vertex 7.2000 80.2000 10.0000
      vertex 7.2000 76.8000 10.0000
      vertex 7.2000 76.8000 24.0000
    endloop
  endfacet
  facet normal -1.000000 0.000000 0.000000
    outer loop
      vertex 7.2000 80.2000 10.0000
      vertex 7.2000 76.8000 24.0000
      vertex 7.2000 80.2000 24.0000
    endloop
  endfacet
  facet normal 1.000000 0.000000 0.000000
    outer loop
      vertex 11.5000 76.8000 10.0000
      vertex 11.5000 80.2000 10.0000
      vertex 11.5000 80.2000 24.0000
    endloop
  endfacet
  facet normal 1.000000 0.000000 0.000000
    outer loop
      vertex 11.5000 76.8000 10.0000
      vertex 11.5000 80.2000 24.0000
      vertex 11.5000 76.8000 24.0000
    endloop
  endfacet
  facet normal 0.000000 0.000000 -1.000000
    outer loop
      vertex 7.2000 80.2000 0.0000
      vertex 7.2000 81.5000 0.0000
      vertex 11.5000 81.5000 0.0000
    endloop
  endfacet
  facet normal 0.000000 0.000000 -1.000000
    outer loop
      vertex 7.2000 80.2000 0.0000
      vertex 11.5000 81.5000 0.0000
      vertex 11.5000 80.2000 0.0000
    endloop
  endfacet
  facet normal 1.000000 0.000000 0.000000
    outer loop
      vertex 11.5000 80.2000 2.5000
      vertex 11.5000 81.5000 2.5000
      vertex 11.5000 81.5000 5.5000
    endloop
  endfacet
  facet normal 1.000000 0.000000 0.000000
    outer loop
      vertex 11.5000 80.2000 2.5000
      vertex 11.5000 81.5000 5.5000
      vertex 11.5000 80.2000 5.5000
    endloop
  endfacet
  facet normal 1.000000 0.000000 0.000000
    outer loop
      vertex 11.5000 80.2000 5.5000
      vertex 11.5000 81.5000 5.5000
      vertex 11.5000 81.5000 10.0000
    endloop
  endfacet
  facet normal 1.000000 0.000000 0.000000
    outer loop
      vertex 11.5000 80.2000 5.5000
      vertex 11.5000 81.5000 10.0000
      vertex 11.5000 80.2000 10.0000
    endloop
  endfacet
  facet normal 0.000000 0.000000 1.000000
    outer loop
      vertex 7.2000 80.2000 24.0000
      vertex 11.5000 80.2000 24.0000
      vertex 11.5000 81.5000 24.0000
    endloop
  endfacet
  facet normal 0.000000 0.000000 1.000000
    outer loop
      vertex 7.2000 80.2000 24.0000
      vertex 11.5000 81.5000 24.0000
      vertex 7.2000 81.5000 24.0000
    endloop
  endfacet
  facet normal 1.000000 0.000000 0.000000
    outer loop
      vertex 11.5000 80.2000 10.0000
      vertex 11.5000 81.5000 10.0000
      vertex 11.5000 81.5000 24.0000
    endloop
  endfacet
  facet normal 1.000000 0.000000 0.000000
    outer loop
      vertex 11.5000 80.2000 10.0000
      vertex 11.5000 81.5000 24.0000
      vertex 11.5000 80.2000 24.0000
    endloop
  endfacet
  facet normal 0.000000 0.000000 -1.000000
    outer loop
      vertex 7.2000 81.5000 0.0000
      vertex 7.2000 84.0000 0.0000
      vertex 11.5000 84.0000 0.0000
    endloop
  endfacet
  facet normal 0.000000 0.000000 -1.000000
    outer loop
      vertex 7.2000 81.5000 0.0000
      vertex 11.5000 84.0000 0.0000
      vertex 11.5000 81.5000 0.0000
    endloop
  endfacet
  facet normal 0.000000 1.000000 0.000000
    outer loop
      vertex 11.5000 84.0000 0.0000
      vertex 7.2000 84.0000 0.0000
      vertex 7.2000 84.0000 2.5000
    endloop
  endfacet
  facet normal 0.000000 1.000000 -0.000000
    outer loop
      vertex 11.5000 84.0000 0.0000
      vertex 7.2000 84.0000 2.5000
      vertex 11.5000 84.0000 2.5000
    endloop
  endfacet
  facet normal 0.000000 1.000000 0.000000
    outer loop
      vertex 11.5000 84.0000 2.5000
      vertex 7.2000 84.0000 2.5000
      vertex 7.2000 84.0000 5.5000
    endloop
  endfacet
  facet normal 0.000000 1.000000 -0.000000
    outer loop
      vertex 11.5000 84.0000 2.5000
      vertex 7.2000 84.0000 5.5000
      vertex 11.5000 84.0000 5.5000
    endloop
  endfacet
  facet normal 0.000000 1.000000 0.000000
    outer loop
      vertex 11.5000 84.0000 5.5000
      vertex 7.2000 84.0000 5.5000
      vertex 7.2000 84.0000 10.0000
    endloop
  endfacet
  facet normal 0.000000 1.000000 -0.000000
    outer loop
      vertex 11.5000 84.0000 5.5000
      vertex 7.2000 84.0000 10.0000
      vertex 11.5000 84.0000 10.0000
    endloop
  endfacet
  facet normal 0.000000 0.000000 1.000000
    outer loop
      vertex 7.2000 81.5000 24.0000
      vertex 11.5000 81.5000 24.0000
      vertex 11.5000 84.0000 24.0000
    endloop
  endfacet
  facet normal 0.000000 0.000000 1.000000
    outer loop
      vertex 7.2000 81.5000 24.0000
      vertex 11.5000 84.0000 24.0000
      vertex 7.2000 84.0000 24.0000
    endloop
  endfacet
  facet normal 0.000000 1.000000 0.000000
    outer loop
      vertex 11.5000 84.0000 10.0000
      vertex 7.2000 84.0000 10.0000
      vertex 7.2000 84.0000 24.0000
    endloop
  endfacet
  facet normal 0.000000 1.000000 -0.000000
    outer loop
      vertex 11.5000 84.0000 10.0000
      vertex 7.2000 84.0000 24.0000
      vertex 11.5000 84.0000 24.0000
    endloop
  endfacet
  facet normal 0.000000 0.000000 -1.000000
    outer loop
      vertex 11.5000 0.0000 0.0000
      vertex 11.5000 2.5000 0.0000
      vertex 40.0000 2.5000 0.0000
    endloop
  endfacet
  facet normal 0.000000 0.000000 -1.000000
    outer loop
      vertex 11.5000 0.0000 0.0000
      vertex 40.0000 2.5000 0.0000
      vertex 40.0000 0.0000 0.0000
    endloop
  endfacet
  facet normal 0.000000 -1.000000 0.000000
    outer loop
      vertex 11.5000 0.0000 0.0000
      vertex 40.0000 0.0000 0.0000
      vertex 40.0000 0.0000 2.5000
    endloop
  endfacet
  facet normal 0.000000 -1.000000 0.000000
    outer loop
      vertex 11.5000 0.0000 0.0000
      vertex 40.0000 0.0000 2.5000
      vertex 11.5000 0.0000 2.5000
    endloop
  endfacet
  facet normal 0.000000 -1.000000 0.000000
    outer loop
      vertex 11.5000 0.0000 2.5000
      vertex 40.0000 0.0000 2.5000
      vertex 40.0000 0.0000 5.5000
    endloop
  endfacet
  facet normal 0.000000 -1.000000 0.000000
    outer loop
      vertex 11.5000 0.0000 2.5000
      vertex 40.0000 0.0000 5.5000
      vertex 11.5000 0.0000 5.5000
    endloop
  endfacet
  facet normal 0.000000 1.000000 0.000000
    outer loop
      vertex 40.0000 2.5000 2.5000
      vertex 11.5000 2.5000 2.5000
      vertex 11.5000 2.5000 5.5000
    endloop
  endfacet
  facet normal 0.000000 1.000000 -0.000000
    outer loop
      vertex 40.0000 2.5000 2.5000
      vertex 11.5000 2.5000 5.5000
      vertex 40.0000 2.5000 5.5000
    endloop
  endfacet
  facet normal 0.000000 -1.000000 0.000000
    outer loop
      vertex 11.5000 0.0000 5.5000
      vertex 40.0000 0.0000 5.5000
      vertex 40.0000 0.0000 10.0000
    endloop
  endfacet
  facet normal 0.000000 -1.000000 0.000000
    outer loop
      vertex 11.5000 0.0000 5.5000
      vertex 40.0000 0.0000 10.0000
      vertex 11.5000 0.0000 10.0000
    endloop
  endfacet
  facet normal 0.000000 1.000000 0.000000
    outer loop
      vertex 40.0000 2.5000 5.5000
      vertex 11.5000 2.5000 5.5000
      vertex 11.5000 2.5000 10.0000
    endloop
  endfacet
  facet normal 0.000000 1.000000 -0.000000
    outer loop
      vertex 40.0000 2.5000 5.5000
      vertex 11.5000 2.5000 10.0000
      vertex 40.0000 2.5000 10.0000
    endloop
  endfacet
  facet normal 0.000000 0.000000 1.000000
    outer loop
      vertex 11.5000 0.0000 24.0000
      vertex 40.0000 0.0000 24.0000
      vertex 40.0000 2.5000 24.0000
    endloop
  endfacet
  facet normal 0.000000 0.000000 1.000000
    outer loop
      vertex 11.5000 0.0000 24.0000
      vertex 40.0000 2.5000 24.0000
      vertex 11.5000 2.5000 24.0000
    endloop
  endfacet
  facet normal 0.000000 -1.000000 0.000000
    outer loop
      vertex 11.5000 0.0000 10.0000
      vertex 40.0000 0.0000 10.0000
      vertex 40.0000 0.0000 24.0000
    endloop
  endfacet
  facet normal 0.000000 -1.000000 0.000000
    outer loop
      vertex 11.5000 0.0000 10.0000
      vertex 40.0000 0.0000 24.0000
      vertex 11.5000 0.0000 24.0000
    endloop
  endfacet
  facet normal 0.000000 1.000000 0.000000
    outer loop
      vertex 40.0000 2.5000 10.0000
      vertex 11.5000 2.5000 10.0000
      vertex 11.5000 2.5000 24.0000
    endloop
  endfacet
  facet normal 0.000000 1.000000 -0.000000
    outer loop
      vertex 40.0000 2.5000 10.0000
      vertex 11.5000 2.5000 24.0000
      vertex 40.0000 2.5000 24.0000
    endloop
  endfacet
  facet normal 0.000000 0.000000 -1.000000
    outer loop
      vertex 11.5000 2.5000 0.0000
      vertex 11.5000 3.8000 0.0000
      vertex 40.0000 3.8000 0.0000
    endloop
  endfacet
  facet normal 0.000000 0.000000 -1.000000
    outer loop
      vertex 11.5000 2.5000 0.0000
      vertex 40.0000 3.8000 0.0000
      vertex 40.0000 2.5000 0.0000
    endloop
  endfacet
  facet normal 0.000000 0.000000 1.000000
    outer loop
      vertex 11.5000 2.5000 2.5000
      vertex 40.0000 2.5000 2.5000
      vertex 40.0000 3.8000 2.5000
    endloop
  endfacet
  facet normal 0.000000 0.000000 1.000000
    outer loop
      vertex 11.5000 2.5000 2.5000
      vertex 40.0000 3.8000 2.5000
      vertex 11.5000 3.8000 2.5000
    endloop
  endfacet
  facet normal 0.000000 0.000000 -1.000000
    outer loop
      vertex 11.5000 3.8000 0.0000
      vertex 11.5000 7.2000 0.0000
      vertex 40.0000 7.2000 0.0000
    endloop
  endfacet
  facet normal 0.000000 0.000000 -1.000000
    outer loop
      vertex 11.5000 3.8000 0.0000
      vertex 40.0000 7.2000 0.0000
      vertex 40.0000 3.8000 0.0000
    endloop
  endfacet
  facet normal 0.000000 0.000000 1.000000
    outer loop
      vertex 11.5000 3.8000 2.5000
      vertex 40.0000 3.8000 2.5000
      vertex 40.0000 7.2000 2.5000
    endloop
  endfacet
  facet normal 0.000000 0.000000 1.000000
    outer loop
      vertex 11.5000 3.8000 2.5000
      vertex 40.0000 7.2000 2.5000
      vertex 11.5000 7.2000 2.5000
    endloop
  endfacet
  facet normal 0.000000 0.000000 -1.000000
    outer loop
      vertex 11.5000 7.2000 0.0000
      vertex 11.5000 11.5000 0.0000
      vertex 40.0000 11.5000 0.0000
    endloop
  endfacet
  facet normal 0.000000 0.000000 -1.000000
    outer loop
      vertex 11.5000 7.2000 0.0000
      vertex 40.0000 11.5000 0.0000
      vertex 40.0000 7.2000 0.0000
    endloop
  endfacet
  facet normal 0.000000 0.000000 1.000000
    outer loop
      vertex 11.5000 7.2000 2.5000
      vertex 40.0000 7.2000 2.5000
      vertex 40.0000 11.5000 2.5000
    endloop
  endfacet
  facet normal 0.000000 0.000000 1.000000
    outer loop
      vertex 11.5000 7.2000 2.5000
      vertex 40.0000 11.5000 2.5000
      vertex 11.5000 11.5000 2.5000
    endloop
  endfacet
  facet normal 0.000000 0.000000 -1.000000
    outer loop
      vertex 11.5000 11.5000 0.0000
      vertex 11.5000 23.0000 0.0000
      vertex 40.0000 23.0000 0.0000
    endloop
  endfacet
  facet normal 0.000000 0.000000 -1.000000
    outer loop
      vertex 11.5000 11.5000 0.0000
      vertex 40.0000 23.0000 0.0000
      vertex 40.0000 11.5000 0.0000
    endloop
  endfacet
  facet normal 0.000000 0.000000 1.000000
    outer loop
      vertex 11.5000 11.5000 2.5000
      vertex 40.0000 11.5000 2.5000
      vertex 40.0000 23.0000 2.5000
    endloop
  endfacet
  facet normal 0.000000 0.000000 1.000000
    outer loop
      vertex 11.5000 11.5000 2.5000
      vertex 40.0000 23.0000 2.5000
      vertex 11.5000 23.0000 2.5000
    endloop
  endfacet
  facet normal 0.000000 0.000000 -1.000000
    outer loop
      vertex 11.5000 23.0000 0.0000
      vertex 11.5000 72.5000 0.0000
      vertex 40.0000 72.5000 0.0000
    endloop
  endfacet
  facet normal 0.000000 0.000000 -1.000000
    outer loop
      vertex 11.5000 23.0000 0.0000
      vertex 40.0000 72.5000 0.0000
      vertex 40.0000 23.0000 0.0000
    endloop
  endfacet
  facet normal 0.000000 0.000000 1.000000
    outer loop
      vertex 11.5000 23.0000 2.5000
      vertex 40.0000 23.0000 2.5000
      vertex 40.0000 72.5000 2.5000
    endloop
  endfacet
  facet normal 0.000000 0.000000 1.000000
    outer loop
      vertex 11.5000 23.0000 2.5000
      vertex 40.0000 72.5000 2.5000
      vertex 11.5000 72.5000 2.5000
    endloop
  endfacet
  facet normal 0.000000 0.000000 -1.000000
    outer loop
      vertex 11.5000 72.5000 0.0000
      vertex 11.5000 73.0000 0.0000
      vertex 40.0000 73.0000 0.0000
    endloop
  endfacet
  facet normal 0.000000 0.000000 -1.000000
    outer loop
      vertex 11.5000 72.5000 0.0000
      vertex 40.0000 73.0000 0.0000
      vertex 40.0000 72.5000 0.0000
    endloop
  endfacet
  facet normal 0.000000 0.000000 1.000000
    outer loop
      vertex 11.5000 72.5000 2.5000
      vertex 40.0000 72.5000 2.5000
      vertex 40.0000 73.0000 2.5000
    endloop
  endfacet
  facet normal 0.000000 0.000000 1.000000
    outer loop
      vertex 11.5000 72.5000 2.5000
      vertex 40.0000 73.0000 2.5000
      vertex 11.5000 73.0000 2.5000
    endloop
  endfacet
  facet normal 0.000000 0.000000 -1.000000
    outer loop
      vertex 11.5000 73.0000 0.0000
      vertex 11.5000 76.8000 0.0000
      vertex 40.0000 76.8000 0.0000
    endloop
  endfacet
  facet normal 0.000000 0.000000 -1.000000
    outer loop
      vertex 11.5000 73.0000 0.0000
      vertex 40.0000 76.8000 0.0000
      vertex 40.0000 73.0000 0.0000
    endloop
  endfacet
  facet normal 0.000000 0.000000 1.000000
    outer loop
      vertex 11.5000 73.0000 2.5000
      vertex 40.0000 73.0000 2.5000
      vertex 40.0000 76.8000 2.5000
    endloop
  endfacet
  facet normal 0.000000 0.000000 1.000000
    outer loop
      vertex 11.5000 73.0000 2.5000
      vertex 40.0000 76.8000 2.5000
      vertex 11.5000 76.8000 2.5000
    endloop
  endfacet
  facet normal 0.000000 0.000000 -1.000000
    outer loop
      vertex 11.5000 76.8000 0.0000
      vertex 11.5000 80.2000 0.0000
      vertex 40.0000 80.2000 0.0000
    endloop
  endfacet
  facet normal 0.000000 0.000000 -1.000000
    outer loop
      vertex 11.5000 76.8000 0.0000
      vertex 40.0000 80.2000 0.0000
      vertex 40.0000 76.8000 0.0000
    endloop
  endfacet
  facet normal 0.000000 0.000000 1.000000
    outer loop
      vertex 11.5000 76.8000 2.5000
      vertex 40.0000 76.8000 2.5000
      vertex 40.0000 80.2000 2.5000
    endloop
  endfacet
  facet normal 0.000000 0.000000 1.000000
    outer loop
      vertex 11.5000 76.8000 2.5000
      vertex 40.0000 80.2000 2.5000
      vertex 11.5000 80.2000 2.5000
    endloop
  endfacet
  facet normal 0.000000 0.000000 -1.000000
    outer loop
      vertex 11.5000 80.2000 0.0000
      vertex 11.5000 81.5000 0.0000
      vertex 40.0000 81.5000 0.0000
    endloop
  endfacet
  facet normal 0.000000 0.000000 -1.000000
    outer loop
      vertex 11.5000 80.2000 0.0000
      vertex 40.0000 81.5000 0.0000
      vertex 40.0000 80.2000 0.0000
    endloop
  endfacet
  facet normal 0.000000 0.000000 1.000000
    outer loop
      vertex 11.5000 80.2000 2.5000
      vertex 40.0000 80.2000 2.5000
      vertex 40.0000 81.5000 2.5000
    endloop
  endfacet
  facet normal 0.000000 0.000000 1.000000
    outer loop
      vertex 11.5000 80.2000 2.5000
      vertex 40.0000 81.5000 2.5000
      vertex 11.5000 81.5000 2.5000
    endloop
  endfacet
  facet normal 0.000000 0.000000 -1.000000
    outer loop
      vertex 11.5000 81.5000 0.0000
      vertex 11.5000 84.0000 0.0000
      vertex 40.0000 84.0000 0.0000
    endloop
  endfacet
  facet normal 0.000000 0.000000 -1.000000
    outer loop
      vertex 11.5000 81.5000 0.0000
      vertex 40.0000 84.0000 0.0000
      vertex 40.0000 81.5000 0.0000
    endloop
  endfacet
  facet normal 0.000000 1.000000 0.000000
    outer loop
      vertex 40.0000 84.0000 0.0000
      vertex 11.5000 84.0000 0.0000
      vertex 11.5000 84.0000 2.5000
    endloop
  endfacet
  facet normal 0.000000 1.000000 -0.000000
    outer loop
      vertex 40.0000 84.0000 0.0000
      vertex 11.5000 84.0000 2.5000
      vertex 40.0000 84.0000 2.5000
    endloop
  endfacet
  facet normal 0.000000 -1.000000 0.000000
    outer loop
      vertex 11.5000 81.5000 2.5000
      vertex 40.0000 81.5000 2.5000
      vertex 40.0000 81.5000 5.5000
    endloop
  endfacet
  facet normal 0.000000 -1.000000 0.000000
    outer loop
      vertex 11.5000 81.5000 2.5000
      vertex 40.0000 81.5000 5.5000
      vertex 11.5000 81.5000 5.5000
    endloop
  endfacet
  facet normal 0.000000 1.000000 0.000000
    outer loop
      vertex 40.0000 84.0000 2.5000
      vertex 11.5000 84.0000 2.5000
      vertex 11.5000 84.0000 5.5000
    endloop
  endfacet
  facet normal 0.000000 1.000000 -0.000000
    outer loop
      vertex 40.0000 84.0000 2.5000
      vertex 11.5000 84.0000 5.5000
      vertex 40.0000 84.0000 5.5000
    endloop
  endfacet
  facet normal 0.000000 -1.000000 0.000000
    outer loop
      vertex 11.5000 81.5000 5.5000
      vertex 40.0000 81.5000 5.5000
      vertex 40.0000 81.5000 10.0000
    endloop
  endfacet
  facet normal 0.000000 -1.000000 0.000000
    outer loop
      vertex 11.5000 81.5000 5.5000
      vertex 40.0000 81.5000 10.0000
      vertex 11.5000 81.5000 10.0000
    endloop
  endfacet
  facet normal 0.000000 1.000000 0.000000
    outer loop
      vertex 40.0000 84.0000 5.5000
      vertex 11.5000 84.0000 5.5000
      vertex 11.5000 84.0000 10.0000
    endloop
  endfacet
  facet normal 0.000000 1.000000 -0.000000
    outer loop
      vertex 40.0000 84.0000 5.5000
      vertex 11.5000 84.0000 10.0000
      vertex 40.0000 84.0000 10.0000
    endloop
  endfacet
  facet normal 0.000000 0.000000 1.000000
    outer loop
      vertex 11.5000 81.5000 24.0000
      vertex 40.0000 81.5000 24.0000
      vertex 40.0000 84.0000 24.0000
    endloop
  endfacet
  facet normal 0.000000 0.000000 1.000000
    outer loop
      vertex 11.5000 81.5000 24.0000
      vertex 40.0000 84.0000 24.0000
      vertex 11.5000 84.0000 24.0000
    endloop
  endfacet
  facet normal 0.000000 -1.000000 0.000000
    outer loop
      vertex 11.5000 81.5000 10.0000
      vertex 40.0000 81.5000 10.0000
      vertex 40.0000 81.5000 24.0000
    endloop
  endfacet
  facet normal 0.000000 -1.000000 0.000000
    outer loop
      vertex 11.5000 81.5000 10.0000
      vertex 40.0000 81.5000 24.0000
      vertex 11.5000 81.5000 24.0000
    endloop
  endfacet
  facet normal 0.000000 1.000000 0.000000
    outer loop
      vertex 40.0000 84.0000 10.0000
      vertex 11.5000 84.0000 10.0000
      vertex 11.5000 84.0000 24.0000
    endloop
  endfacet
  facet normal 0.000000 1.000000 -0.000000
    outer loop
      vertex 40.0000 84.0000 10.0000
      vertex 11.5000 84.0000 24.0000
      vertex 40.0000 84.0000 24.0000
    endloop
  endfacet
  facet normal 0.000000 0.000000 -1.000000
    outer loop
      vertex 40.0000 0.0000 0.0000
      vertex 40.0000 2.5000 0.0000
      vertex 43.0000 2.5000 0.0000
    endloop
  endfacet
  facet normal 0.000000 0.000000 -1.000000
    outer loop
      vertex 40.0000 0.0000 0.0000
      vertex 43.0000 2.5000 0.0000
      vertex 43.0000 0.0000 0.0000
    endloop
  endfacet
  facet normal 0.000000 -1.000000 0.000000
    outer loop
      vertex 40.0000 0.0000 0.0000
      vertex 43.0000 0.0000 0.0000
      vertex 43.0000 0.0000 2.5000
    endloop
  endfacet
  facet normal 0.000000 -1.000000 0.000000
    outer loop
      vertex 40.0000 0.0000 0.0000
      vertex 43.0000 0.0000 2.5000
      vertex 40.0000 0.0000 2.5000
    endloop
  endfacet
  facet normal 0.000000 -1.000000 0.000000
    outer loop
      vertex 40.0000 0.0000 2.5000
      vertex 43.0000 0.0000 2.5000
      vertex 43.0000 0.0000 5.5000
    endloop
  endfacet
  facet normal 0.000000 -1.000000 0.000000
    outer loop
      vertex 40.0000 0.0000 2.5000
      vertex 43.0000 0.0000 5.5000
      vertex 40.0000 0.0000 5.5000
    endloop
  endfacet
  facet normal 0.000000 1.000000 0.000000
    outer loop
      vertex 43.0000 2.5000 2.5000
      vertex 40.0000 2.5000 2.5000
      vertex 40.0000 2.5000 5.5000
    endloop
  endfacet
  facet normal 0.000000 1.000000 -0.000000
    outer loop
      vertex 43.0000 2.5000 2.5000
      vertex 40.0000 2.5000 5.5000
      vertex 43.0000 2.5000 5.5000
    endloop
  endfacet
  facet normal 0.000000 -1.000000 0.000000
    outer loop
      vertex 40.0000 0.0000 5.5000
      vertex 43.0000 0.0000 5.5000
      vertex 43.0000 0.0000 10.0000
    endloop
  endfacet
  facet normal 0.000000 -1.000000 0.000000
    outer loop
      vertex 40.0000 0.0000 5.5000
      vertex 43.0000 0.0000 10.0000
      vertex 40.0000 0.0000 10.0000
    endloop
  endfacet
  facet normal 0.000000 1.000000 0.000000
    outer loop
      vertex 43.0000 2.5000 5.5000
      vertex 40.0000 2.5000 5.5000
      vertex 40.0000 2.5000 10.0000
    endloop
  endfacet
  facet normal 0.000000 1.000000 -0.000000
    outer loop
      vertex 43.0000 2.5000 5.5000
      vertex 40.0000 2.5000 10.0000
      vertex 43.0000 2.5000 10.0000
    endloop
  endfacet
  facet normal 0.000000 0.000000 1.000000
    outer loop
      vertex 40.0000 0.0000 24.0000
      vertex 43.0000 0.0000 24.0000
      vertex 43.0000 2.5000 24.0000
    endloop
  endfacet
  facet normal 0.000000 0.000000 1.000000
    outer loop
      vertex 40.0000 0.0000 24.0000
      vertex 43.0000 2.5000 24.0000
      vertex 40.0000 2.5000 24.0000
    endloop
  endfacet
  facet normal 0.000000 -1.000000 0.000000
    outer loop
      vertex 40.0000 0.0000 10.0000
      vertex 43.0000 0.0000 10.0000
      vertex 43.0000 0.0000 24.0000
    endloop
  endfacet
  facet normal 0.000000 -1.000000 0.000000
    outer loop
      vertex 40.0000 0.0000 10.0000
      vertex 43.0000 0.0000 24.0000
      vertex 40.0000 0.0000 24.0000
    endloop
  endfacet
  facet normal 0.000000 1.000000 0.000000
    outer loop
      vertex 43.0000 2.5000 10.0000
      vertex 40.0000 2.5000 10.0000
      vertex 40.0000 2.5000 24.0000
    endloop
  endfacet
  facet normal 0.000000 1.000000 -0.000000
    outer loop
      vertex 43.0000 2.5000 10.0000
      vertex 40.0000 2.5000 24.0000
      vertex 43.0000 2.5000 24.0000
    endloop
  endfacet
  facet normal 0.000000 0.000000 -1.000000
    outer loop
      vertex 40.0000 2.5000 0.0000
      vertex 40.0000 3.8000 0.0000
      vertex 43.0000 3.8000 0.0000
    endloop
  endfacet
  facet normal 0.000000 0.000000 -1.000000
    outer loop
      vertex 40.0000 2.5000 0.0000
      vertex 43.0000 3.8000 0.0000
      vertex 43.0000 2.5000 0.0000
    endloop
  endfacet
  facet normal 0.000000 0.000000 1.000000
    outer loop
      vertex 40.0000 2.5000 2.5000
      vertex 43.0000 2.5000 2.5000
      vertex 43.0000 3.8000 2.5000
    endloop
  endfacet
  facet normal 0.000000 0.000000 1.000000
    outer loop
      vertex 40.0000 2.5000 2.5000
      vertex 43.0000 3.8000 2.5000
      vertex 40.0000 3.8000 2.5000
    endloop
  endfacet
  facet normal 0.000000 0.000000 -1.000000
    outer loop
      vertex 40.0000 3.8000 0.0000
      vertex 40.0000 7.2000 0.0000
      vertex 43.0000 7.2000 0.0000
    endloop
  endfacet
  facet normal 0.000000 0.000000 -1.000000
    outer loop
      vertex 40.0000 3.8000 0.0000
      vertex 43.0000 7.2000 0.0000
      vertex 43.0000 3.8000 0.0000
    endloop
  endfacet
  facet normal 0.000000 0.000000 1.000000
    outer loop
      vertex 40.0000 3.8000 2.5000
      vertex 43.0000 3.8000 2.5000
      vertex 43.0000 7.2000 2.5000
    endloop
  endfacet
  facet normal 0.000000 0.000000 1.000000
    outer loop
      vertex 40.0000 3.8000 2.5000
      vertex 43.0000 7.2000 2.5000
      vertex 40.0000 7.2000 2.5000
    endloop
  endfacet
  facet normal 0.000000 0.000000 -1.000000
    outer loop
      vertex 40.0000 7.2000 0.0000
      vertex 40.0000 11.5000 0.0000
      vertex 43.0000 11.5000 0.0000
    endloop
  endfacet
  facet normal 0.000000 0.000000 -1.000000
    outer loop
      vertex 40.0000 7.2000 0.0000
      vertex 43.0000 11.5000 0.0000
      vertex 43.0000 7.2000 0.0000
    endloop
  endfacet
  facet normal 0.000000 0.000000 1.000000
    outer loop
      vertex 40.0000 7.2000 2.5000
      vertex 43.0000 7.2000 2.5000
      vertex 43.0000 11.5000 2.5000
    endloop
  endfacet
  facet normal 0.000000 0.000000 1.000000
    outer loop
      vertex 40.0000 7.2000 2.5000
      vertex 43.0000 11.5000 2.5000
      vertex 40.0000 11.5000 2.5000
    endloop
  endfacet
  facet normal 0.000000 0.000000 -1.000000
    outer loop
      vertex 40.0000 11.5000 0.0000
      vertex 40.0000 23.0000 0.0000
      vertex 43.0000 23.0000 0.0000
    endloop
  endfacet
  facet normal 0.000000 0.000000 -1.000000
    outer loop
      vertex 40.0000 11.5000 0.0000
      vertex 43.0000 23.0000 0.0000
      vertex 43.0000 11.5000 0.0000
    endloop
  endfacet
  facet normal 0.000000 0.000000 1.000000
    outer loop
      vertex 40.0000 11.5000 2.5000
      vertex 43.0000 11.5000 2.5000
      vertex 43.0000 23.0000 2.5000
    endloop
  endfacet
  facet normal 0.000000 0.000000 1.000000
    outer loop
      vertex 40.0000 11.5000 2.5000
      vertex 43.0000 23.0000 2.5000
      vertex 40.0000 23.0000 2.5000
    endloop
  endfacet
  facet normal 0.000000 0.000000 -1.000000
    outer loop
      vertex 40.0000 23.0000 0.0000
      vertex 40.0000 72.5000 0.0000
      vertex 43.0000 72.5000 0.0000
    endloop
  endfacet
  facet normal 0.000000 0.000000 -1.000000
    outer loop
      vertex 40.0000 23.0000 0.0000
      vertex 43.0000 72.5000 0.0000
      vertex 43.0000 23.0000 0.0000
    endloop
  endfacet
  facet normal 0.000000 0.000000 1.000000
    outer loop
      vertex 40.0000 23.0000 5.5000
      vertex 43.0000 23.0000 5.5000
      vertex 43.0000 72.5000 5.5000
    endloop
  endfacet
  facet normal 0.000000 0.000000 1.000000
    outer loop
      vertex 40.0000 23.0000 5.5000
      vertex 43.0000 72.5000 5.5000
      vertex 40.0000 72.5000 5.5000
    endloop
  endfacet
  facet normal 0.000000 -1.000000 0.000000
    outer loop
      vertex 40.0000 23.0000 2.5000
      vertex 43.0000 23.0000 2.5000
      vertex 43.0000 23.0000 5.5000
    endloop
  endfacet
  facet normal 0.000000 -1.000000 0.000000
    outer loop
      vertex 40.0000 23.0000 2.5000
      vertex 43.0000 23.0000 5.5000
      vertex 40.0000 23.0000 5.5000
    endloop
  endfacet
  facet normal -1.000000 0.000000 0.000000
    outer loop
      vertex 40.0000 72.5000 2.5000
      vertex 40.0000 23.0000 2.5000
      vertex 40.0000 23.0000 5.5000
    endloop
  endfacet
  facet normal -1.000000 0.000000 0.000000
    outer loop
      vertex 40.0000 72.5000 2.5000
      vertex 40.0000 23.0000 5.5000
      vertex 40.0000 72.5000 5.5000
    endloop
  endfacet
  facet normal 1.000000 0.000000 0.000000
    outer loop
      vertex 43.0000 23.0000 2.5000
      vertex 43.0000 72.5000 2.5000
      vertex 43.0000 72.5000 5.5000
    endloop
  endfacet
  facet normal 1.000000 0.000000 0.000000
    outer loop
      vertex 43.0000 23.0000 2.5000
      vertex 43.0000 72.5000 5.5000
      vertex 43.0000 23.0000 5.5000
    endloop
  endfacet
  facet normal 0.000000 0.000000 -1.000000
    outer loop
      vertex 40.0000 72.5000 0.0000
      vertex 40.0000 73.0000 0.0000
      vertex 43.0000 73.0000 0.0000
    endloop
  endfacet
  facet normal 0.000000 0.000000 -1.000000
    outer loop
      vertex 40.0000 72.5000 0.0000
      vertex 43.0000 73.0000 0.0000
      vertex 43.0000 72.5000 0.0000
    endloop
  endfacet
  facet normal 0.000000 0.000000 1.000000
    outer loop
      vertex 40.0000 72.5000 5.5000
      vertex 43.0000 72.5000 5.5000
      vertex 43.0000 73.0000 5.5000
    endloop
  endfacet
  facet normal 0.000000 0.000000 1.000000
    outer loop
      vertex 40.0000 72.5000 5.5000
      vertex 43.0000 73.0000 5.5000
      vertex 40.0000 73.0000 5.5000
    endloop
  endfacet
  facet normal 0.000000 1.000000 0.000000
    outer loop
      vertex 43.0000 73.0000 2.5000
      vertex 40.0000 73.0000 2.5000
      vertex 40.0000 73.0000 5.5000
    endloop
  endfacet
  facet normal 0.000000 1.000000 -0.000000
    outer loop
      vertex 43.0000 73.0000 2.5000
      vertex 40.0000 73.0000 5.5000
      vertex 43.0000 73.0000 5.5000
    endloop
  endfacet
  facet normal -1.000000 0.000000 0.000000
    outer loop
      vertex 40.0000 73.0000 2.5000
      vertex 40.0000 72.5000 2.5000
      vertex 40.0000 72.5000 5.5000
    endloop
  endfacet
  facet normal -1.000000 0.000000 0.000000
    outer loop
      vertex 40.0000 73.0000 2.5000
      vertex 40.0000 72.5000 5.5000
      vertex 40.0000 73.0000 5.5000
    endloop
  endfacet
  facet normal 1.000000 0.000000 0.000000
    outer loop
      vertex 43.0000 72.5000 2.5000
      vertex 43.0000 73.0000 2.5000
      vertex 43.0000 73.0000 5.5000
    endloop
  endfacet
  facet normal 1.000000 0.000000 0.000000
    outer loop
      vertex 43.0000 72.5000 2.5000
      vertex 43.0000 73.0000 5.5000
      vertex 43.0000 72.5000 5.5000
    endloop
  endfacet
  facet normal 0.000000 0.000000 -1.000000
    outer loop
      vertex 40.0000 73.0000 0.0000
      vertex 40.0000 76.8000 0.0000
      vertex 43.0000 76.8000 0.0000
    endloop
  endfacet
  facet normal 0.000000 0.000000 -1.000000
    outer loop
      vertex 40.0000 73.0000 0.0000
      vertex 43.0000 76.8000 0.0000
      vertex 43.0000 73.0000 0.0000
    endloop
  endfacet
  facet normal 0.000000 0.000000 1.000000
    outer loop
      vertex 40.0000 73.0000 2.5000
      vertex 43.0000 73.0000 2.5000
      vertex 43.0000 76.8000 2.5000
    endloop
  endfacet
  facet normal 0.000000 0.000000 1.000000
    outer loop
      vertex 40.0000 73.0000 2.5000
      vertex 43.0000 76.8000 2.5000
      vertex 40.0000 76.8000 2.5000
    endloop
  endfacet
  facet normal 0.000000 0.000000 -1.000000
    outer loop
      vertex 40.0000 76.8000 0.0000
      vertex 40.0000 80.2000 0.0000
      vertex 43.0000 80.2000 0.0000
    endloop
  endfacet
  facet normal 0.000000 0.000000 -1.000000
    outer loop
      vertex 40.0000 76.8000 0.0000
      vertex 43.0000 80.2000 0.0000
      vertex 43.0000 76.8000 0.0000
    endloop
  endfacet
  facet normal 0.000000 0.000000 1.000000
    outer loop
      vertex 40.0000 76.8000 2.5000
      vertex 43.0000 76.8000 2.5000
      vertex 43.0000 80.2000 2.5000
    endloop
  endfacet
  facet normal 0.000000 0.000000 1.000000
    outer loop
      vertex 40.0000 76.8000 2.5000
      vertex 43.0000 80.2000 2.5000
      vertex 40.0000 80.2000 2.5000
    endloop
  endfacet
  facet normal 0.000000 0.000000 -1.000000
    outer loop
      vertex 40.0000 80.2000 0.0000
      vertex 40.0000 81.5000 0.0000
      vertex 43.0000 81.5000 0.0000
    endloop
  endfacet
  facet normal 0.000000 0.000000 -1.000000
    outer loop
      vertex 40.0000 80.2000 0.0000
      vertex 43.0000 81.5000 0.0000
      vertex 43.0000 80.2000 0.0000
    endloop
  endfacet
  facet normal 0.000000 0.000000 1.000000
    outer loop
      vertex 40.0000 80.2000 2.5000
      vertex 43.0000 80.2000 2.5000
      vertex 43.0000 81.5000 2.5000
    endloop
  endfacet
  facet normal 0.000000 0.000000 1.000000
    outer loop
      vertex 40.0000 80.2000 2.5000
      vertex 43.0000 81.5000 2.5000
      vertex 40.0000 81.5000 2.5000
    endloop
  endfacet
  facet normal 0.000000 0.000000 -1.000000
    outer loop
      vertex 40.0000 81.5000 0.0000
      vertex 40.0000 84.0000 0.0000
      vertex 43.0000 84.0000 0.0000
    endloop
  endfacet
  facet normal 0.000000 0.000000 -1.000000
    outer loop
      vertex 40.0000 81.5000 0.0000
      vertex 43.0000 84.0000 0.0000
      vertex 43.0000 81.5000 0.0000
    endloop
  endfacet
  facet normal 0.000000 1.000000 0.000000
    outer loop
      vertex 43.0000 84.0000 0.0000
      vertex 40.0000 84.0000 0.0000
      vertex 40.0000 84.0000 2.5000
    endloop
  endfacet
  facet normal 0.000000 1.000000 -0.000000
    outer loop
      vertex 43.0000 84.0000 0.0000
      vertex 40.0000 84.0000 2.5000
      vertex 43.0000 84.0000 2.5000
    endloop
  endfacet
  facet normal 0.000000 -1.000000 0.000000
    outer loop
      vertex 40.0000 81.5000 2.5000
      vertex 43.0000 81.5000 2.5000
      vertex 43.0000 81.5000 5.5000
    endloop
  endfacet
  facet normal 0.000000 -1.000000 0.000000
    outer loop
      vertex 40.0000 81.5000 2.5000
      vertex 43.0000 81.5000 5.5000
      vertex 40.0000 81.5000 5.5000
    endloop
  endfacet
  facet normal 0.000000 1.000000 0.000000
    outer loop
      vertex 43.0000 84.0000 2.5000
      vertex 40.0000 84.0000 2.5000
      vertex 40.0000 84.0000 5.5000
    endloop
  endfacet
  facet normal 0.000000 1.000000 -0.000000
    outer loop
      vertex 43.0000 84.0000 2.5000
      vertex 40.0000 84.0000 5.5000
      vertex 43.0000 84.0000 5.5000
    endloop
  endfacet
  facet normal 0.000000 -1.000000 0.000000
    outer loop
      vertex 40.0000 81.5000 5.5000
      vertex 43.0000 81.5000 5.5000
      vertex 43.0000 81.5000 10.0000
    endloop
  endfacet
  facet normal 0.000000 -1.000000 0.000000
    outer loop
      vertex 40.0000 81.5000 5.5000
      vertex 43.0000 81.5000 10.0000
      vertex 40.0000 81.5000 10.0000
    endloop
  endfacet
  facet normal 0.000000 1.000000 0.000000
    outer loop
      vertex 43.0000 84.0000 5.5000
      vertex 40.0000 84.0000 5.5000
      vertex 40.0000 84.0000 10.0000
    endloop
  endfacet
  facet normal 0.000000 1.000000 -0.000000
    outer loop
      vertex 43.0000 84.0000 5.5000
      vertex 40.0000 84.0000 10.0000
      vertex 43.0000 84.0000 10.0000
    endloop
  endfacet
  facet normal 0.000000 0.000000 1.000000
    outer loop
      vertex 40.0000 81.5000 24.0000
      vertex 43.0000 81.5000 24.0000
      vertex 43.0000 84.0000 24.0000
    endloop
  endfacet
  facet normal 0.000000 0.000000 1.000000
    outer loop
      vertex 40.0000 81.5000 24.0000
      vertex 43.0000 84.0000 24.0000
      vertex 40.0000 84.0000 24.0000
    endloop
  endfacet
  facet normal 0.000000 -1.000000 0.000000
    outer loop
      vertex 40.0000 81.5000 10.0000
      vertex 43.0000 81.5000 10.0000
      vertex 43.0000 81.5000 24.0000
    endloop
  endfacet
  facet normal 0.000000 -1.000000 0.000000
    outer loop
      vertex 40.0000 81.5000 10.0000
      vertex 43.0000 81.5000 24.0000
      vertex 40.0000 81.5000 24.0000
    endloop
  endfacet
  facet normal 0.000000 1.000000 0.000000
    outer loop
      vertex 43.0000 84.0000 10.0000
      vertex 40.0000 84.0000 10.0000
      vertex 40.0000 84.0000 24.0000
    endloop
  endfacet
  facet normal 0.000000 1.000000 -0.000000
    outer loop
      vertex 43.0000 84.0000 10.0000
      vertex 40.0000 84.0000 24.0000
      vertex 43.0000 84.0000 24.0000
    endloop
  endfacet
  facet normal 0.000000 0.000000 -1.000000
    outer loop
      vertex 43.0000 0.0000 0.0000
      vertex 43.0000 2.5000 0.0000
      vertex 47.0000 2.5000 0.0000
    endloop
  endfacet
  facet normal 0.000000 0.000000 -1.000000
    outer loop
      vertex 43.0000 0.0000 0.0000
      vertex 47.0000 2.5000 0.0000
      vertex 47.0000 0.0000 0.0000
    endloop
  endfacet
  facet normal 0.000000 -1.000000 0.000000
    outer loop
      vertex 43.0000 0.0000 0.0000
      vertex 47.0000 0.0000 0.0000
      vertex 47.0000 0.0000 2.5000
    endloop
  endfacet
  facet normal 0.000000 -1.000000 0.000000
    outer loop
      vertex 43.0000 0.0000 0.0000
      vertex 47.0000 0.0000 2.5000
      vertex 43.0000 0.0000 2.5000
    endloop
  endfacet
  facet normal 0.000000 -1.000000 0.000000
    outer loop
      vertex 43.0000 0.0000 2.5000
      vertex 47.0000 0.0000 2.5000
      vertex 47.0000 0.0000 5.5000
    endloop
  endfacet
  facet normal 0.000000 -1.000000 0.000000
    outer loop
      vertex 43.0000 0.0000 2.5000
      vertex 47.0000 0.0000 5.5000
      vertex 43.0000 0.0000 5.5000
    endloop
  endfacet
  facet normal 0.000000 1.000000 0.000000
    outer loop
      vertex 47.0000 2.5000 2.5000
      vertex 43.0000 2.5000 2.5000
      vertex 43.0000 2.5000 5.5000
    endloop
  endfacet
  facet normal 0.000000 1.000000 -0.000000
    outer loop
      vertex 47.0000 2.5000 2.5000
      vertex 43.0000 2.5000 5.5000
      vertex 47.0000 2.5000 5.5000
    endloop
  endfacet
  facet normal 0.000000 -1.000000 0.000000
    outer loop
      vertex 43.0000 0.0000 5.5000
      vertex 47.0000 0.0000 5.5000
      vertex 47.0000 0.0000 10.0000
    endloop
  endfacet
  facet normal 0.000000 -1.000000 0.000000
    outer loop
      vertex 43.0000 0.0000 5.5000
      vertex 47.0000 0.0000 10.0000
      vertex 43.0000 0.0000 10.0000
    endloop
  endfacet
  facet normal 0.000000 1.000000 0.000000
    outer loop
      vertex 47.0000 2.5000 5.5000
      vertex 43.0000 2.5000 5.5000
      vertex 43.0000 2.5000 10.0000
    endloop
  endfacet
  facet normal 0.000000 1.000000 -0.000000
    outer loop
      vertex 47.0000 2.5000 5.5000
      vertex 43.0000 2.5000 10.0000
      vertex 47.0000 2.5000 10.0000
    endloop
  endfacet
  facet normal 0.000000 0.000000 1.000000
    outer loop
      vertex 43.0000 0.0000 24.0000
      vertex 47.0000 0.0000 24.0000
      vertex 47.0000 2.5000 24.0000
    endloop
  endfacet
  facet normal 0.000000 0.000000 1.000000
    outer loop
      vertex 43.0000 0.0000 24.0000
      vertex 47.0000 2.5000 24.0000
      vertex 43.0000 2.5000 24.0000
    endloop
  endfacet
  facet normal 0.000000 -1.000000 0.000000
    outer loop
      vertex 43.0000 0.0000 10.0000
      vertex 47.0000 0.0000 10.0000
      vertex 47.0000 0.0000 24.0000
    endloop
  endfacet
  facet normal 0.000000 -1.000000 0.000000
    outer loop
      vertex 43.0000 0.0000 10.0000
      vertex 47.0000 0.0000 24.0000
      vertex 43.0000 0.0000 24.0000
    endloop
  endfacet
  facet normal 0.000000 1.000000 0.000000
    outer loop
      vertex 47.0000 2.5000 10.0000
      vertex 43.0000 2.5000 10.0000
      vertex 43.0000 2.5000 24.0000
    endloop
  endfacet
  facet normal 0.000000 1.000000 -0.000000
    outer loop
      vertex 47.0000 2.5000 10.0000
      vertex 43.0000 2.5000 24.0000
      vertex 47.0000 2.5000 24.0000
    endloop
  endfacet
  facet normal 0.000000 0.000000 -1.000000
    outer loop
      vertex 43.0000 2.5000 0.0000
      vertex 43.0000 3.8000 0.0000
      vertex 47.0000 3.8000 0.0000
    endloop
  endfacet
  facet normal 0.000000 0.000000 -1.000000
    outer loop
      vertex 43.0000 2.5000 0.0000
      vertex 47.0000 3.8000 0.0000
      vertex 47.0000 2.5000 0.0000
    endloop
  endfacet
  facet normal 0.000000 0.000000 1.000000
    outer loop
      vertex 43.0000 2.5000 2.5000
      vertex 47.0000 2.5000 2.5000
      vertex 47.0000 3.8000 2.5000
    endloop
  endfacet
  facet normal 0.000000 0.000000 1.000000
    outer loop
      vertex 43.0000 2.5000 2.5000
      vertex 47.0000 3.8000 2.5000
      vertex 43.0000 3.8000 2.5000
    endloop
  endfacet
  facet normal 0.000000 0.000000 -1.000000
    outer loop
      vertex 43.0000 3.8000 0.0000
      vertex 43.0000 7.2000 0.0000
      vertex 47.0000 7.2000 0.0000
    endloop
  endfacet
  facet normal 0.000000 0.000000 -1.000000
    outer loop
      vertex 43.0000 3.8000 0.0000
      vertex 47.0000 7.2000 0.0000
      vertex 47.0000 3.8000 0.0000
    endloop
  endfacet
  facet normal 0.000000 0.000000 1.000000
    outer loop
      vertex 43.0000 3.8000 2.5000
      vertex 47.0000 3.8000 2.5000
      vertex 47.0000 7.2000 2.5000
    endloop
  endfacet
  facet normal 0.000000 0.000000 1.000000
    outer loop
      vertex 43.0000 3.8000 2.5000
      vertex 47.0000 7.2000 2.5000
      vertex 43.0000 7.2000 2.5000
    endloop
  endfacet
  facet normal 0.000000 0.000000 -1.000000
    outer loop
      vertex 43.0000 7.2000 0.0000
      vertex 43.0000 11.5000 0.0000
      vertex 47.0000 11.5000 0.0000
    endloop
  endfacet
  facet normal 0.000000 0.000000 -1.000000
    outer loop
      vertex 43.0000 7.2000 0.0000
      vertex 47.0000 11.5000 0.0000
      vertex 47.0000 7.2000 0.0000
    endloop
  endfacet
  facet normal 0.000000 0.000000 1.000000
    outer loop
      vertex 43.0000 7.2000 2.5000
      vertex 47.0000 7.2000 2.5000
      vertex 47.0000 11.5000 2.5000
    endloop
  endfacet
  facet normal 0.000000 0.000000 1.000000
    outer loop
      vertex 43.0000 7.2000 2.5000
      vertex 47.0000 11.5000 2.5000
      vertex 43.0000 11.5000 2.5000
    endloop
  endfacet
  facet normal 0.000000 0.000000 -1.000000
    outer loop
      vertex 43.0000 11.5000 0.0000
      vertex 43.0000 23.0000 0.0000
      vertex 47.0000 23.0000 0.0000
    endloop
  endfacet
  facet normal 0.000000 0.000000 -1.000000
    outer loop
      vertex 43.0000 11.5000 0.0000
      vertex 47.0000 23.0000 0.0000
      vertex 47.0000 11.5000 0.0000
    endloop
  endfacet
  facet normal 0.000000 0.000000 1.000000
    outer loop
      vertex 43.0000 11.5000 2.5000
      vertex 47.0000 11.5000 2.5000
      vertex 47.0000 23.0000 2.5000
    endloop
  endfacet
  facet normal 0.000000 0.000000 1.000000
    outer loop
      vertex 43.0000 11.5000 2.5000
      vertex 47.0000 23.0000 2.5000
      vertex 43.0000 23.0000 2.5000
    endloop
  endfacet
  facet normal 0.000000 0.000000 -1.000000
    outer loop
      vertex 43.0000 23.0000 0.0000
      vertex 43.0000 72.5000 0.0000
      vertex 47.0000 72.5000 0.0000
    endloop
  endfacet
  facet normal 0.000000 0.000000 -1.000000
    outer loop
      vertex 43.0000 23.0000 0.0000
      vertex 47.0000 72.5000 0.0000
      vertex 47.0000 23.0000 0.0000
    endloop
  endfacet
  facet normal 0.000000 0.000000 1.000000
    outer loop
      vertex 43.0000 23.0000 2.5000
      vertex 47.0000 23.0000 2.5000
      vertex 47.0000 72.5000 2.5000
    endloop
  endfacet
  facet normal 0.000000 0.000000 1.000000
    outer loop
      vertex 43.0000 23.0000 2.5000
      vertex 47.0000 72.5000 2.5000
      vertex 43.0000 72.5000 2.5000
    endloop
  endfacet
  facet normal 0.000000 0.000000 -1.000000
    outer loop
      vertex 43.0000 72.5000 0.0000
      vertex 43.0000 73.0000 0.0000
      vertex 47.0000 73.0000 0.0000
    endloop
  endfacet
  facet normal 0.000000 0.000000 -1.000000
    outer loop
      vertex 43.0000 72.5000 0.0000
      vertex 47.0000 73.0000 0.0000
      vertex 47.0000 72.5000 0.0000
    endloop
  endfacet
  facet normal 0.000000 0.000000 1.000000
    outer loop
      vertex 43.0000 72.5000 2.5000
      vertex 47.0000 72.5000 2.5000
      vertex 47.0000 73.0000 2.5000
    endloop
  endfacet
  facet normal 0.000000 0.000000 1.000000
    outer loop
      vertex 43.0000 72.5000 2.5000
      vertex 47.0000 73.0000 2.5000
      vertex 43.0000 73.0000 2.5000
    endloop
  endfacet
  facet normal 0.000000 0.000000 -1.000000
    outer loop
      vertex 43.0000 73.0000 0.0000
      vertex 43.0000 76.8000 0.0000
      vertex 47.0000 76.8000 0.0000
    endloop
  endfacet
  facet normal 0.000000 0.000000 -1.000000
    outer loop
      vertex 43.0000 73.0000 0.0000
      vertex 47.0000 76.8000 0.0000
      vertex 47.0000 73.0000 0.0000
    endloop
  endfacet
  facet normal 0.000000 0.000000 1.000000
    outer loop
      vertex 43.0000 73.0000 2.5000
      vertex 47.0000 73.0000 2.5000
      vertex 47.0000 76.8000 2.5000
    endloop
  endfacet
  facet normal 0.000000 0.000000 1.000000
    outer loop
      vertex 43.0000 73.0000 2.5000
      vertex 47.0000 76.8000 2.5000
      vertex 43.0000 76.8000 2.5000
    endloop
  endfacet
  facet normal 0.000000 0.000000 -1.000000
    outer loop
      vertex 43.0000 76.8000 0.0000
      vertex 43.0000 80.2000 0.0000
      vertex 47.0000 80.2000 0.0000
    endloop
  endfacet
  facet normal 0.000000 0.000000 -1.000000
    outer loop
      vertex 43.0000 76.8000 0.0000
      vertex 47.0000 80.2000 0.0000
      vertex 47.0000 76.8000 0.0000
    endloop
  endfacet
  facet normal 0.000000 0.000000 1.000000
    outer loop
      vertex 43.0000 76.8000 2.5000
      vertex 47.0000 76.8000 2.5000
      vertex 47.0000 80.2000 2.5000
    endloop
  endfacet
  facet normal 0.000000 0.000000 1.000000
    outer loop
      vertex 43.0000 76.8000 2.5000
      vertex 47.0000 80.2000 2.5000
      vertex 43.0000 80.2000 2.5000
    endloop
  endfacet
  facet normal 0.000000 0.000000 -1.000000
    outer loop
      vertex 43.0000 80.2000 0.0000
      vertex 43.0000 81.5000 0.0000
      vertex 47.0000 81.5000 0.0000
    endloop
  endfacet
  facet normal 0.000000 0.000000 -1.000000
    outer loop
      vertex 43.0000 80.2000 0.0000
      vertex 47.0000 81.5000 0.0000
      vertex 47.0000 80.2000 0.0000
    endloop
  endfacet
  facet normal 0.000000 0.000000 1.000000
    outer loop
      vertex 43.0000 80.2000 2.5000
      vertex 47.0000 80.2000 2.5000
      vertex 47.0000 81.5000 2.5000
    endloop
  endfacet
  facet normal 0.000000 0.000000 1.000000
    outer loop
      vertex 43.0000 80.2000 2.5000
      vertex 47.0000 81.5000 2.5000
      vertex 43.0000 81.5000 2.5000
    endloop
  endfacet
  facet normal 0.000000 0.000000 -1.000000
    outer loop
      vertex 43.0000 81.5000 0.0000
      vertex 43.0000 84.0000 0.0000
      vertex 47.0000 84.0000 0.0000
    endloop
  endfacet
  facet normal 0.000000 0.000000 -1.000000
    outer loop
      vertex 43.0000 81.5000 0.0000
      vertex 47.0000 84.0000 0.0000
      vertex 47.0000 81.5000 0.0000
    endloop
  endfacet
  facet normal 0.000000 1.000000 0.000000
    outer loop
      vertex 47.0000 84.0000 0.0000
      vertex 43.0000 84.0000 0.0000
      vertex 43.0000 84.0000 2.5000
    endloop
  endfacet
  facet normal 0.000000 1.000000 -0.000000
    outer loop
      vertex 47.0000 84.0000 0.0000
      vertex 43.0000 84.0000 2.5000
      vertex 47.0000 84.0000 2.5000
    endloop
  endfacet
  facet normal 0.000000 -1.000000 0.000000
    outer loop
      vertex 43.0000 81.5000 2.5000
      vertex 47.0000 81.5000 2.5000
      vertex 47.0000 81.5000 5.5000
    endloop
  endfacet
  facet normal 0.000000 -1.000000 0.000000
    outer loop
      vertex 43.0000 81.5000 2.5000
      vertex 47.0000 81.5000 5.5000
      vertex 43.0000 81.5000 5.5000
    endloop
  endfacet
  facet normal 0.000000 1.000000 0.000000
    outer loop
      vertex 47.0000 84.0000 2.5000
      vertex 43.0000 84.0000 2.5000
      vertex 43.0000 84.0000 5.5000
    endloop
  endfacet
  facet normal 0.000000 1.000000 -0.000000
    outer loop
      vertex 47.0000 84.0000 2.5000
      vertex 43.0000 84.0000 5.5000
      vertex 47.0000 84.0000 5.5000
    endloop
  endfacet
  facet normal 1.000000 0.000000 0.000000
    outer loop
      vertex 47.0000 81.5000 2.5000
      vertex 47.0000 84.0000 2.5000
      vertex 47.0000 84.0000 5.5000
    endloop
  endfacet
  facet normal 1.000000 0.000000 0.000000
    outer loop
      vertex 47.0000 81.5000 2.5000
      vertex 47.0000 84.0000 5.5000
      vertex 47.0000 81.5000 5.5000
    endloop
  endfacet
  facet normal 0.000000 -1.000000 0.000000
    outer loop
      vertex 43.0000 81.5000 5.5000
      vertex 47.0000 81.5000 5.5000
      vertex 47.0000 81.5000 10.0000
    endloop
  endfacet
  facet normal 0.000000 -1.000000 0.000000
    outer loop
      vertex 43.0000 81.5000 5.5000
      vertex 47.0000 81.5000 10.0000
      vertex 43.0000 81.5000 10.0000
    endloop
  endfacet
  facet normal 0.000000 1.000000 0.000000
    outer loop
      vertex 47.0000 84.0000 5.5000
      vertex 43.0000 84.0000 5.5000
      vertex 43.0000 84.0000 10.0000
    endloop
  endfacet
  facet normal 0.000000 1.000000 -0.000000
    outer loop
      vertex 47.0000 84.0000 5.5000
      vertex 43.0000 84.0000 10.0000
      vertex 47.0000 84.0000 10.0000
    endloop
  endfacet
  facet normal 1.000000 0.000000 0.000000
    outer loop
      vertex 47.0000 81.5000 5.5000
      vertex 47.0000 84.0000 5.5000
      vertex 47.0000 84.0000 10.0000
    endloop
  endfacet
  facet normal 1.000000 0.000000 0.000000
    outer loop
      vertex 47.0000 81.5000 5.5000
      vertex 47.0000 84.0000 10.0000
      vertex 47.0000 81.5000 10.0000
    endloop
  endfacet
  facet normal 0.000000 0.000000 1.000000
    outer loop
      vertex 43.0000 81.5000 24.0000
      vertex 47.0000 81.5000 24.0000
      vertex 47.0000 84.0000 24.0000
    endloop
  endfacet
  facet normal 0.000000 0.000000 1.000000
    outer loop
      vertex 43.0000 81.5000 24.0000
      vertex 47.0000 84.0000 24.0000
      vertex 43.0000 84.0000 24.0000
    endloop
  endfacet
  facet normal 0.000000 -1.000000 0.000000
    outer loop
      vertex 43.0000 81.5000 10.0000
      vertex 47.0000 81.5000 10.0000
      vertex 47.0000 81.5000 24.0000
    endloop
  endfacet
  facet normal 0.000000 -1.000000 0.000000
    outer loop
      vertex 43.0000 81.5000 10.0000
      vertex 47.0000 81.5000 24.0000
      vertex 43.0000 81.5000 24.0000
    endloop
  endfacet
  facet normal 0.000000 1.000000 0.000000
    outer loop
      vertex 47.0000 84.0000 10.0000
      vertex 43.0000 84.0000 10.0000
      vertex 43.0000 84.0000 24.0000
    endloop
  endfacet
  facet normal 0.000000 1.000000 -0.000000
    outer loop
      vertex 47.0000 84.0000 10.0000
      vertex 43.0000 84.0000 24.0000
      vertex 47.0000 84.0000 24.0000
    endloop
  endfacet
  facet normal 0.000000 0.000000 -1.000000
    outer loop
      vertex 47.0000 0.0000 0.0000
      vertex 47.0000 2.5000 0.0000
      vertex 61.0000 2.5000 0.0000
    endloop
  endfacet
  facet normal 0.000000 0.000000 -1.000000
    outer loop
      vertex 47.0000 0.0000 0.0000
      vertex 61.0000 2.5000 0.0000
      vertex 61.0000 0.0000 0.0000
    endloop
  endfacet
  facet normal 0.000000 -1.000000 0.000000
    outer loop
      vertex 47.0000 0.0000 0.0000
      vertex 61.0000 0.0000 0.0000
      vertex 61.0000 0.0000 2.5000
    endloop
  endfacet
  facet normal 0.000000 -1.000000 0.000000
    outer loop
      vertex 47.0000 0.0000 0.0000
      vertex 61.0000 0.0000 2.5000
      vertex 47.0000 0.0000 2.5000
    endloop
  endfacet
  facet normal 0.000000 -1.000000 0.000000
    outer loop
      vertex 47.0000 0.0000 2.5000
      vertex 61.0000 0.0000 2.5000
      vertex 61.0000 0.0000 5.5000
    endloop
  endfacet
  facet normal 0.000000 -1.000000 0.000000
    outer loop
      vertex 47.0000 0.0000 2.5000
      vertex 61.0000 0.0000 5.5000
      vertex 47.0000 0.0000 5.5000
    endloop
  endfacet
  facet normal 0.000000 1.000000 0.000000
    outer loop
      vertex 61.0000 2.5000 2.5000
      vertex 47.0000 2.5000 2.5000
      vertex 47.0000 2.5000 5.5000
    endloop
  endfacet
  facet normal 0.000000 1.000000 -0.000000
    outer loop
      vertex 61.0000 2.5000 2.5000
      vertex 47.0000 2.5000 5.5000
      vertex 61.0000 2.5000 5.5000
    endloop
  endfacet
  facet normal 0.000000 -1.000000 0.000000
    outer loop
      vertex 47.0000 0.0000 5.5000
      vertex 61.0000 0.0000 5.5000
      vertex 61.0000 0.0000 10.0000
    endloop
  endfacet
  facet normal 0.000000 -1.000000 0.000000
    outer loop
      vertex 47.0000 0.0000 5.5000
      vertex 61.0000 0.0000 10.0000
      vertex 47.0000 0.0000 10.0000
    endloop
  endfacet
  facet normal 0.000000 1.000000 0.000000
    outer loop
      vertex 61.0000 2.5000 5.5000
      vertex 47.0000 2.5000 5.5000
      vertex 47.0000 2.5000 10.0000
    endloop
  endfacet
  facet normal 0.000000 1.000000 -0.000000
    outer loop
      vertex 61.0000 2.5000 5.5000
      vertex 47.0000 2.5000 10.0000
      vertex 61.0000 2.5000 10.0000
    endloop
  endfacet
  facet normal 0.000000 0.000000 1.000000
    outer loop
      vertex 47.0000 0.0000 24.0000
      vertex 61.0000 0.0000 24.0000
      vertex 61.0000 2.5000 24.0000
    endloop
  endfacet
  facet normal 0.000000 0.000000 1.000000
    outer loop
      vertex 47.0000 0.0000 24.0000
      vertex 61.0000 2.5000 24.0000
      vertex 47.0000 2.5000 24.0000
    endloop
  endfacet
  facet normal 0.000000 -1.000000 0.000000
    outer loop
      vertex 47.0000 0.0000 10.0000
      vertex 61.0000 0.0000 10.0000
      vertex 61.0000 0.0000 24.0000
    endloop
  endfacet
  facet normal 0.000000 -1.000000 0.000000
    outer loop
      vertex 47.0000 0.0000 10.0000
      vertex 61.0000 0.0000 24.0000
      vertex 47.0000 0.0000 24.0000
    endloop
  endfacet
  facet normal 0.000000 1.000000 0.000000
    outer loop
      vertex 61.0000 2.5000 10.0000
      vertex 47.0000 2.5000 10.0000
      vertex 47.0000 2.5000 24.0000
    endloop
  endfacet
  facet normal 0.000000 1.000000 -0.000000
    outer loop
      vertex 61.0000 2.5000 10.0000
      vertex 47.0000 2.5000 24.0000
      vertex 61.0000 2.5000 24.0000
    endloop
  endfacet
  facet normal 0.000000 0.000000 -1.000000
    outer loop
      vertex 47.0000 2.5000 0.0000
      vertex 47.0000 3.8000 0.0000
      vertex 61.0000 3.8000 0.0000
    endloop
  endfacet
  facet normal 0.000000 0.000000 -1.000000
    outer loop
      vertex 47.0000 2.5000 0.0000
      vertex 61.0000 3.8000 0.0000
      vertex 61.0000 2.5000 0.0000
    endloop
  endfacet
  facet normal 0.000000 0.000000 1.000000
    outer loop
      vertex 47.0000 2.5000 2.5000
      vertex 61.0000 2.5000 2.5000
      vertex 61.0000 3.8000 2.5000
    endloop
  endfacet
  facet normal 0.000000 0.000000 1.000000
    outer loop
      vertex 47.0000 2.5000 2.5000
      vertex 61.0000 3.8000 2.5000
      vertex 47.0000 3.8000 2.5000
    endloop
  endfacet
  facet normal 0.000000 0.000000 -1.000000
    outer loop
      vertex 47.0000 3.8000 0.0000
      vertex 47.0000 7.2000 0.0000
      vertex 61.0000 7.2000 0.0000
    endloop
  endfacet
  facet normal 0.000000 0.000000 -1.000000
    outer loop
      vertex 47.0000 3.8000 0.0000
      vertex 61.0000 7.2000 0.0000
      vertex 61.0000 3.8000 0.0000
    endloop
  endfacet
  facet normal 0.000000 0.000000 1.000000
    outer loop
      vertex 47.0000 3.8000 2.5000
      vertex 61.0000 3.8000 2.5000
      vertex 61.0000 7.2000 2.5000
    endloop
  endfacet
  facet normal 0.000000 0.000000 1.000000
    outer loop
      vertex 47.0000 3.8000 2.5000
      vertex 61.0000 7.2000 2.5000
      vertex 47.0000 7.2000 2.5000
    endloop
  endfacet
  facet normal 0.000000 0.000000 -1.000000
    outer loop
      vertex 47.0000 7.2000 0.0000
      vertex 47.0000 11.5000 0.0000
      vertex 61.0000 11.5000 0.0000
    endloop
  endfacet
  facet normal 0.000000 0.000000 -1.000000
    outer loop
      vertex 47.0000 7.2000 0.0000
      vertex 61.0000 11.5000 0.0000
      vertex 61.0000 7.2000 0.0000
    endloop
  endfacet
  facet normal 0.000000 0.000000 1.000000
    outer loop
      vertex 47.0000 7.2000 2.5000
      vertex 61.0000 7.2000 2.5000
      vertex 61.0000 11.5000 2.5000
    endloop
  endfacet
  facet normal 0.000000 0.000000 1.000000
    outer loop
      vertex 47.0000 7.2000 2.5000
      vertex 61.0000 11.5000 2.5000
      vertex 47.0000 11.5000 2.5000
    endloop
  endfacet
  facet normal 0.000000 0.000000 -1.000000
    outer loop
      vertex 47.0000 11.5000 0.0000
      vertex 47.0000 23.0000 0.0000
      vertex 61.0000 23.0000 0.0000
    endloop
  endfacet
  facet normal 0.000000 0.000000 -1.000000
    outer loop
      vertex 47.0000 11.5000 0.0000
      vertex 61.0000 23.0000 0.0000
      vertex 61.0000 11.5000 0.0000
    endloop
  endfacet
  facet normal 0.000000 0.000000 1.000000
    outer loop
      vertex 47.0000 11.5000 2.5000
      vertex 61.0000 11.5000 2.5000
      vertex 61.0000 23.0000 2.5000
    endloop
  endfacet
  facet normal 0.000000 0.000000 1.000000
    outer loop
      vertex 47.0000 11.5000 2.5000
      vertex 61.0000 23.0000 2.5000
      vertex 47.0000 23.0000 2.5000
    endloop
  endfacet
  facet normal 0.000000 0.000000 -1.000000
    outer loop
      vertex 47.0000 23.0000 0.0000
      vertex 47.0000 72.5000 0.0000
      vertex 61.0000 72.5000 0.0000
    endloop
  endfacet
  facet normal 0.000000 0.000000 -1.000000
    outer loop
      vertex 47.0000 23.0000 0.0000
      vertex 61.0000 72.5000 0.0000
      vertex 61.0000 23.0000 0.0000
    endloop
  endfacet
  facet normal 0.000000 0.000000 1.000000
    outer loop
      vertex 47.0000 23.0000 2.5000
      vertex 61.0000 23.0000 2.5000
      vertex 61.0000 72.5000 2.5000
    endloop
  endfacet
  facet normal 0.000000 0.000000 1.000000
    outer loop
      vertex 47.0000 23.0000 2.5000
      vertex 61.0000 72.5000 2.5000
      vertex 47.0000 72.5000 2.5000
    endloop
  endfacet
  facet normal 0.000000 0.000000 -1.000000
    outer loop
      vertex 47.0000 72.5000 0.0000
      vertex 47.0000 73.0000 0.0000
      vertex 61.0000 73.0000 0.0000
    endloop
  endfacet
  facet normal 0.000000 0.000000 -1.000000
    outer loop
      vertex 47.0000 72.5000 0.0000
      vertex 61.0000 73.0000 0.0000
      vertex 61.0000 72.5000 0.0000
    endloop
  endfacet
  facet normal 0.000000 0.000000 1.000000
    outer loop
      vertex 47.0000 72.5000 2.5000
      vertex 61.0000 72.5000 2.5000
      vertex 61.0000 73.0000 2.5000
    endloop
  endfacet
  facet normal 0.000000 0.000000 1.000000
    outer loop
      vertex 47.0000 72.5000 2.5000
      vertex 61.0000 73.0000 2.5000
      vertex 47.0000 73.0000 2.5000
    endloop
  endfacet
  facet normal 0.000000 0.000000 -1.000000
    outer loop
      vertex 47.0000 73.0000 0.0000
      vertex 47.0000 76.8000 0.0000
      vertex 61.0000 76.8000 0.0000
    endloop
  endfacet
  facet normal 0.000000 0.000000 -1.000000
    outer loop
      vertex 47.0000 73.0000 0.0000
      vertex 61.0000 76.8000 0.0000
      vertex 61.0000 73.0000 0.0000
    endloop
  endfacet
  facet normal 0.000000 0.000000 1.000000
    outer loop
      vertex 47.0000 73.0000 2.5000
      vertex 61.0000 73.0000 2.5000
      vertex 61.0000 76.8000 2.5000
    endloop
  endfacet
  facet normal 0.000000 0.000000 1.000000
    outer loop
      vertex 47.0000 73.0000 2.5000
      vertex 61.0000 76.8000 2.5000
      vertex 47.0000 76.8000 2.5000
    endloop
  endfacet
  facet normal 0.000000 0.000000 -1.000000
    outer loop
      vertex 47.0000 76.8000 0.0000
      vertex 47.0000 80.2000 0.0000
      vertex 61.0000 80.2000 0.0000
    endloop
  endfacet
  facet normal 0.000000 0.000000 -1.000000
    outer loop
      vertex 47.0000 76.8000 0.0000
      vertex 61.0000 80.2000 0.0000
      vertex 61.0000 76.8000 0.0000
    endloop
  endfacet
  facet normal 0.000000 0.000000 1.000000
    outer loop
      vertex 47.0000 76.8000 2.5000
      vertex 61.0000 76.8000 2.5000
      vertex 61.0000 80.2000 2.5000
    endloop
  endfacet
  facet normal 0.000000 0.000000 1.000000
    outer loop
      vertex 47.0000 76.8000 2.5000
      vertex 61.0000 80.2000 2.5000
      vertex 47.0000 80.2000 2.5000
    endloop
  endfacet
  facet normal 0.000000 0.000000 -1.000000
    outer loop
      vertex 47.0000 80.2000 0.0000
      vertex 47.0000 81.5000 0.0000
      vertex 61.0000 81.5000 0.0000
    endloop
  endfacet
  facet normal 0.000000 0.000000 -1.000000
    outer loop
      vertex 47.0000 80.2000 0.0000
      vertex 61.0000 81.5000 0.0000
      vertex 61.0000 80.2000 0.0000
    endloop
  endfacet
  facet normal 0.000000 0.000000 1.000000
    outer loop
      vertex 47.0000 80.2000 2.5000
      vertex 61.0000 80.2000 2.5000
      vertex 61.0000 81.5000 2.5000
    endloop
  endfacet
  facet normal 0.000000 0.000000 1.000000
    outer loop
      vertex 47.0000 80.2000 2.5000
      vertex 61.0000 81.5000 2.5000
      vertex 47.0000 81.5000 2.5000
    endloop
  endfacet
  facet normal 0.000000 0.000000 -1.000000
    outer loop
      vertex 47.0000 81.5000 0.0000
      vertex 47.0000 84.0000 0.0000
      vertex 61.0000 84.0000 0.0000
    endloop
  endfacet
  facet normal 0.000000 0.000000 -1.000000
    outer loop
      vertex 47.0000 81.5000 0.0000
      vertex 61.0000 84.0000 0.0000
      vertex 61.0000 81.5000 0.0000
    endloop
  endfacet
  facet normal 0.000000 0.000000 1.000000
    outer loop
      vertex 47.0000 81.5000 2.5000
      vertex 61.0000 81.5000 2.5000
      vertex 61.0000 84.0000 2.5000
    endloop
  endfacet
  facet normal 0.000000 0.000000 1.000000
    outer loop
      vertex 47.0000 81.5000 2.5000
      vertex 61.0000 84.0000 2.5000
      vertex 47.0000 84.0000 2.5000
    endloop
  endfacet
  facet normal 0.000000 1.000000 0.000000
    outer loop
      vertex 61.0000 84.0000 0.0000
      vertex 47.0000 84.0000 0.0000
      vertex 47.0000 84.0000 2.5000
    endloop
  endfacet
  facet normal 0.000000 1.000000 -0.000000
    outer loop
      vertex 61.0000 84.0000 0.0000
      vertex 47.0000 84.0000 2.5000
      vertex 61.0000 84.0000 2.5000
    endloop
  endfacet
  facet normal 0.000000 0.000000 -1.000000
    outer loop
      vertex 47.0000 81.5000 10.0000
      vertex 47.0000 84.0000 10.0000
      vertex 61.0000 84.0000 10.0000
    endloop
  endfacet
  facet normal 0.000000 0.000000 -1.000000
    outer loop
      vertex 47.0000 81.5000 10.0000
      vertex 61.0000 84.0000 10.0000
      vertex 61.0000 81.5000 10.0000
    endloop
  endfacet
  facet normal 0.000000 0.000000 1.000000
    outer loop
      vertex 47.0000 81.5000 24.0000
      vertex 61.0000 81.5000 24.0000
      vertex 61.0000 84.0000 24.0000
    endloop
  endfacet
  facet normal 0.000000 0.000000 1.000000
    outer loop
      vertex 47.0000 81.5000 24.0000
      vertex 61.0000 84.0000 24.0000
      vertex 47.0000 84.0000 24.0000
    endloop
  endfacet
  facet normal 0.000000 -1.000000 0.000000
    outer loop
      vertex 47.0000 81.5000 10.0000
      vertex 61.0000 81.5000 10.0000
      vertex 61.0000 81.5000 24.0000
    endloop
  endfacet
  facet normal 0.000000 -1.000000 0.000000
    outer loop
      vertex 47.0000 81.5000 10.0000
      vertex 61.0000 81.5000 24.0000
      vertex 47.0000 81.5000 24.0000
    endloop
  endfacet
  facet normal 0.000000 1.000000 0.000000
    outer loop
      vertex 61.0000 84.0000 10.0000
      vertex 47.0000 84.0000 10.0000
      vertex 47.0000 84.0000 24.0000
    endloop
  endfacet
  facet normal 0.000000 1.000000 -0.000000
    outer loop
      vertex 61.0000 84.0000 10.0000
      vertex 47.0000 84.0000 24.0000
      vertex 61.0000 84.0000 24.0000
    endloop
  endfacet
  facet normal 0.000000 0.000000 -1.000000
    outer loop
      vertex 61.0000 0.0000 0.0000
      vertex 61.0000 2.5000 0.0000
      vertex 65.0000 2.5000 0.0000
    endloop
  endfacet
  facet normal 0.000000 0.000000 -1.000000
    outer loop
      vertex 61.0000 0.0000 0.0000
      vertex 65.0000 2.5000 0.0000
      vertex 65.0000 0.0000 0.0000
    endloop
  endfacet
  facet normal 0.000000 -1.000000 0.000000
    outer loop
      vertex 61.0000 0.0000 0.0000
      vertex 65.0000 0.0000 0.0000
      vertex 65.0000 0.0000 2.5000
    endloop
  endfacet
  facet normal 0.000000 -1.000000 0.000000
    outer loop
      vertex 61.0000 0.0000 0.0000
      vertex 65.0000 0.0000 2.5000
      vertex 61.0000 0.0000 2.5000
    endloop
  endfacet
  facet normal 0.000000 -1.000000 0.000000
    outer loop
      vertex 61.0000 0.0000 2.5000
      vertex 65.0000 0.0000 2.5000
      vertex 65.0000 0.0000 5.5000
    endloop
  endfacet
  facet normal 0.000000 -1.000000 0.000000
    outer loop
      vertex 61.0000 0.0000 2.5000
      vertex 65.0000 0.0000 5.5000
      vertex 61.0000 0.0000 5.5000
    endloop
  endfacet
  facet normal 0.000000 1.000000 0.000000
    outer loop
      vertex 65.0000 2.5000 2.5000
      vertex 61.0000 2.5000 2.5000
      vertex 61.0000 2.5000 5.5000
    endloop
  endfacet
  facet normal 0.000000 1.000000 -0.000000
    outer loop
      vertex 65.0000 2.5000 2.5000
      vertex 61.0000 2.5000 5.5000
      vertex 65.0000 2.5000 5.5000
    endloop
  endfacet
  facet normal 0.000000 -1.000000 0.000000
    outer loop
      vertex 61.0000 0.0000 5.5000
      vertex 65.0000 0.0000 5.5000
      vertex 65.0000 0.0000 10.0000
    endloop
  endfacet
  facet normal 0.000000 -1.000000 0.000000
    outer loop
      vertex 61.0000 0.0000 5.5000
      vertex 65.0000 0.0000 10.0000
      vertex 61.0000 0.0000 10.0000
    endloop
  endfacet
  facet normal 0.000000 1.000000 0.000000
    outer loop
      vertex 65.0000 2.5000 5.5000
      vertex 61.0000 2.5000 5.5000
      vertex 61.0000 2.5000 10.0000
    endloop
  endfacet
  facet normal 0.000000 1.000000 -0.000000
    outer loop
      vertex 65.0000 2.5000 5.5000
      vertex 61.0000 2.5000 10.0000
      vertex 65.0000 2.5000 10.0000
    endloop
  endfacet
  facet normal 0.000000 0.000000 1.000000
    outer loop
      vertex 61.0000 0.0000 24.0000
      vertex 65.0000 0.0000 24.0000
      vertex 65.0000 2.5000 24.0000
    endloop
  endfacet
  facet normal 0.000000 0.000000 1.000000
    outer loop
      vertex 61.0000 0.0000 24.0000
      vertex 65.0000 2.5000 24.0000
      vertex 61.0000 2.5000 24.0000
    endloop
  endfacet
  facet normal 0.000000 -1.000000 0.000000
    outer loop
      vertex 61.0000 0.0000 10.0000
      vertex 65.0000 0.0000 10.0000
      vertex 65.0000 0.0000 24.0000
    endloop
  endfacet
  facet normal 0.000000 -1.000000 0.000000
    outer loop
      vertex 61.0000 0.0000 10.0000
      vertex 65.0000 0.0000 24.0000
      vertex 61.0000 0.0000 24.0000
    endloop
  endfacet
  facet normal 0.000000 1.000000 0.000000
    outer loop
      vertex 65.0000 2.5000 10.0000
      vertex 61.0000 2.5000 10.0000
      vertex 61.0000 2.5000 24.0000
    endloop
  endfacet
  facet normal 0.000000 1.000000 -0.000000
    outer loop
      vertex 65.0000 2.5000 10.0000
      vertex 61.0000 2.5000 24.0000
      vertex 65.0000 2.5000 24.0000
    endloop
  endfacet
  facet normal 0.000000 0.000000 -1.000000
    outer loop
      vertex 61.0000 2.5000 0.0000
      vertex 61.0000 3.8000 0.0000
      vertex 65.0000 3.8000 0.0000
    endloop
  endfacet
  facet normal 0.000000 0.000000 -1.000000
    outer loop
      vertex 61.0000 2.5000 0.0000
      vertex 65.0000 3.8000 0.0000
      vertex 65.0000 2.5000 0.0000
    endloop
  endfacet
  facet normal 0.000000 0.000000 1.000000
    outer loop
      vertex 61.0000 2.5000 2.5000
      vertex 65.0000 2.5000 2.5000
      vertex 65.0000 3.8000 2.5000
    endloop
  endfacet
  facet normal 0.000000 0.000000 1.000000
    outer loop
      vertex 61.0000 2.5000 2.5000
      vertex 65.0000 3.8000 2.5000
      vertex 61.0000 3.8000 2.5000
    endloop
  endfacet
  facet normal 0.000000 0.000000 -1.000000
    outer loop
      vertex 61.0000 3.8000 0.0000
      vertex 61.0000 7.2000 0.0000
      vertex 65.0000 7.2000 0.0000
    endloop
  endfacet
  facet normal 0.000000 0.000000 -1.000000
    outer loop
      vertex 61.0000 3.8000 0.0000
      vertex 65.0000 7.2000 0.0000
      vertex 65.0000 3.8000 0.0000
    endloop
  endfacet
  facet normal 0.000000 0.000000 1.000000
    outer loop
      vertex 61.0000 3.8000 2.5000
      vertex 65.0000 3.8000 2.5000
      vertex 65.0000 7.2000 2.5000
    endloop
  endfacet
  facet normal 0.000000 0.000000 1.000000
    outer loop
      vertex 61.0000 3.8000 2.5000
      vertex 65.0000 7.2000 2.5000
      vertex 61.0000 7.2000 2.5000
    endloop
  endfacet
  facet normal 0.000000 0.000000 -1.000000
    outer loop
      vertex 61.0000 7.2000 0.0000
      vertex 61.0000 11.5000 0.0000
      vertex 65.0000 11.5000 0.0000
    endloop
  endfacet
  facet normal 0.000000 0.000000 -1.000000
    outer loop
      vertex 61.0000 7.2000 0.0000
      vertex 65.0000 11.5000 0.0000
      vertex 65.0000 7.2000 0.0000
    endloop
  endfacet
  facet normal 0.000000 0.000000 1.000000
    outer loop
      vertex 61.0000 7.2000 2.5000
      vertex 65.0000 7.2000 2.5000
      vertex 65.0000 11.5000 2.5000
    endloop
  endfacet
  facet normal 0.000000 0.000000 1.000000
    outer loop
      vertex 61.0000 7.2000 2.5000
      vertex 65.0000 11.5000 2.5000
      vertex 61.0000 11.5000 2.5000
    endloop
  endfacet
  facet normal 0.000000 0.000000 -1.000000
    outer loop
      vertex 61.0000 11.5000 0.0000
      vertex 61.0000 23.0000 0.0000
      vertex 65.0000 23.0000 0.0000
    endloop
  endfacet
  facet normal 0.000000 0.000000 -1.000000
    outer loop
      vertex 61.0000 11.5000 0.0000
      vertex 65.0000 23.0000 0.0000
      vertex 65.0000 11.5000 0.0000
    endloop
  endfacet
  facet normal 0.000000 0.000000 1.000000
    outer loop
      vertex 61.0000 11.5000 2.5000
      vertex 65.0000 11.5000 2.5000
      vertex 65.0000 23.0000 2.5000
    endloop
  endfacet
  facet normal 0.000000 0.000000 1.000000
    outer loop
      vertex 61.0000 11.5000 2.5000
      vertex 65.0000 23.0000 2.5000
      vertex 61.0000 23.0000 2.5000
    endloop
  endfacet
  facet normal 0.000000 0.000000 -1.000000
    outer loop
      vertex 61.0000 23.0000 0.0000
      vertex 61.0000 72.5000 0.0000
      vertex 65.0000 72.5000 0.0000
    endloop
  endfacet
  facet normal 0.000000 0.000000 -1.000000
    outer loop
      vertex 61.0000 23.0000 0.0000
      vertex 65.0000 72.5000 0.0000
      vertex 65.0000 23.0000 0.0000
    endloop
  endfacet
  facet normal 0.000000 0.000000 1.000000
    outer loop
      vertex 61.0000 23.0000 2.5000
      vertex 65.0000 23.0000 2.5000
      vertex 65.0000 72.5000 2.5000
    endloop
  endfacet
  facet normal 0.000000 0.000000 1.000000
    outer loop
      vertex 61.0000 23.0000 2.5000
      vertex 65.0000 72.5000 2.5000
      vertex 61.0000 72.5000 2.5000
    endloop
  endfacet
  facet normal 0.000000 0.000000 -1.000000
    outer loop
      vertex 61.0000 72.5000 0.0000
      vertex 61.0000 73.0000 0.0000
      vertex 65.0000 73.0000 0.0000
    endloop
  endfacet
  facet normal 0.000000 0.000000 -1.000000
    outer loop
      vertex 61.0000 72.5000 0.0000
      vertex 65.0000 73.0000 0.0000
      vertex 65.0000 72.5000 0.0000
    endloop
  endfacet
  facet normal 0.000000 0.000000 1.000000
    outer loop
      vertex 61.0000 72.5000 2.5000
      vertex 65.0000 72.5000 2.5000
      vertex 65.0000 73.0000 2.5000
    endloop
  endfacet
  facet normal 0.000000 0.000000 1.000000
    outer loop
      vertex 61.0000 72.5000 2.5000
      vertex 65.0000 73.0000 2.5000
      vertex 61.0000 73.0000 2.5000
    endloop
  endfacet
  facet normal 0.000000 0.000000 -1.000000
    outer loop
      vertex 61.0000 73.0000 0.0000
      vertex 61.0000 76.8000 0.0000
      vertex 65.0000 76.8000 0.0000
    endloop
  endfacet
  facet normal 0.000000 0.000000 -1.000000
    outer loop
      vertex 61.0000 73.0000 0.0000
      vertex 65.0000 76.8000 0.0000
      vertex 65.0000 73.0000 0.0000
    endloop
  endfacet
  facet normal 0.000000 0.000000 1.000000
    outer loop
      vertex 61.0000 73.0000 2.5000
      vertex 65.0000 73.0000 2.5000
      vertex 65.0000 76.8000 2.5000
    endloop
  endfacet
  facet normal 0.000000 0.000000 1.000000
    outer loop
      vertex 61.0000 73.0000 2.5000
      vertex 65.0000 76.8000 2.5000
      vertex 61.0000 76.8000 2.5000
    endloop
  endfacet
  facet normal 0.000000 0.000000 -1.000000
    outer loop
      vertex 61.0000 76.8000 0.0000
      vertex 61.0000 80.2000 0.0000
      vertex 65.0000 80.2000 0.0000
    endloop
  endfacet
  facet normal 0.000000 0.000000 -1.000000
    outer loop
      vertex 61.0000 76.8000 0.0000
      vertex 65.0000 80.2000 0.0000
      vertex 65.0000 76.8000 0.0000
    endloop
  endfacet
  facet normal 0.000000 0.000000 1.000000
    outer loop
      vertex 61.0000 76.8000 2.5000
      vertex 65.0000 76.8000 2.5000
      vertex 65.0000 80.2000 2.5000
    endloop
  endfacet
  facet normal 0.000000 0.000000 1.000000
    outer loop
      vertex 61.0000 76.8000 2.5000
      vertex 65.0000 80.2000 2.5000
      vertex 61.0000 80.2000 2.5000
    endloop
  endfacet
  facet normal 0.000000 0.000000 -1.000000
    outer loop
      vertex 61.0000 80.2000 0.0000
      vertex 61.0000 81.5000 0.0000
      vertex 65.0000 81.5000 0.0000
    endloop
  endfacet
  facet normal 0.000000 0.000000 -1.000000
    outer loop
      vertex 61.0000 80.2000 0.0000
      vertex 65.0000 81.5000 0.0000
      vertex 65.0000 80.2000 0.0000
    endloop
  endfacet
  facet normal 0.000000 0.000000 1.000000
    outer loop
      vertex 61.0000 80.2000 2.5000
      vertex 65.0000 80.2000 2.5000
      vertex 65.0000 81.5000 2.5000
    endloop
  endfacet
  facet normal 0.000000 0.000000 1.000000
    outer loop
      vertex 61.0000 80.2000 2.5000
      vertex 65.0000 81.5000 2.5000
      vertex 61.0000 81.5000 2.5000
    endloop
  endfacet
  facet normal 0.000000 0.000000 -1.000000
    outer loop
      vertex 61.0000 81.5000 0.0000
      vertex 61.0000 84.0000 0.0000
      vertex 65.0000 84.0000 0.0000
    endloop
  endfacet
  facet normal 0.000000 0.000000 -1.000000
    outer loop
      vertex 61.0000 81.5000 0.0000
      vertex 65.0000 84.0000 0.0000
      vertex 65.0000 81.5000 0.0000
    endloop
  endfacet
  facet normal 0.000000 1.000000 0.000000
    outer loop
      vertex 65.0000 84.0000 0.0000
      vertex 61.0000 84.0000 0.0000
      vertex 61.0000 84.0000 2.5000
    endloop
  endfacet
  facet normal 0.000000 1.000000 -0.000000
    outer loop
      vertex 65.0000 84.0000 0.0000
      vertex 61.0000 84.0000 2.5000
      vertex 65.0000 84.0000 2.5000
    endloop
  endfacet
  facet normal 0.000000 -1.000000 0.000000
    outer loop
      vertex 61.0000 81.5000 2.5000
      vertex 65.0000 81.5000 2.5000
      vertex 65.0000 81.5000 5.5000
    endloop
  endfacet
  facet normal 0.000000 -1.000000 0.000000
    outer loop
      vertex 61.0000 81.5000 2.5000
      vertex 65.0000 81.5000 5.5000
      vertex 61.0000 81.5000 5.5000
    endloop
  endfacet
  facet normal 0.000000 1.000000 0.000000
    outer loop
      vertex 65.0000 84.0000 2.5000
      vertex 61.0000 84.0000 2.5000
      vertex 61.0000 84.0000 5.5000
    endloop
  endfacet
  facet normal 0.000000 1.000000 -0.000000
    outer loop
      vertex 65.0000 84.0000 2.5000
      vertex 61.0000 84.0000 5.5000
      vertex 65.0000 84.0000 5.5000
    endloop
  endfacet
  facet normal -1.000000 0.000000 0.000000
    outer loop
      vertex 61.0000 84.0000 2.5000
      vertex 61.0000 81.5000 2.5000
      vertex 61.0000 81.5000 5.5000
    endloop
  endfacet
  facet normal -1.000000 0.000000 0.000000
    outer loop
      vertex 61.0000 84.0000 2.5000
      vertex 61.0000 81.5000 5.5000
      vertex 61.0000 84.0000 5.5000
    endloop
  endfacet
  facet normal 0.000000 -1.000000 0.000000
    outer loop
      vertex 61.0000 81.5000 5.5000
      vertex 65.0000 81.5000 5.5000
      vertex 65.0000 81.5000 10.0000
    endloop
  endfacet
  facet normal 0.000000 -1.000000 0.000000
    outer loop
      vertex 61.0000 81.5000 5.5000
      vertex 65.0000 81.5000 10.0000
      vertex 61.0000 81.5000 10.0000
    endloop
  endfacet
  facet normal 0.000000 1.000000 0.000000
    outer loop
      vertex 65.0000 84.0000 5.5000
      vertex 61.0000 84.0000 5.5000
      vertex 61.0000 84.0000 10.0000
    endloop
  endfacet
  facet normal 0.000000 1.000000 -0.000000
    outer loop
      vertex 65.0000 84.0000 5.5000
      vertex 61.0000 84.0000 10.0000
      vertex 65.0000 84.0000 10.0000
    endloop
  endfacet
  facet normal -1.000000 0.000000 0.000000
    outer loop
      vertex 61.0000 84.0000 5.5000
      vertex 61.0000 81.5000 5.5000
      vertex 61.0000 81.5000 10.0000
    endloop
  endfacet
  facet normal -1.000000 0.000000 0.000000
    outer loop
      vertex 61.0000 84.0000 5.5000
      vertex 61.0000 81.5000 10.0000
      vertex 61.0000 84.0000 10.0000
    endloop
  endfacet
  facet normal 0.000000 0.000000 1.000000
    outer loop
      vertex 61.0000 81.5000 24.0000
      vertex 65.0000 81.5000 24.0000
      vertex 65.0000 84.0000 24.0000
    endloop
  endfacet
  facet normal 0.000000 0.000000 1.000000
    outer loop
      vertex 61.0000 81.5000 24.0000
      vertex 65.0000 84.0000 24.0000
      vertex 61.0000 84.0000 24.0000
    endloop
  endfacet
  facet normal 0.000000 -1.000000 0.000000
    outer loop
      vertex 61.0000 81.5000 10.0000
      vertex 65.0000 81.5000 10.0000
      vertex 65.0000 81.5000 24.0000
    endloop
  endfacet
  facet normal 0.000000 -1.000000 0.000000
    outer loop
      vertex 61.0000 81.5000 10.0000
      vertex 65.0000 81.5000 24.0000
      vertex 61.0000 81.5000 24.0000
    endloop
  endfacet
  facet normal 0.000000 1.000000 0.000000
    outer loop
      vertex 65.0000 84.0000 10.0000
      vertex 61.0000 84.0000 10.0000
      vertex 61.0000 84.0000 24.0000
    endloop
  endfacet
  facet normal 0.000000 1.000000 -0.000000
    outer loop
      vertex 65.0000 84.0000 10.0000
      vertex 61.0000 84.0000 24.0000
      vertex 65.0000 84.0000 24.0000
    endloop
  endfacet
  facet normal 0.000000 0.000000 -1.000000
    outer loop
      vertex 65.0000 0.0000 0.0000
      vertex 65.0000 2.5000 0.0000
      vertex 68.0000 2.5000 0.0000
    endloop
  endfacet
  facet normal 0.000000 0.000000 -1.000000
    outer loop
      vertex 65.0000 0.0000 0.0000
      vertex 68.0000 2.5000 0.0000
      vertex 68.0000 0.0000 0.0000
    endloop
  endfacet
  facet normal 0.000000 -1.000000 0.000000
    outer loop
      vertex 65.0000 0.0000 0.0000
      vertex 68.0000 0.0000 0.0000
      vertex 68.0000 0.0000 2.5000
    endloop
  endfacet
  facet normal 0.000000 -1.000000 0.000000
    outer loop
      vertex 65.0000 0.0000 0.0000
      vertex 68.0000 0.0000 2.5000
      vertex 65.0000 0.0000 2.5000
    endloop
  endfacet
  facet normal 0.000000 -1.000000 0.000000
    outer loop
      vertex 65.0000 0.0000 2.5000
      vertex 68.0000 0.0000 2.5000
      vertex 68.0000 0.0000 5.5000
    endloop
  endfacet
  facet normal 0.000000 -1.000000 0.000000
    outer loop
      vertex 65.0000 0.0000 2.5000
      vertex 68.0000 0.0000 5.5000
      vertex 65.0000 0.0000 5.5000
    endloop
  endfacet
  facet normal 0.000000 1.000000 0.000000
    outer loop
      vertex 68.0000 2.5000 2.5000
      vertex 65.0000 2.5000 2.5000
      vertex 65.0000 2.5000 5.5000
    endloop
  endfacet
  facet normal 0.000000 1.000000 -0.000000
    outer loop
      vertex 68.0000 2.5000 2.5000
      vertex 65.0000 2.5000 5.5000
      vertex 68.0000 2.5000 5.5000
    endloop
  endfacet
  facet normal 0.000000 -1.000000 0.000000
    outer loop
      vertex 65.0000 0.0000 5.5000
      vertex 68.0000 0.0000 5.5000
      vertex 68.0000 0.0000 10.0000
    endloop
  endfacet
  facet normal 0.000000 -1.000000 0.000000
    outer loop
      vertex 65.0000 0.0000 5.5000
      vertex 68.0000 0.0000 10.0000
      vertex 65.0000 0.0000 10.0000
    endloop
  endfacet
  facet normal 0.000000 1.000000 0.000000
    outer loop
      vertex 68.0000 2.5000 5.5000
      vertex 65.0000 2.5000 5.5000
      vertex 65.0000 2.5000 10.0000
    endloop
  endfacet
  facet normal 0.000000 1.000000 -0.000000
    outer loop
      vertex 68.0000 2.5000 5.5000
      vertex 65.0000 2.5000 10.0000
      vertex 68.0000 2.5000 10.0000
    endloop
  endfacet
  facet normal 0.000000 0.000000 1.000000
    outer loop
      vertex 65.0000 0.0000 24.0000
      vertex 68.0000 0.0000 24.0000
      vertex 68.0000 2.5000 24.0000
    endloop
  endfacet
  facet normal 0.000000 0.000000 1.000000
    outer loop
      vertex 65.0000 0.0000 24.0000
      vertex 68.0000 2.5000 24.0000
      vertex 65.0000 2.5000 24.0000
    endloop
  endfacet
  facet normal 0.000000 -1.000000 0.000000
    outer loop
      vertex 65.0000 0.0000 10.0000
      vertex 68.0000 0.0000 10.0000
      vertex 68.0000 0.0000 24.0000
    endloop
  endfacet
  facet normal 0.000000 -1.000000 0.000000
    outer loop
      vertex 65.0000 0.0000 10.0000
      vertex 68.0000 0.0000 24.0000
      vertex 65.0000 0.0000 24.0000
    endloop
  endfacet
  facet normal 0.000000 1.000000 0.000000
    outer loop
      vertex 68.0000 2.5000 10.0000
      vertex 65.0000 2.5000 10.0000
      vertex 65.0000 2.5000 24.0000
    endloop
  endfacet
  facet normal 0.000000 1.000000 -0.000000
    outer loop
      vertex 68.0000 2.5000 10.0000
      vertex 65.0000 2.5000 24.0000
      vertex 68.0000 2.5000 24.0000
    endloop
  endfacet
  facet normal 0.000000 0.000000 -1.000000
    outer loop
      vertex 65.0000 2.5000 0.0000
      vertex 65.0000 3.8000 0.0000
      vertex 68.0000 3.8000 0.0000
    endloop
  endfacet
  facet normal 0.000000 0.000000 -1.000000
    outer loop
      vertex 65.0000 2.5000 0.0000
      vertex 68.0000 3.8000 0.0000
      vertex 68.0000 2.5000 0.0000
    endloop
  endfacet
  facet normal 0.000000 0.000000 1.000000
    outer loop
      vertex 65.0000 2.5000 2.5000
      vertex 68.0000 2.5000 2.5000
      vertex 68.0000 3.8000 2.5000
    endloop
  endfacet
  facet normal 0.000000 0.000000 1.000000
    outer loop
      vertex 65.0000 2.5000 2.5000
      vertex 68.0000 3.8000 2.5000
      vertex 65.0000 3.8000 2.5000
    endloop
  endfacet
  facet normal 0.000000 0.000000 -1.000000
    outer loop
      vertex 65.0000 3.8000 0.0000
      vertex 65.0000 7.2000 0.0000
      vertex 68.0000 7.2000 0.0000
    endloop
  endfacet
  facet normal 0.000000 0.000000 -1.000000
    outer loop
      vertex 65.0000 3.8000 0.0000
      vertex 68.0000 7.2000 0.0000
      vertex 68.0000 3.8000 0.0000
    endloop
  endfacet
  facet normal 0.000000 0.000000 1.000000
    outer loop
      vertex 65.0000 3.8000 2.5000
      vertex 68.0000 3.8000 2.5000
      vertex 68.0000 7.2000 2.5000
    endloop
  endfacet
  facet normal 0.000000 0.000000 1.000000
    outer loop
      vertex 65.0000 3.8000 2.5000
      vertex 68.0000 7.2000 2.5000
      vertex 65.0000 7.2000 2.5000
    endloop
  endfacet
  facet normal 0.000000 0.000000 -1.000000
    outer loop
      vertex 65.0000 7.2000 0.0000
      vertex 65.0000 11.5000 0.0000
      vertex 68.0000 11.5000 0.0000
    endloop
  endfacet
  facet normal 0.000000 0.000000 -1.000000
    outer loop
      vertex 65.0000 7.2000 0.0000
      vertex 68.0000 11.5000 0.0000
      vertex 68.0000 7.2000 0.0000
    endloop
  endfacet
  facet normal 0.000000 0.000000 1.000000
    outer loop
      vertex 65.0000 7.2000 2.5000
      vertex 68.0000 7.2000 2.5000
      vertex 68.0000 11.5000 2.5000
    endloop
  endfacet
  facet normal 0.000000 0.000000 1.000000
    outer loop
      vertex 65.0000 7.2000 2.5000
      vertex 68.0000 11.5000 2.5000
      vertex 65.0000 11.5000 2.5000
    endloop
  endfacet
  facet normal 0.000000 0.000000 -1.000000
    outer loop
      vertex 65.0000 11.5000 0.0000
      vertex 65.0000 23.0000 0.0000
      vertex 68.0000 23.0000 0.0000
    endloop
  endfacet
  facet normal 0.000000 0.000000 -1.000000
    outer loop
      vertex 65.0000 11.5000 0.0000
      vertex 68.0000 23.0000 0.0000
      vertex 68.0000 11.5000 0.0000
    endloop
  endfacet
  facet normal 0.000000 0.000000 1.000000
    outer loop
      vertex 65.0000 11.5000 2.5000
      vertex 68.0000 11.5000 2.5000
      vertex 68.0000 23.0000 2.5000
    endloop
  endfacet
  facet normal 0.000000 0.000000 1.000000
    outer loop
      vertex 65.0000 11.5000 2.5000
      vertex 68.0000 23.0000 2.5000
      vertex 65.0000 23.0000 2.5000
    endloop
  endfacet
  facet normal 0.000000 0.000000 -1.000000
    outer loop
      vertex 65.0000 23.0000 0.0000
      vertex 65.0000 72.5000 0.0000
      vertex 68.0000 72.5000 0.0000
    endloop
  endfacet
  facet normal 0.000000 0.000000 -1.000000
    outer loop
      vertex 65.0000 23.0000 0.0000
      vertex 68.0000 72.5000 0.0000
      vertex 68.0000 23.0000 0.0000
    endloop
  endfacet
  facet normal 0.000000 0.000000 1.000000
    outer loop
      vertex 65.0000 23.0000 5.5000
      vertex 68.0000 23.0000 5.5000
      vertex 68.0000 72.5000 5.5000
    endloop
  endfacet
  facet normal 0.000000 0.000000 1.000000
    outer loop
      vertex 65.0000 23.0000 5.5000
      vertex 68.0000 72.5000 5.5000
      vertex 65.0000 72.5000 5.5000
    endloop
  endfacet
  facet normal 0.000000 -1.000000 0.000000
    outer loop
      vertex 65.0000 23.0000 2.5000
      vertex 68.0000 23.0000 2.5000
      vertex 68.0000 23.0000 5.5000
    endloop
  endfacet
  facet normal 0.000000 -1.000000 0.000000
    outer loop
      vertex 65.0000 23.0000 2.5000
      vertex 68.0000 23.0000 5.5000
      vertex 65.0000 23.0000 5.5000
    endloop
  endfacet
  facet normal -1.000000 0.000000 0.000000
    outer loop
      vertex 65.0000 72.5000 2.5000
      vertex 65.0000 23.0000 2.5000
      vertex 65.0000 23.0000 5.5000
    endloop
  endfacet
  facet normal -1.000000 0.000000 0.000000
    outer loop
      vertex 65.0000 72.5000 2.5000
      vertex 65.0000 23.0000 5.5000
      vertex 65.0000 72.5000 5.5000
    endloop
  endfacet
  facet normal 1.000000 0.000000 0.000000
    outer loop
      vertex 68.0000 23.0000 2.5000
      vertex 68.0000 72.5000 2.5000
      vertex 68.0000 72.5000 5.5000
    endloop
  endfacet
  facet normal 1.000000 0.000000 0.000000
    outer loop
      vertex 68.0000 23.0000 2.5000
      vertex 68.0000 72.5000 5.5000
      vertex 68.0000 23.0000 5.5000
    endloop
  endfacet
  facet normal 0.000000 0.000000 -1.000000
    outer loop
      vertex 65.0000 72.5000 0.0000
      vertex 65.0000 73.0000 0.0000
      vertex 68.0000 73.0000 0.0000
    endloop
  endfacet
  facet normal 0.000000 0.000000 -1.000000
    outer loop
      vertex 65.0000 72.5000 0.0000
      vertex 68.0000 73.0000 0.0000
      vertex 68.0000 72.5000 0.0000
    endloop
  endfacet
  facet normal 0.000000 0.000000 1.000000
    outer loop
      vertex 65.0000 72.5000 5.5000
      vertex 68.0000 72.5000 5.5000
      vertex 68.0000 73.0000 5.5000
    endloop
  endfacet
  facet normal 0.000000 0.000000 1.000000
    outer loop
      vertex 65.0000 72.5000 5.5000
      vertex 68.0000 73.0000 5.5000
      vertex 65.0000 73.0000 5.5000
    endloop
  endfacet
  facet normal 0.000000 1.000000 0.000000
    outer loop
      vertex 68.0000 73.0000 2.5000
      vertex 65.0000 73.0000 2.5000
      vertex 65.0000 73.0000 5.5000
    endloop
  endfacet
  facet normal 0.000000 1.000000 -0.000000
    outer loop
      vertex 68.0000 73.0000 2.5000
      vertex 65.0000 73.0000 5.5000
      vertex 68.0000 73.0000 5.5000
    endloop
  endfacet
  facet normal -1.000000 0.000000 0.000000
    outer loop
      vertex 65.0000 73.0000 2.5000
      vertex 65.0000 72.5000 2.5000
      vertex 65.0000 72.5000 5.5000
    endloop
  endfacet
  facet normal -1.000000 0.000000 0.000000
    outer loop
      vertex 65.0000 73.0000 2.5000
      vertex 65.0000 72.5000 5.5000
      vertex 65.0000 73.0000 5.5000
    endloop
  endfacet
  facet normal 1.000000 0.000000 0.000000
    outer loop
      vertex 68.0000 72.5000 2.5000
      vertex 68.0000 73.0000 2.5000
      vertex 68.0000 73.0000 5.5000
    endloop
  endfacet
  facet normal 1.000000 0.000000 0.000000
    outer loop
      vertex 68.0000 72.5000 2.5000
      vertex 68.0000 73.0000 5.5000
      vertex 68.0000 72.5000 5.5000
    endloop
  endfacet
  facet normal 0.000000 0.000000 -1.000000
    outer loop
      vertex 65.0000 73.0000 0.0000
      vertex 65.0000 76.8000 0.0000
      vertex 68.0000 76.8000 0.0000
    endloop
  endfacet
  facet normal 0.000000 0.000000 -1.000000
    outer loop
      vertex 65.0000 73.0000 0.0000
      vertex 68.0000 76.8000 0.0000
      vertex 68.0000 73.0000 0.0000
    endloop
  endfacet
  facet normal 0.000000 0.000000 1.000000
    outer loop
      vertex 65.0000 73.0000 2.5000
      vertex 68.0000 73.0000 2.5000
      vertex 68.0000 76.8000 2.5000
    endloop
  endfacet
  facet normal 0.000000 0.000000 1.000000
    outer loop
      vertex 65.0000 73.0000 2.5000
      vertex 68.0000 76.8000 2.5000
      vertex 65.0000 76.8000 2.5000
    endloop
  endfacet
  facet normal 0.000000 0.000000 -1.000000
    outer loop
      vertex 65.0000 76.8000 0.0000
      vertex 65.0000 80.2000 0.0000
      vertex 68.0000 80.2000 0.0000
    endloop
  endfacet
  facet normal 0.000000 0.000000 -1.000000
    outer loop
      vertex 65.0000 76.8000 0.0000
      vertex 68.0000 80.2000 0.0000
      vertex 68.0000 76.8000 0.0000
    endloop
  endfacet
  facet normal 0.000000 0.000000 1.000000
    outer loop
      vertex 65.0000 76.8000 2.5000
      vertex 68.0000 76.8000 2.5000
      vertex 68.0000 80.2000 2.5000
    endloop
  endfacet
  facet normal 0.000000 0.000000 1.000000
    outer loop
      vertex 65.0000 76.8000 2.5000
      vertex 68.0000 80.2000 2.5000
      vertex 65.0000 80.2000 2.5000
    endloop
  endfacet
  facet normal 0.000000 0.000000 -1.000000
    outer loop
      vertex 65.0000 80.2000 0.0000
      vertex 65.0000 81.5000 0.0000
      vertex 68.0000 81.5000 0.0000
    endloop
  endfacet
  facet normal 0.000000 0.000000 -1.000000
    outer loop
      vertex 65.0000 80.2000 0.0000
      vertex 68.0000 81.5000 0.0000
      vertex 68.0000 80.2000 0.0000
    endloop
  endfacet
  facet normal 0.000000 0.000000 1.000000
    outer loop
      vertex 65.0000 80.2000 2.5000
      vertex 68.0000 80.2000 2.5000
      vertex 68.0000 81.5000 2.5000
    endloop
  endfacet
  facet normal 0.000000 0.000000 1.000000
    outer loop
      vertex 65.0000 80.2000 2.5000
      vertex 68.0000 81.5000 2.5000
      vertex 65.0000 81.5000 2.5000
    endloop
  endfacet
  facet normal 0.000000 0.000000 -1.000000
    outer loop
      vertex 65.0000 81.5000 0.0000
      vertex 65.0000 84.0000 0.0000
      vertex 68.0000 84.0000 0.0000
    endloop
  endfacet
  facet normal 0.000000 0.000000 -1.000000
    outer loop
      vertex 65.0000 81.5000 0.0000
      vertex 68.0000 84.0000 0.0000
      vertex 68.0000 81.5000 0.0000
    endloop
  endfacet
  facet normal 0.000000 1.000000 0.000000
    outer loop
      vertex 68.0000 84.0000 0.0000
      vertex 65.0000 84.0000 0.0000
      vertex 65.0000 84.0000 2.5000
    endloop
  endfacet
  facet normal 0.000000 1.000000 -0.000000
    outer loop
      vertex 68.0000 84.0000 0.0000
      vertex 65.0000 84.0000 2.5000
      vertex 68.0000 84.0000 2.5000
    endloop
  endfacet
  facet normal 0.000000 -1.000000 0.000000
    outer loop
      vertex 65.0000 81.5000 2.5000
      vertex 68.0000 81.5000 2.5000
      vertex 68.0000 81.5000 5.5000
    endloop
  endfacet
  facet normal 0.000000 -1.000000 0.000000
    outer loop
      vertex 65.0000 81.5000 2.5000
      vertex 68.0000 81.5000 5.5000
      vertex 65.0000 81.5000 5.5000
    endloop
  endfacet
  facet normal 0.000000 1.000000 0.000000
    outer loop
      vertex 68.0000 84.0000 2.5000
      vertex 65.0000 84.0000 2.5000
      vertex 65.0000 84.0000 5.5000
    endloop
  endfacet
  facet normal 0.000000 1.000000 -0.000000
    outer loop
      vertex 68.0000 84.0000 2.5000
      vertex 65.0000 84.0000 5.5000
      vertex 68.0000 84.0000 5.5000
    endloop
  endfacet
  facet normal 0.000000 -1.000000 0.000000
    outer loop
      vertex 65.0000 81.5000 5.5000
      vertex 68.0000 81.5000 5.5000
      vertex 68.0000 81.5000 10.0000
    endloop
  endfacet
  facet normal 0.000000 -1.000000 0.000000
    outer loop
      vertex 65.0000 81.5000 5.5000
      vertex 68.0000 81.5000 10.0000
      vertex 65.0000 81.5000 10.0000
    endloop
  endfacet
  facet normal 0.000000 1.000000 0.000000
    outer loop
      vertex 68.0000 84.0000 5.5000
      vertex 65.0000 84.0000 5.5000
      vertex 65.0000 84.0000 10.0000
    endloop
  endfacet
  facet normal 0.000000 1.000000 -0.000000
    outer loop
      vertex 68.0000 84.0000 5.5000
      vertex 65.0000 84.0000 10.0000
      vertex 68.0000 84.0000 10.0000
    endloop
  endfacet
  facet normal 0.000000 0.000000 1.000000
    outer loop
      vertex 65.0000 81.5000 24.0000
      vertex 68.0000 81.5000 24.0000
      vertex 68.0000 84.0000 24.0000
    endloop
  endfacet
  facet normal 0.000000 0.000000 1.000000
    outer loop
      vertex 65.0000 81.5000 24.0000
      vertex 68.0000 84.0000 24.0000
      vertex 65.0000 84.0000 24.0000
    endloop
  endfacet
  facet normal 0.000000 -1.000000 0.000000
    outer loop
      vertex 65.0000 81.5000 10.0000
      vertex 68.0000 81.5000 10.0000
      vertex 68.0000 81.5000 24.0000
    endloop
  endfacet
  facet normal 0.000000 -1.000000 0.000000
    outer loop
      vertex 65.0000 81.5000 10.0000
      vertex 68.0000 81.5000 24.0000
      vertex 65.0000 81.5000 24.0000
    endloop
  endfacet
  facet normal 0.000000 1.000000 0.000000
    outer loop
      vertex 68.0000 84.0000 10.0000
      vertex 65.0000 84.0000 10.0000
      vertex 65.0000 84.0000 24.0000
    endloop
  endfacet
  facet normal 0.000000 1.000000 -0.000000
    outer loop
      vertex 68.0000 84.0000 10.0000
      vertex 65.0000 84.0000 24.0000
      vertex 68.0000 84.0000 24.0000
    endloop
  endfacet
  facet normal 0.000000 0.000000 -1.000000
    outer loop
      vertex 68.0000 0.0000 0.0000
      vertex 68.0000 2.5000 0.0000
      vertex 138.5000 2.5000 0.0000
    endloop
  endfacet
  facet normal 0.000000 0.000000 -1.000000
    outer loop
      vertex 68.0000 0.0000 0.0000
      vertex 138.5000 2.5000 0.0000
      vertex 138.5000 0.0000 0.0000
    endloop
  endfacet
  facet normal 0.000000 -1.000000 0.000000
    outer loop
      vertex 68.0000 0.0000 0.0000
      vertex 138.5000 0.0000 0.0000
      vertex 138.5000 0.0000 2.5000
    endloop
  endfacet
  facet normal 0.000000 -1.000000 0.000000
    outer loop
      vertex 68.0000 0.0000 0.0000
      vertex 138.5000 0.0000 2.5000
      vertex 68.0000 0.0000 2.5000
    endloop
  endfacet
  facet normal 0.000000 -1.000000 0.000000
    outer loop
      vertex 68.0000 0.0000 2.5000
      vertex 138.5000 0.0000 2.5000
      vertex 138.5000 0.0000 5.5000
    endloop
  endfacet
  facet normal 0.000000 -1.000000 0.000000
    outer loop
      vertex 68.0000 0.0000 2.5000
      vertex 138.5000 0.0000 5.5000
      vertex 68.0000 0.0000 5.5000
    endloop
  endfacet
  facet normal 0.000000 1.000000 0.000000
    outer loop
      vertex 138.5000 2.5000 2.5000
      vertex 68.0000 2.5000 2.5000
      vertex 68.0000 2.5000 5.5000
    endloop
  endfacet
  facet normal 0.000000 1.000000 -0.000000
    outer loop
      vertex 138.5000 2.5000 2.5000
      vertex 68.0000 2.5000 5.5000
      vertex 138.5000 2.5000 5.5000
    endloop
  endfacet
  facet normal 0.000000 -1.000000 0.000000
    outer loop
      vertex 68.0000 0.0000 5.5000
      vertex 138.5000 0.0000 5.5000
      vertex 138.5000 0.0000 10.0000
    endloop
  endfacet
  facet normal 0.000000 -1.000000 0.000000
    outer loop
      vertex 68.0000 0.0000 5.5000
      vertex 138.5000 0.0000 10.0000
      vertex 68.0000 0.0000 10.0000
    endloop
  endfacet
  facet normal 0.000000 1.000000 0.000000
    outer loop
      vertex 138.5000 2.5000 5.5000
      vertex 68.0000 2.5000 5.5000
      vertex 68.0000 2.5000 10.0000
    endloop
  endfacet
  facet normal 0.000000 1.000000 -0.000000
    outer loop
      vertex 138.5000 2.5000 5.5000
      vertex 68.0000 2.5000 10.0000
      vertex 138.5000 2.5000 10.0000
    endloop
  endfacet
  facet normal 0.000000 0.000000 1.000000
    outer loop
      vertex 68.0000 0.0000 24.0000
      vertex 138.5000 0.0000 24.0000
      vertex 138.5000 2.5000 24.0000
    endloop
  endfacet
  facet normal 0.000000 0.000000 1.000000
    outer loop
      vertex 68.0000 0.0000 24.0000
      vertex 138.5000 2.5000 24.0000
      vertex 68.0000 2.5000 24.0000
    endloop
  endfacet
  facet normal 0.000000 -1.000000 0.000000
    outer loop
      vertex 68.0000 0.0000 10.0000
      vertex 138.5000 0.0000 10.0000
      vertex 138.5000 0.0000 24.0000
    endloop
  endfacet
  facet normal 0.000000 -1.000000 0.000000
    outer loop
      vertex 68.0000 0.0000 10.0000
      vertex 138.5000 0.0000 24.0000
      vertex 68.0000 0.0000 24.0000
    endloop
  endfacet
  facet normal 0.000000 1.000000 0.000000
    outer loop
      vertex 138.5000 2.5000 10.0000
      vertex 68.0000 2.5000 10.0000
      vertex 68.0000 2.5000 24.0000
    endloop
  endfacet
  facet normal 0.000000 1.000000 -0.000000
    outer loop
      vertex 138.5000 2.5000 10.0000
      vertex 68.0000 2.5000 24.0000
      vertex 138.5000 2.5000 24.0000
    endloop
  endfacet
  facet normal 0.000000 0.000000 -1.000000
    outer loop
      vertex 68.0000 2.5000 0.0000
      vertex 68.0000 3.8000 0.0000
      vertex 138.5000 3.8000 0.0000
    endloop
  endfacet
  facet normal 0.000000 0.000000 -1.000000
    outer loop
      vertex 68.0000 2.5000 0.0000
      vertex 138.5000 3.8000 0.0000
      vertex 138.5000 2.5000 0.0000
    endloop
  endfacet
  facet normal 0.000000 0.000000 1.000000
    outer loop
      vertex 68.0000 2.5000 2.5000
      vertex 138.5000 2.5000 2.5000
      vertex 138.5000 3.8000 2.5000
    endloop
  endfacet
  facet normal 0.000000 0.000000 1.000000
    outer loop
      vertex 68.0000 2.5000 2.5000
      vertex 138.5000 3.8000 2.5000
      vertex 68.0000 3.8000 2.5000
    endloop
  endfacet
  facet normal 0.000000 0.000000 -1.000000
    outer loop
      vertex 68.0000 3.8000 0.0000
      vertex 68.0000 7.2000 0.0000
      vertex 138.5000 7.2000 0.0000
    endloop
  endfacet
  facet normal 0.000000 0.000000 -1.000000
    outer loop
      vertex 68.0000 3.8000 0.0000
      vertex 138.5000 7.2000 0.0000
      vertex 138.5000 3.8000 0.0000
    endloop
  endfacet
  facet normal 0.000000 0.000000 1.000000
    outer loop
      vertex 68.0000 3.8000 2.5000
      vertex 138.5000 3.8000 2.5000
      vertex 138.5000 7.2000 2.5000
    endloop
  endfacet
  facet normal 0.000000 0.000000 1.000000
    outer loop
      vertex 68.0000 3.8000 2.5000
      vertex 138.5000 7.2000 2.5000
      vertex 68.0000 7.2000 2.5000
    endloop
  endfacet
  facet normal 0.000000 0.000000 -1.000000
    outer loop
      vertex 68.0000 7.2000 0.0000
      vertex 68.0000 11.5000 0.0000
      vertex 138.5000 11.5000 0.0000
    endloop
  endfacet
  facet normal 0.000000 0.000000 -1.000000
    outer loop
      vertex 68.0000 7.2000 0.0000
      vertex 138.5000 11.5000 0.0000
      vertex 138.5000 7.2000 0.0000
    endloop
  endfacet
  facet normal 0.000000 0.000000 1.000000
    outer loop
      vertex 68.0000 7.2000 2.5000
      vertex 138.5000 7.2000 2.5000
      vertex 138.5000 11.5000 2.5000
    endloop
  endfacet
  facet normal 0.000000 0.000000 1.000000
    outer loop
      vertex 68.0000 7.2000 2.5000
      vertex 138.5000 11.5000 2.5000
      vertex 68.0000 11.5000 2.5000
    endloop
  endfacet
  facet normal 0.000000 0.000000 -1.000000
    outer loop
      vertex 68.0000 11.5000 0.0000
      vertex 68.0000 23.0000 0.0000
      vertex 138.5000 23.0000 0.0000
    endloop
  endfacet
  facet normal 0.000000 0.000000 -1.000000
    outer loop
      vertex 68.0000 11.5000 0.0000
      vertex 138.5000 23.0000 0.0000
      vertex 138.5000 11.5000 0.0000
    endloop
  endfacet
  facet normal 0.000000 0.000000 1.000000
    outer loop
      vertex 68.0000 11.5000 2.5000
      vertex 138.5000 11.5000 2.5000
      vertex 138.5000 23.0000 2.5000
    endloop
  endfacet
  facet normal 0.000000 0.000000 1.000000
    outer loop
      vertex 68.0000 11.5000 2.5000
      vertex 138.5000 23.0000 2.5000
      vertex 68.0000 23.0000 2.5000
    endloop
  endfacet
  facet normal 0.000000 0.000000 -1.000000
    outer loop
      vertex 68.0000 23.0000 0.0000
      vertex 68.0000 72.5000 0.0000
      vertex 138.5000 72.5000 0.0000
    endloop
  endfacet
  facet normal 0.000000 0.000000 -1.000000
    outer loop
      vertex 68.0000 23.0000 0.0000
      vertex 138.5000 72.5000 0.0000
      vertex 138.5000 23.0000 0.0000
    endloop
  endfacet
  facet normal 0.000000 0.000000 1.000000
    outer loop
      vertex 68.0000 23.0000 2.5000
      vertex 138.5000 23.0000 2.5000
      vertex 138.5000 72.5000 2.5000
    endloop
  endfacet
  facet normal 0.000000 0.000000 1.000000
    outer loop
      vertex 68.0000 23.0000 2.5000
      vertex 138.5000 72.5000 2.5000
      vertex 68.0000 72.5000 2.5000
    endloop
  endfacet
  facet normal 0.000000 0.000000 -1.000000
    outer loop
      vertex 68.0000 72.5000 0.0000
      vertex 68.0000 73.0000 0.0000
      vertex 138.5000 73.0000 0.0000
    endloop
  endfacet
  facet normal 0.000000 0.000000 -1.000000
    outer loop
      vertex 68.0000 72.5000 0.0000
      vertex 138.5000 73.0000 0.0000
      vertex 138.5000 72.5000 0.0000
    endloop
  endfacet
  facet normal 0.000000 0.000000 1.000000
    outer loop
      vertex 68.0000 72.5000 2.5000
      vertex 138.5000 72.5000 2.5000
      vertex 138.5000 73.0000 2.5000
    endloop
  endfacet
  facet normal 0.000000 0.000000 1.000000
    outer loop
      vertex 68.0000 72.5000 2.5000
      vertex 138.5000 73.0000 2.5000
      vertex 68.0000 73.0000 2.5000
    endloop
  endfacet
  facet normal 0.000000 0.000000 -1.000000
    outer loop
      vertex 68.0000 73.0000 0.0000
      vertex 68.0000 76.8000 0.0000
      vertex 138.5000 76.8000 0.0000
    endloop
  endfacet
  facet normal 0.000000 0.000000 -1.000000
    outer loop
      vertex 68.0000 73.0000 0.0000
      vertex 138.5000 76.8000 0.0000
      vertex 138.5000 73.0000 0.0000
    endloop
  endfacet
  facet normal 0.000000 0.000000 1.000000
    outer loop
      vertex 68.0000 73.0000 2.5000
      vertex 138.5000 73.0000 2.5000
      vertex 138.5000 76.8000 2.5000
    endloop
  endfacet
  facet normal 0.000000 0.000000 1.000000
    outer loop
      vertex 68.0000 73.0000 2.5000
      vertex 138.5000 76.8000 2.5000
      vertex 68.0000 76.8000 2.5000
    endloop
  endfacet
  facet normal 0.000000 0.000000 -1.000000
    outer loop
      vertex 68.0000 76.8000 0.0000
      vertex 68.0000 80.2000 0.0000
      vertex 138.5000 80.2000 0.0000
    endloop
  endfacet
  facet normal 0.000000 0.000000 -1.000000
    outer loop
      vertex 68.0000 76.8000 0.0000
      vertex 138.5000 80.2000 0.0000
      vertex 138.5000 76.8000 0.0000
    endloop
  endfacet
  facet normal 0.000000 0.000000 1.000000
    outer loop
      vertex 68.0000 76.8000 2.5000
      vertex 138.5000 76.8000 2.5000
      vertex 138.5000 80.2000 2.5000
    endloop
  endfacet
  facet normal 0.000000 0.000000 1.000000
    outer loop
      vertex 68.0000 76.8000 2.5000
      vertex 138.5000 80.2000 2.5000
      vertex 68.0000 80.2000 2.5000
    endloop
  endfacet
  facet normal 0.000000 0.000000 -1.000000
    outer loop
      vertex 68.0000 80.2000 0.0000
      vertex 68.0000 81.5000 0.0000
      vertex 138.5000 81.5000 0.0000
    endloop
  endfacet
  facet normal 0.000000 0.000000 -1.000000
    outer loop
      vertex 68.0000 80.2000 0.0000
      vertex 138.5000 81.5000 0.0000
      vertex 138.5000 80.2000 0.0000
    endloop
  endfacet
  facet normal 0.000000 0.000000 1.000000
    outer loop
      vertex 68.0000 80.2000 2.5000
      vertex 138.5000 80.2000 2.5000
      vertex 138.5000 81.5000 2.5000
    endloop
  endfacet
  facet normal 0.000000 0.000000 1.000000
    outer loop
      vertex 68.0000 80.2000 2.5000
      vertex 138.5000 81.5000 2.5000
      vertex 68.0000 81.5000 2.5000
    endloop
  endfacet
  facet normal 0.000000 0.000000 -1.000000
    outer loop
      vertex 68.0000 81.5000 0.0000
      vertex 68.0000 84.0000 0.0000
      vertex 138.5000 84.0000 0.0000
    endloop
  endfacet
  facet normal 0.000000 0.000000 -1.000000
    outer loop
      vertex 68.0000 81.5000 0.0000
      vertex 138.5000 84.0000 0.0000
      vertex 138.5000 81.5000 0.0000
    endloop
  endfacet
  facet normal 0.000000 1.000000 0.000000
    outer loop
      vertex 138.5000 84.0000 0.0000
      vertex 68.0000 84.0000 0.0000
      vertex 68.0000 84.0000 2.5000
    endloop
  endfacet
  facet normal 0.000000 1.000000 -0.000000
    outer loop
      vertex 138.5000 84.0000 0.0000
      vertex 68.0000 84.0000 2.5000
      vertex 138.5000 84.0000 2.5000
    endloop
  endfacet
  facet normal 0.000000 -1.000000 0.000000
    outer loop
      vertex 68.0000 81.5000 2.5000
      vertex 138.5000 81.5000 2.5000
      vertex 138.5000 81.5000 5.5000
    endloop
  endfacet
  facet normal 0.000000 -1.000000 0.000000
    outer loop
      vertex 68.0000 81.5000 2.5000
      vertex 138.5000 81.5000 5.5000
      vertex 68.0000 81.5000 5.5000
    endloop
  endfacet
  facet normal 0.000000 1.000000 0.000000
    outer loop
      vertex 138.5000 84.0000 2.5000
      vertex 68.0000 84.0000 2.5000
      vertex 68.0000 84.0000 5.5000
    endloop
  endfacet
  facet normal 0.000000 1.000000 -0.000000
    outer loop
      vertex 138.5000 84.0000 2.5000
      vertex 68.0000 84.0000 5.5000
      vertex 138.5000 84.0000 5.5000
    endloop
  endfacet
  facet normal 0.000000 -1.000000 0.000000
    outer loop
      vertex 68.0000 81.5000 5.5000
      vertex 138.5000 81.5000 5.5000
      vertex 138.5000 81.5000 10.0000
    endloop
  endfacet
  facet normal 0.000000 -1.000000 0.000000
    outer loop
      vertex 68.0000 81.5000 5.5000
      vertex 138.5000 81.5000 10.0000
      vertex 68.0000 81.5000 10.0000
    endloop
  endfacet
  facet normal 0.000000 1.000000 0.000000
    outer loop
      vertex 138.5000 84.0000 5.5000
      vertex 68.0000 84.0000 5.5000
      vertex 68.0000 84.0000 10.0000
    endloop
  endfacet
  facet normal 0.000000 1.000000 -0.000000
    outer loop
      vertex 138.5000 84.0000 5.5000
      vertex 68.0000 84.0000 10.0000
      vertex 138.5000 84.0000 10.0000
    endloop
  endfacet
  facet normal 0.000000 0.000000 1.000000
    outer loop
      vertex 68.0000 81.5000 24.0000
      vertex 138.5000 81.5000 24.0000
      vertex 138.5000 84.0000 24.0000
    endloop
  endfacet
  facet normal 0.000000 0.000000 1.000000
    outer loop
      vertex 68.0000 81.5000 24.0000
      vertex 138.5000 84.0000 24.0000
      vertex 68.0000 84.0000 24.0000
    endloop
  endfacet
  facet normal 0.000000 -1.000000 0.000000
    outer loop
      vertex 68.0000 81.5000 10.0000
      vertex 138.5000 81.5000 10.0000
      vertex 138.5000 81.5000 24.0000
    endloop
  endfacet
  facet normal 0.000000 -1.000000 0.000000
    outer loop
      vertex 68.0000 81.5000 10.0000
      vertex 138.5000 81.5000 24.0000
      vertex 68.0000 81.5000 24.0000
    endloop
  endfacet
  facet normal 0.000000 1.000000 0.000000
    outer loop
      vertex 138.5000 84.0000 10.0000
      vertex 68.0000 84.0000 10.0000
      vertex 68.0000 84.0000 24.0000
    endloop
  endfacet
  facet normal 0.000000 1.000000 -0.000000
    outer loop
      vertex 138.5000 84.0000 10.0000
      vertex 68.0000 84.0000 24.0000
      vertex 138.5000 84.0000 24.0000
    endloop
  endfacet
  facet normal 0.000000 0.000000 -1.000000
    outer loop
      vertex 138.5000 0.0000 0.0000
      vertex 138.5000 2.5000 0.0000
      vertex 142.8000 2.5000 0.0000
    endloop
  endfacet
  facet normal 0.000000 0.000000 -1.000000
    outer loop
      vertex 138.5000 0.0000 0.0000
      vertex 142.8000 2.5000 0.0000
      vertex 142.8000 0.0000 0.0000
    endloop
  endfacet
  facet normal 0.000000 -1.000000 0.000000
    outer loop
      vertex 138.5000 0.0000 0.0000
      vertex 142.8000 0.0000 0.0000
      vertex 142.8000 0.0000 2.5000
    endloop
  endfacet
  facet normal 0.000000 -1.000000 0.000000
    outer loop
      vertex 138.5000 0.0000 0.0000
      vertex 142.8000 0.0000 2.5000
      vertex 138.5000 0.0000 2.5000
    endloop
  endfacet
  facet normal 0.000000 -1.000000 0.000000
    outer loop
      vertex 138.5000 0.0000 2.5000
      vertex 142.8000 0.0000 2.5000
      vertex 142.8000 0.0000 5.5000
    endloop
  endfacet
  facet normal 0.000000 -1.000000 0.000000
    outer loop
      vertex 138.5000 0.0000 2.5000
      vertex 142.8000 0.0000 5.5000
      vertex 138.5000 0.0000 5.5000
    endloop
  endfacet
  facet normal 0.000000 -1.000000 0.000000
    outer loop
      vertex 138.5000 0.0000 5.5000
      vertex 142.8000 0.0000 5.5000
      vertex 142.8000 0.0000 10.0000
    endloop
  endfacet
  facet normal 0.000000 -1.000000 0.000000
    outer loop
      vertex 138.5000 0.0000 5.5000
      vertex 142.8000 0.0000 10.0000
      vertex 138.5000 0.0000 10.0000
    endloop
  endfacet
  facet normal 0.000000 0.000000 1.000000
    outer loop
      vertex 138.5000 0.0000 24.0000
      vertex 142.8000 0.0000 24.0000
      vertex 142.8000 2.5000 24.0000
    endloop
  endfacet
  facet normal 0.000000 0.000000 1.000000
    outer loop
      vertex 138.5000 0.0000 24.0000
      vertex 142.8000 2.5000 24.0000
      vertex 138.5000 2.5000 24.0000
    endloop
  endfacet
  facet normal 0.000000 -1.000000 0.000000
    outer loop
      vertex 138.5000 0.0000 10.0000
      vertex 142.8000 0.0000 10.0000
      vertex 142.8000 0.0000 24.0000
    endloop
  endfacet
  facet normal 0.000000 -1.000000 0.000000
    outer loop
      vertex 138.5000 0.0000 10.0000
      vertex 142.8000 0.0000 24.0000
      vertex 138.5000 0.0000 24.0000
    endloop
  endfacet
  facet normal 0.000000 0.000000 -1.000000
    outer loop
      vertex 138.5000 2.5000 0.0000
      vertex 138.5000 3.8000 0.0000
      vertex 142.8000 3.8000 0.0000
    endloop
  endfacet
  facet normal 0.000000 0.000000 -1.000000
    outer loop
      vertex 138.5000 2.5000 0.0000
      vertex 142.8000 3.8000 0.0000
      vertex 142.8000 2.5000 0.0000
    endloop
  endfacet
  facet normal -1.000000 0.000000 0.000000
    outer loop
      vertex 138.5000 3.8000 2.5000
      vertex 138.5000 2.5000 2.5000
      vertex 138.5000 2.5000 5.5000
    endloop
  endfacet
  facet normal -1.000000 0.000000 0.000000
    outer loop
      vertex 138.5000 3.8000 2.5000
      vertex 138.5000 2.5000 5.5000
      vertex 138.5000 3.8000 5.5000
    endloop
  endfacet
  facet normal -1.000000 0.000000 0.000000
    outer loop
      vertex 138.5000 3.8000 5.5000
      vertex 138.5000 2.5000 5.5000
      vertex 138.5000 2.5000 10.0000
    endloop
  endfacet
  facet normal -1.000000 0.000000 0.000000
    outer loop
      vertex 138.5000 3.8000 5.5000
      vertex 138.5000 2.5000 10.0000
      vertex 138.5000 3.8000 10.0000
    endloop
  endfacet
  facet normal 0.000000 0.000000 1.000000
    outer loop
      vertex 138.5000 2.5000 24.0000
      vertex 142.8000 2.5000 24.0000
      vertex 142.8000 3.8000 24.0000
    endloop
  endfacet
  facet normal 0.000000 0.000000 1.000000
    outer loop
      vertex 138.5000 2.5000 24.0000
      vertex 142.8000 3.8000 24.0000
      vertex 138.5000 3.8000 24.0000
    endloop
  endfacet
  facet normal -1.000000 0.000000 0.000000
    outer loop
      vertex 138.5000 3.8000 10.0000
      vertex 138.5000 2.5000 10.0000
      vertex 138.5000 2.5000 24.0000
    endloop
  endfacet
  facet normal -1.000000 0.000000 0.000000
    outer loop
      vertex 138.5000 3.8000 10.0000
      vertex 138.5000 2.5000 24.0000
      vertex 138.5000 3.8000 24.0000
    endloop
  endfacet
  facet normal 0.000000 0.000000 -1.000000
    outer loop
      vertex 138.5000 3.8000 0.0000
      vertex 138.5000 7.2000 0.0000
      vertex 142.8000 7.2000 0.0000
    endloop
  endfacet
  facet normal 0.000000 0.000000 -1.000000
    outer loop
      vertex 138.5000 3.8000 0.0000
      vertex 142.8000 7.2000 0.0000
      vertex 142.8000 3.8000 0.0000
    endloop
  endfacet
  facet normal -1.000000 0.000000 0.000000
    outer loop
      vertex 138.5000 7.2000 2.5000
      vertex 138.5000 3.8000 2.5000
      vertex 138.5000 3.8000 5.5000
    endloop
  endfacet
  facet normal -1.000000 0.000000 0.000000
    outer loop
      vertex 138.5000 7.2000 2.5000
      vertex 138.5000 3.8000 5.5000
      vertex 138.5000 7.2000 5.5000
    endloop
  endfacet
  facet normal 1.000000 0.000000 0.000000
    outer loop
      vertex 142.8000 3.8000 2.5000
      vertex 142.8000 7.2000 2.5000
      vertex 142.8000 7.2000 5.5000
    endloop
  endfacet
  facet normal 1.000000 0.000000 0.000000
    outer loop
      vertex 142.8000 3.8000 2.5000
      vertex 142.8000 7.2000 5.5000
      vertex 142.8000 3.8000 5.5000
    endloop
  endfacet
  facet normal -1.000000 0.000000 0.000000
    outer loop
      vertex 138.5000 7.2000 5.5000
      vertex 138.5000 3.8000 5.5000
      vertex 138.5000 3.8000 10.0000
    endloop
  endfacet
  facet normal -1.000000 0.000000 0.000000
    outer loop
      vertex 138.5000 7.2000 5.5000
      vertex 138.5000 3.8000 10.0000
      vertex 138.5000 7.2000 10.0000
    endloop
  endfacet
  facet normal 1.000000 0.000000 0.000000
    outer loop
      vertex 142.8000 3.8000 5.5000
      vertex 142.8000 7.2000 5.5000
      vertex 142.8000 7.2000 10.0000
    endloop
  endfacet
  facet normal 1.000000 0.000000 0.000000
    outer loop
      vertex 142.8000 3.8000 5.5000
      vertex 142.8000 7.2000 10.0000
      vertex 142.8000 3.8000 10.0000
    endloop
  endfacet
  facet normal 0.000000 0.000000 1.000000
    outer loop
      vertex 138.5000 3.8000 24.0000
      vertex 142.8000 3.8000 24.0000
      vertex 142.8000 7.2000 24.0000
    endloop
  endfacet
  facet normal 0.000000 0.000000 1.000000
    outer loop
      vertex 138.5000 3.8000 24.0000
      vertex 142.8000 7.2000 24.0000
      vertex 138.5000 7.2000 24.0000
    endloop
  endfacet
  facet normal -1.000000 0.000000 0.000000
    outer loop
      vertex 138.5000 7.2000 10.0000
      vertex 138.5000 3.8000 10.0000
      vertex 138.5000 3.8000 24.0000
    endloop
  endfacet
  facet normal -1.000000 0.000000 0.000000
    outer loop
      vertex 138.5000 7.2000 10.0000
      vertex 138.5000 3.8000 24.0000
      vertex 138.5000 7.2000 24.0000
    endloop
  endfacet
  facet normal 1.000000 0.000000 0.000000
    outer loop
      vertex 142.8000 3.8000 10.0000
      vertex 142.8000 7.2000 10.0000
      vertex 142.8000 7.2000 24.0000
    endloop
  endfacet
  facet normal 1.000000 0.000000 0.000000
    outer loop
      vertex 142.8000 3.8000 10.0000
      vertex 142.8000 7.2000 24.0000
      vertex 142.8000 3.8000 24.0000
    endloop
  endfacet
  facet normal 0.000000 0.000000 -1.000000
    outer loop
      vertex 138.5000 7.2000 0.0000
      vertex 138.5000 11.5000 0.0000
      vertex 142.8000 11.5000 0.0000
    endloop
  endfacet
  facet normal 0.000000 0.000000 -1.000000
    outer loop
      vertex 138.5000 7.2000 0.0000
      vertex 142.8000 11.5000 0.0000
      vertex 142.8000 7.2000 0.0000
    endloop
  endfacet
  facet normal 0.000000 1.000000 0.000000
    outer loop
      vertex 142.8000 11.5000 2.5000
      vertex 138.5000 11.5000 2.5000
      vertex 138.5000 11.5000 5.5000
    endloop
  endfacet
  facet normal 0.000000 1.000000 -0.000000
    outer loop
      vertex 142.8000 11.5000 2.5000
      vertex 138.5000 11.5000 5.5000
      vertex 142.8000 11.5000 5.5000
    endloop
  endfacet
  facet normal -1.000000 0.000000 0.000000
    outer loop
      vertex 138.5000 11.5000 2.5000
      vertex 138.5000 7.2000 2.5000
      vertex 138.5000 7.2000 5.5000
    endloop
  endfacet
  facet normal -1.000000 0.000000 0.000000
    outer loop
      vertex 138.5000 11.5000 2.5000
      vertex 138.5000 7.2000 5.5000
      vertex 138.5000 11.5000 5.5000
    endloop
  endfacet
  facet normal 0.000000 1.000000 0.000000
    outer loop
      vertex 142.8000 11.5000 5.5000
      vertex 138.5000 11.5000 5.5000
      vertex 138.5000 11.5000 10.0000
    endloop
  endfacet
  facet normal 0.000000 1.000000 -0.000000
    outer loop
      vertex 142.8000 11.5000 5.5000
      vertex 138.5000 11.5000 10.0000
      vertex 142.8000 11.5000 10.0000
    endloop
  endfacet
  facet normal -1.000000 0.000000 0.000000
    outer loop
      vertex 138.5000 11.5000 5.5000
      vertex 138.5000 7.2000 5.5000
      vertex 138.5000 7.2000 10.0000
    endloop
  endfacet
  facet normal -1.000000 0.000000 0.000000
    outer loop
      vertex 138.5000 11.5000 5.5000
      vertex 138.5000 7.2000 10.0000
      vertex 138.5000 11.5000 10.0000
    endloop
  endfacet
  facet normal 0.000000 0.000000 1.000000
    outer loop
      vertex 138.5000 7.2000 24.0000
      vertex 142.8000 7.2000 24.0000
      vertex 142.8000 11.5000 24.0000
    endloop
  endfacet
  facet normal 0.000000 0.000000 1.000000
    outer loop
      vertex 138.5000 7.2000 24.0000
      vertex 142.8000 11.5000 24.0000
      vertex 138.5000 11.5000 24.0000
    endloop
  endfacet
  facet normal 0.000000 1.000000 0.000000
    outer loop
      vertex 142.8000 11.5000 10.0000
      vertex 138.5000 11.5000 10.0000
      vertex 138.5000 11.5000 24.0000
    endloop
  endfacet
  facet normal 0.000000 1.000000 -0.000000
    outer loop
      vertex 142.8000 11.5000 10.0000
      vertex 138.5000 11.5000 24.0000
      vertex 142.8000 11.5000 24.0000
    endloop
  endfacet
  facet normal -1.000000 0.000000 0.000000
    outer loop
      vertex 138.5000 11.5000 10.0000
      vertex 138.5000 7.2000 10.0000
      vertex 138.5000 7.2000 24.0000
    endloop
  endfacet
  facet normal -1.000000 0.000000 0.000000
    outer loop
      vertex 138.5000 11.5000 10.0000
      vertex 138.5000 7.2000 24.0000
      vertex 138.5000 11.5000 24.0000
    endloop
  endfacet
  facet normal 0.000000 0.000000 -1.000000
    outer loop
      vertex 138.5000 11.5000 0.0000
      vertex 138.5000 23.0000 0.0000
      vertex 142.8000 23.0000 0.0000
    endloop
  endfacet
  facet normal 0.000000 0.000000 -1.000000
    outer loop
      vertex 138.5000 11.5000 0.0000
      vertex 142.8000 23.0000 0.0000
      vertex 142.8000 11.5000 0.0000
    endloop
  endfacet
  facet normal 0.000000 0.000000 1.000000
    outer loop
      vertex 138.5000 11.5000 2.5000
      vertex 142.8000 11.5000 2.5000
      vertex 142.8000 23.0000 2.5000
    endloop
  endfacet
  facet normal 0.000000 0.000000 1.000000
    outer loop
      vertex 138.5000 11.5000 2.5000
      vertex 142.8000 23.0000 2.5000
      vertex 138.5000 23.0000 2.5000
    endloop
  endfacet
  facet normal 0.000000 0.000000 -1.000000
    outer loop
      vertex 138.5000 23.0000 0.0000
      vertex 138.5000 72.5000 0.0000
      vertex 142.8000 72.5000 0.0000
    endloop
  endfacet
  facet normal 0.000000 0.000000 -1.000000
    outer loop
      vertex 138.5000 23.0000 0.0000
      vertex 142.8000 72.5000 0.0000
      vertex 142.8000 23.0000 0.0000
    endloop
  endfacet
  facet normal 0.000000 0.000000 1.000000
    outer loop
      vertex 138.5000 23.0000 2.5000
      vertex 142.8000 23.0000 2.5000
      vertex 142.8000 72.5000 2.5000
    endloop
  endfacet
  facet normal 0.000000 0.000000 1.000000
    outer loop
      vertex 138.5000 23.0000 2.5000
      vertex 142.8000 72.5000 2.5000
      vertex 138.5000 72.5000 2.5000
    endloop
  endfacet
  facet normal 0.000000 0.000000 -1.000000
    outer loop
      vertex 138.5000 72.5000 0.0000
      vertex 138.5000 73.0000 0.0000
      vertex 142.8000 73.0000 0.0000
    endloop
  endfacet
  facet normal 0.000000 0.000000 -1.000000
    outer loop
      vertex 138.5000 72.5000 0.0000
      vertex 142.8000 73.0000 0.0000
      vertex 142.8000 72.5000 0.0000
    endloop
  endfacet
  facet normal 0.000000 -1.000000 0.000000
    outer loop
      vertex 138.5000 72.5000 2.5000
      vertex 142.8000 72.5000 2.5000
      vertex 142.8000 72.5000 5.5000
    endloop
  endfacet
  facet normal 0.000000 -1.000000 0.000000
    outer loop
      vertex 138.5000 72.5000 2.5000
      vertex 142.8000 72.5000 5.5000
      vertex 138.5000 72.5000 5.5000
    endloop
  endfacet
  facet normal -1.000000 0.000000 0.000000
    outer loop
      vertex 138.5000 73.0000 2.5000
      vertex 138.5000 72.5000 2.5000
      vertex 138.5000 72.5000 5.5000
    endloop
  endfacet
  facet normal -1.000000 0.000000 0.000000
    outer loop
      vertex 138.5000 73.0000 2.5000
      vertex 138.5000 72.5000 5.5000
      vertex 138.5000 73.0000 5.5000
    endloop
  endfacet
  facet normal 0.000000 -1.000000 0.000000
    outer loop
      vertex 138.5000 72.5000 5.5000
      vertex 142.8000 72.5000 5.5000
      vertex 142.8000 72.5000 10.0000
    endloop
  endfacet
  facet normal 0.000000 -1.000000 0.000000
    outer loop
      vertex 138.5000 72.5000 5.5000
      vertex 142.8000 72.5000 10.0000
      vertex 138.5000 72.5000 10.0000
    endloop
  endfacet
  facet normal -1.000000 0.000000 0.000000
    outer loop
      vertex 138.5000 73.0000 5.5000
      vertex 138.5000 72.5000 5.5000
      vertex 138.5000 72.5000 10.0000
    endloop
  endfacet
  facet normal -1.000000 0.000000 0.000000
    outer loop
      vertex 138.5000 73.0000 5.5000
      vertex 138.5000 72.5000 10.0000
      vertex 138.5000 73.0000 10.0000
    endloop
  endfacet
  facet normal 0.000000 0.000000 1.000000
    outer loop
      vertex 138.5000 72.5000 24.0000
      vertex 142.8000 72.5000 24.0000
      vertex 142.8000 73.0000 24.0000
    endloop
  endfacet
  facet normal 0.000000 0.000000 1.000000
    outer loop
      vertex 138.5000 72.5000 24.0000
      vertex 142.8000 73.0000 24.0000
      vertex 138.5000 73.0000 24.0000
    endloop
  endfacet
  facet normal 0.000000 -1.000000 0.000000
    outer loop
      vertex 138.5000 72.5000 10.0000
      vertex 142.8000 72.5000 10.0000
      vertex 142.8000 72.5000 24.0000
    endloop
  endfacet
  facet normal 0.000000 -1.000000 0.000000
    outer loop
      vertex 138.5000 72.5000 10.0000
      vertex 142.8000 72.5000 24.0000
      vertex 138.5000 72.5000 24.0000
    endloop
  endfacet
  facet normal -1.000000 0.000000 0.000000
    outer loop
      vertex 138.5000 73.0000 10.0000
      vertex 138.5000 72.5000 10.0000
      vertex 138.5000 72.5000 24.0000
    endloop
  endfacet
  facet normal -1.000000 0.000000 0.000000
    outer loop
      vertex 138.5000 73.0000 10.0000
      vertex 138.5000 72.5000 24.0000
      vertex 138.5000 73.0000 24.0000
    endloop
  endfacet
  facet normal 0.000000 0.000000 -1.000000
    outer loop
      vertex 138.5000 73.0000 0.0000
      vertex 138.5000 76.8000 0.0000
      vertex 142.8000 76.8000 0.0000
    endloop
  endfacet
  facet normal 0.000000 0.000000 -1.000000
    outer loop
      vertex 138.5000 73.0000 0.0000
      vertex 142.8000 76.8000 0.0000
      vertex 142.8000 73.0000 0.0000
    endloop
  endfacet
  facet normal -1.000000 0.000000 0.000000
    outer loop
      vertex 138.5000 76.8000 2.5000
      vertex 138.5000 73.0000 2.5000
      vertex 138.5000 73.0000 5.5000
    endloop
  endfacet
  facet normal -1.000000 0.000000 0.000000
    outer loop
      vertex 138.5000 76.8000 2.5000
      vertex 138.5000 73.0000 5.5000
      vertex 138.5000 76.8000 5.5000
    endloop
  endfacet
  facet normal -1.000000 0.000000 0.000000
    outer loop
      vertex 138.5000 76.8000 5.5000
      vertex 138.5000 73.0000 5.5000
      vertex 138.5000 73.0000 10.0000
    endloop
  endfacet
  facet normal -1.000000 0.000000 0.000000
    outer loop
      vertex 138.5000 76.8000 5.5000
      vertex 138.5000 73.0000 10.0000
      vertex 138.5000 76.8000 10.0000
    endloop
  endfacet
  facet normal 0.000000 0.000000 1.000000
    outer loop
      vertex 138.5000 73.0000 24.0000
      vertex 142.8000 73.0000 24.0000
      vertex 142.8000 76.8000 24.0000
    endloop
  endfacet
  facet normal 0.000000 0.000000 1.000000
    outer loop
      vertex 138.5000 73.0000 24.0000
      vertex 142.8000 76.8000 24.0000
      vertex 138.5000 76.8000 24.0000
    endloop
  endfacet
  facet normal -1.000000 0.000000 0.000000
    outer loop
      vertex 138.5000 76.8000 10.0000
      vertex 138.5000 73.0000 10.0000
      vertex 138.5000 73.0000 24.0000
    endloop
  endfacet
  facet normal -1.000000 0.000000 0.000000
    outer loop
      vertex 138.5000 76.8000 10.0000
      vertex 138.5000 73.0000 24.0000
      vertex 138.5000 76.8000 24.0000
    endloop
  endfacet
  facet normal 0.000000 0.000000 -1.000000
    outer loop
      vertex 138.5000 76.8000 0.0000
      vertex 138.5000 80.2000 0.0000
      vertex 142.8000 80.2000 0.0000
    endloop
  endfacet
  facet normal 0.000000 0.000000 -1.000000
    outer loop
      vertex 138.5000 76.8000 0.0000
      vertex 142.8000 80.2000 0.0000
      vertex 142.8000 76.8000 0.0000
    endloop
  endfacet
  facet normal -1.000000 0.000000 0.000000
    outer loop
      vertex 138.5000 80.2000 2.5000
      vertex 138.5000 76.8000 2.5000
      vertex 138.5000 76.8000 5.5000
    endloop
  endfacet
  facet normal -1.000000 0.000000 0.000000
    outer loop
      vertex 138.5000 80.2000 2.5000
      vertex 138.5000 76.8000 5.5000
      vertex 138.5000 80.2000 5.5000
    endloop
  endfacet
  facet normal 1.000000 0.000000 0.000000
    outer loop
      vertex 142.8000 76.8000 2.5000
      vertex 142.8000 80.2000 2.5000
      vertex 142.8000 80.2000 5.5000
    endloop
  endfacet
  facet normal 1.000000 0.000000 0.000000
    outer loop
      vertex 142.8000 76.8000 2.5000
      vertex 142.8000 80.2000 5.5000
      vertex 142.8000 76.8000 5.5000
    endloop
  endfacet
  facet normal -1.000000 0.000000 0.000000
    outer loop
      vertex 138.5000 80.2000 5.5000
      vertex 138.5000 76.8000 5.5000
      vertex 138.5000 76.8000 10.0000
    endloop
  endfacet
  facet normal -1.000000 0.000000 0.000000
    outer loop
      vertex 138.5000 80.2000 5.5000
      vertex 138.5000 76.8000 10.0000
      vertex 138.5000 80.2000 10.0000
    endloop
  endfacet
  facet normal 1.000000 0.000000 0.000000
    outer loop
      vertex 142.8000 76.8000 5.5000
      vertex 142.8000 80.2000 5.5000
      vertex 142.8000 80.2000 10.0000
    endloop
  endfacet
  facet normal 1.000000 0.000000 0.000000
    outer loop
      vertex 142.8000 76.8000 5.5000
      vertex 142.8000 80.2000 10.0000
      vertex 142.8000 76.8000 10.0000
    endloop
  endfacet
  facet normal 0.000000 0.000000 1.000000
    outer loop
      vertex 138.5000 76.8000 24.0000
      vertex 142.8000 76.8000 24.0000
      vertex 142.8000 80.2000 24.0000
    endloop
  endfacet
  facet normal 0.000000 0.000000 1.000000
    outer loop
      vertex 138.5000 76.8000 24.0000
      vertex 142.8000 80.2000 24.0000
      vertex 138.5000 80.2000 24.0000
    endloop
  endfacet
  facet normal -1.000000 0.000000 0.000000
    outer loop
      vertex 138.5000 80.2000 10.0000
      vertex 138.5000 76.8000 10.0000
      vertex 138.5000 76.8000 24.0000
    endloop
  endfacet
  facet normal -1.000000 0.000000 0.000000
    outer loop
      vertex 138.5000 80.2000 10.0000
      vertex 138.5000 76.8000 24.0000
      vertex 138.5000 80.2000 24.0000
    endloop
  endfacet
  facet normal 1.000000 0.000000 0.000000
    outer loop
      vertex 142.8000 76.8000 10.0000
      vertex 142.8000 80.2000 10.0000
      vertex 142.8000 80.2000 24.0000
    endloop
  endfacet
  facet normal 1.000000 0.000000 0.000000
    outer loop
      vertex 142.8000 76.8000 10.0000
      vertex 142.8000 80.2000 24.0000
      vertex 142.8000 76.8000 24.0000
    endloop
  endfacet
  facet normal 0.000000 0.000000 -1.000000
    outer loop
      vertex 138.5000 80.2000 0.0000
      vertex 138.5000 81.5000 0.0000
      vertex 142.8000 81.5000 0.0000
    endloop
  endfacet
  facet normal 0.000000 0.000000 -1.000000
    outer loop
      vertex 138.5000 80.2000 0.0000
      vertex 142.8000 81.5000 0.0000
      vertex 142.8000 80.2000 0.0000
    endloop
  endfacet
  facet normal -1.000000 0.000000 0.000000
    outer loop
      vertex 138.5000 81.5000 2.5000
      vertex 138.5000 80.2000 2.5000
      vertex 138.5000 80.2000 5.5000
    endloop
  endfacet
  facet normal -1.000000 0.000000 0.000000
    outer loop
      vertex 138.5000 81.5000 2.5000
      vertex 138.5000 80.2000 5.5000
      vertex 138.5000 81.5000 5.5000
    endloop
  endfacet
  facet normal -1.000000 0.000000 0.000000
    outer loop
      vertex 138.5000 81.5000 5.5000
      vertex 138.5000 80.2000 5.5000
      vertex 138.5000 80.2000 10.0000
    endloop
  endfacet
  facet normal -1.000000 0.000000 0.000000
    outer loop
      vertex 138.5000 81.5000 5.5000
      vertex 138.5000 80.2000 10.0000
      vertex 138.5000 81.5000 10.0000
    endloop
  endfacet
  facet normal 0.000000 0.000000 1.000000
    outer loop
      vertex 138.5000 80.2000 24.0000
      vertex 142.8000 80.2000 24.0000
      vertex 142.8000 81.5000 24.0000
    endloop
  endfacet
  facet normal 0.000000 0.000000 1.000000
    outer loop
      vertex 138.5000 80.2000 24.0000
      vertex 142.8000 81.5000 24.0000
      vertex 138.5000 81.5000 24.0000
    endloop
  endfacet
  facet normal -1.000000 0.000000 0.000000
    outer loop
      vertex 138.5000 81.5000 10.0000
      vertex 138.5000 80.2000 10.0000
      vertex 138.5000 80.2000 24.0000
    endloop
  endfacet
  facet normal -1.000000 0.000000 0.000000
    outer loop
      vertex 138.5000 81.5000 10.0000
      vertex 138.5000 80.2000 24.0000
      vertex 138.5000 81.5000 24.0000
    endloop
  endfacet
  facet normal 0.000000 0.000000 -1.000000
    outer loop
      vertex 138.5000 81.5000 0.0000
      vertex 138.5000 84.0000 0.0000
      vertex 142.8000 84.0000 0.0000
    endloop
  endfacet
  facet normal 0.000000 0.000000 -1.000000
    outer loop
      vertex 138.5000 81.5000 0.0000
      vertex 142.8000 84.0000 0.0000
      vertex 142.8000 81.5000 0.0000
    endloop
  endfacet
  facet normal 0.000000 1.000000 0.000000
    outer loop
      vertex 142.8000 84.0000 0.0000
      vertex 138.5000 84.0000 0.0000
      vertex 138.5000 84.0000 2.5000
    endloop
  endfacet
  facet normal 0.000000 1.000000 -0.000000
    outer loop
      vertex 142.8000 84.0000 0.0000
      vertex 138.5000 84.0000 2.5000
      vertex 142.8000 84.0000 2.5000
    endloop
  endfacet
  facet normal 0.000000 1.000000 0.000000
    outer loop
      vertex 142.8000 84.0000 2.5000
      vertex 138.5000 84.0000 2.5000
      vertex 138.5000 84.0000 5.5000
    endloop
  endfacet
  facet normal 0.000000 1.000000 -0.000000
    outer loop
      vertex 142.8000 84.0000 2.5000
      vertex 138.5000 84.0000 5.5000
      vertex 142.8000 84.0000 5.5000
    endloop
  endfacet
  facet normal 0.000000 1.000000 0.000000
    outer loop
      vertex 142.8000 84.0000 5.5000
      vertex 138.5000 84.0000 5.5000
      vertex 138.5000 84.0000 10.0000
    endloop
  endfacet
  facet normal 0.000000 1.000000 -0.000000
    outer loop
      vertex 142.8000 84.0000 5.5000
      vertex 138.5000 84.0000 10.0000
      vertex 142.8000 84.0000 10.0000
    endloop
  endfacet
  facet normal 0.000000 0.000000 1.000000
    outer loop
      vertex 138.5000 81.5000 24.0000
      vertex 142.8000 81.5000 24.0000
      vertex 142.8000 84.0000 24.0000
    endloop
  endfacet
  facet normal 0.000000 0.000000 1.000000
    outer loop
      vertex 138.5000 81.5000 24.0000
      vertex 142.8000 84.0000 24.0000
      vertex 138.5000 84.0000 24.0000
    endloop
  endfacet
  facet normal 0.000000 1.000000 0.000000
    outer loop
      vertex 142.8000 84.0000 10.0000
      vertex 138.5000 84.0000 10.0000
      vertex 138.5000 84.0000 24.0000
    endloop
  endfacet
  facet normal 0.000000 1.000000 -0.000000
    outer loop
      vertex 142.8000 84.0000 10.0000
      vertex 138.5000 84.0000 24.0000
      vertex 142.8000 84.0000 24.0000
    endloop
  endfacet
  facet normal 0.000000 0.000000 -1.000000
    outer loop
      vertex 142.8000 0.0000 0.0000
      vertex 142.8000 2.5000 0.0000
      vertex 146.2000 2.5000 0.0000
    endloop
  endfacet
  facet normal 0.000000 0.000000 -1.000000
    outer loop
      vertex 142.8000 0.0000 0.0000
      vertex 146.2000 2.5000 0.0000
      vertex 146.2000 0.0000 0.0000
    endloop
  endfacet
  facet normal 0.000000 -1.000000 0.000000
    outer loop
      vertex 142.8000 0.0000 0.0000
      vertex 146.2000 0.0000 0.0000
      vertex 146.2000 0.0000 2.5000
    endloop
  endfacet
  facet normal 0.000000 -1.000000 0.000000
    outer loop
      vertex 142.8000 0.0000 0.0000
      vertex 146.2000 0.0000 2.5000
      vertex 142.8000 0.0000 2.5000
    endloop
  endfacet
  facet normal 0.000000 -1.000000 0.000000
    outer loop
      vertex 142.8000 0.0000 2.5000
      vertex 146.2000 0.0000 2.5000
      vertex 146.2000 0.0000 5.5000
    endloop
  endfacet
  facet normal 0.000000 -1.000000 0.000000
    outer loop
      vertex 142.8000 0.0000 2.5000
      vertex 146.2000 0.0000 5.5000
      vertex 142.8000 0.0000 5.5000
    endloop
  endfacet
  facet normal 0.000000 -1.000000 0.000000
    outer loop
      vertex 142.8000 0.0000 5.5000
      vertex 146.2000 0.0000 5.5000
      vertex 146.2000 0.0000 10.0000
    endloop
  endfacet
  facet normal 0.000000 -1.000000 0.000000
    outer loop
      vertex 142.8000 0.0000 5.5000
      vertex 146.2000 0.0000 10.0000
      vertex 142.8000 0.0000 10.0000
    endloop
  endfacet
  facet normal 0.000000 0.000000 1.000000
    outer loop
      vertex 142.8000 0.0000 24.0000
      vertex 146.2000 0.0000 24.0000
      vertex 146.2000 2.5000 24.0000
    endloop
  endfacet
  facet normal 0.000000 0.000000 1.000000
    outer loop
      vertex 142.8000 0.0000 24.0000
      vertex 146.2000 2.5000 24.0000
      vertex 142.8000 2.5000 24.0000
    endloop
  endfacet
  facet normal 0.000000 -1.000000 0.000000
    outer loop
      vertex 142.8000 0.0000 10.0000
      vertex 146.2000 0.0000 10.0000
      vertex 146.2000 0.0000 24.0000
    endloop
  endfacet
  facet normal 0.000000 -1.000000 0.000000
    outer loop
      vertex 142.8000 0.0000 10.0000
      vertex 146.2000 0.0000 24.0000
      vertex 142.8000 0.0000 24.0000
    endloop
  endfacet
  facet normal 0.000000 0.000000 -1.000000
    outer loop
      vertex 142.8000 2.5000 0.0000
      vertex 142.8000 3.8000 0.0000
      vertex 146.2000 3.8000 0.0000
    endloop
  endfacet
  facet normal 0.000000 0.000000 -1.000000
    outer loop
      vertex 142.8000 2.5000 0.0000
      vertex 146.2000 3.8000 0.0000
      vertex 146.2000 2.5000 0.0000
    endloop
  endfacet
  facet normal 0.000000 1.000000 0.000000
    outer loop
      vertex 146.2000 3.8000 2.5000
      vertex 142.8000 3.8000 2.5000
      vertex 142.8000 3.8000 5.5000
    endloop
  endfacet
  facet normal 0.000000 1.000000 -0.000000
    outer loop
      vertex 146.2000 3.8000 2.5000
      vertex 142.8000 3.8000 5.5000
      vertex 146.2000 3.8000 5.5000
    endloop
  endfacet
  facet normal 0.000000 1.000000 0.000000
    outer loop
      vertex 146.2000 3.8000 5.5000
      vertex 142.8000 3.8000 5.5000
      vertex 142.8000 3.8000 10.0000
    endloop
  endfacet
  facet normal 0.000000 1.000000 -0.000000
    outer loop
      vertex 146.2000 3.8000 5.5000
      vertex 142.8000 3.8000 10.0000
      vertex 146.2000 3.8000 10.0000
    endloop
  endfacet
  facet normal 0.000000 0.000000 1.000000
    outer loop
      vertex 142.8000 2.5000 24.0000
      vertex 146.2000 2.5000 24.0000
      vertex 146.2000 3.8000 24.0000
    endloop
  endfacet
  facet normal 0.000000 0.000000 1.000000
    outer loop
      vertex 142.8000 2.5000 24.0000
      vertex 146.2000 3.8000 24.0000
      vertex 142.8000 3.8000 24.0000
    endloop
  endfacet
  facet normal 0.000000 1.000000 0.000000
    outer loop
      vertex 146.2000 3.8000 10.0000
      vertex 142.8000 3.8000 10.0000
      vertex 142.8000 3.8000 24.0000
    endloop
  endfacet
  facet normal 0.000000 1.000000 -0.000000
    outer loop
      vertex 146.2000 3.8000 10.0000
      vertex 142.8000 3.8000 24.0000
      vertex 146.2000 3.8000 24.0000
    endloop
  endfacet
  facet normal 0.000000 0.000000 -1.000000
    outer loop
      vertex 142.8000 3.8000 0.0000
      vertex 142.8000 7.2000 0.0000
      vertex 146.2000 7.2000 0.0000
    endloop
  endfacet
  facet normal 0.000000 0.000000 -1.000000
    outer loop
      vertex 142.8000 3.8000 0.0000
      vertex 146.2000 7.2000 0.0000
      vertex 146.2000 3.8000 0.0000
    endloop
  endfacet
  facet normal 0.000000 0.000000 1.000000
    outer loop
      vertex 142.8000 3.8000 2.5000
      vertex 146.2000 3.8000 2.5000
      vertex 146.2000 7.2000 2.5000
    endloop
  endfacet
  facet normal 0.000000 0.000000 1.000000
    outer loop
      vertex 142.8000 3.8000 2.5000
      vertex 146.2000 7.2000 2.5000
      vertex 142.8000 7.2000 2.5000
    endloop
  endfacet
  facet normal 0.000000 0.000000 -1.000000
    outer loop
      vertex 142.8000 7.2000 0.0000
      vertex 142.8000 11.5000 0.0000
      vertex 146.2000 11.5000 0.0000
    endloop
  endfacet
  facet normal 0.000000 0.000000 -1.000000
    outer loop
      vertex 142.8000 7.2000 0.0000
      vertex 146.2000 11.5000 0.0000
      vertex 146.2000 7.2000 0.0000
    endloop
  endfacet
  facet normal 0.000000 -1.000000 0.000000
    outer loop
      vertex 142.8000 7.2000 2.5000
      vertex 146.2000 7.2000 2.5000
      vertex 146.2000 7.2000 5.5000
    endloop
  endfacet
  facet normal 0.000000 -1.000000 0.000000
    outer loop
      vertex 142.8000 7.2000 2.5000
      vertex 146.2000 7.2000 5.5000
      vertex 142.8000 7.2000 5.5000
    endloop
  endfacet
  facet normal 0.000000 1.000000 0.000000
    outer loop
      vertex 146.2000 11.5000 2.5000
      vertex 142.8000 11.5000 2.5000
      vertex 142.8000 11.5000 5.5000
    endloop
  endfacet
  facet normal 0.000000 1.000000 -0.000000
    outer loop
      vertex 146.2000 11.5000 2.5000
      vertex 142.8000 11.5000 5.5000
      vertex 146.2000 11.5000 5.5000
    endloop
  endfacet
  facet normal 0.000000 -1.000000 0.000000
    outer loop
      vertex 142.8000 7.2000 5.5000
      vertex 146.2000 7.2000 5.5000
      vertex 146.2000 7.2000 10.0000
    endloop
  endfacet
  facet normal 0.000000 -1.000000 0.000000
    outer loop
      vertex 142.8000 7.2000 5.5000
      vertex 146.2000 7.2000 10.0000
      vertex 142.8000 7.2000 10.0000
    endloop
  endfacet
  facet normal 0.000000 1.000000 0.000000
    outer loop
      vertex 146.2000 11.5000 5.5000
      vertex 142.8000 11.5000 5.5000
      vertex 142.8000 11.5000 10.0000
    endloop
  endfacet
  facet normal 0.000000 1.000000 -0.000000
    outer loop
      vertex 146.2000 11.5000 5.5000
      vertex 142.8000 11.5000 10.0000
      vertex 146.2000 11.5000 10.0000
    endloop
  endfacet
  facet normal 0.000000 0.000000 1.000000
    outer loop
      vertex 142.8000 7.2000 24.0000
      vertex 146.2000 7.2000 24.0000
      vertex 146.2000 11.5000 24.0000
    endloop
  endfacet
  facet normal 0.000000 0.000000 1.000000
    outer loop
      vertex 142.8000 7.2000 24.0000
      vertex 146.2000 11.5000 24.0000
      vertex 142.8000 11.5000 24.0000
    endloop
  endfacet
  facet normal 0.000000 -1.000000 0.000000
    outer loop
      vertex 142.8000 7.2000 10.0000
      vertex 146.2000 7.2000 10.0000
      vertex 146.2000 7.2000 24.0000
    endloop
  endfacet
  facet normal 0.000000 -1.000000 0.000000
    outer loop
      vertex 142.8000 7.2000 10.0000
      vertex 146.2000 7.2000 24.0000
      vertex 142.8000 7.2000 24.0000
    endloop
  endfacet
  facet normal 0.000000 1.000000 0.000000
    outer loop
      vertex 146.2000 11.5000 10.0000
      vertex 142.8000 11.5000 10.0000
      vertex 142.8000 11.5000 24.0000
    endloop
  endfacet
  facet normal 0.000000 1.000000 -0.000000
    outer loop
      vertex 146.2000 11.5000 10.0000
      vertex 142.8000 11.5000 24.0000
      vertex 146.2000 11.5000 24.0000
    endloop
  endfacet
  facet normal 0.000000 0.000000 -1.000000
    outer loop
      vertex 142.8000 11.5000 0.0000
      vertex 142.8000 23.0000 0.0000
      vertex 146.2000 23.0000 0.0000
    endloop
  endfacet
  facet normal 0.000000 0.000000 -1.000000
    outer loop
      vertex 142.8000 11.5000 0.0000
      vertex 146.2000 23.0000 0.0000
      vertex 146.2000 11.5000 0.0000
    endloop
  endfacet
  facet normal 0.000000 0.000000 1.000000
    outer loop
      vertex 142.8000 11.5000 2.5000
      vertex 146.2000 11.5000 2.5000
      vertex 146.2000 23.0000 2.5000
    endloop
  endfacet
  facet normal 0.000000 0.000000 1.000000
    outer loop
      vertex 142.8000 11.5000 2.5000
      vertex 146.2000 23.0000 2.5000
      vertex 142.8000 23.0000 2.5000
    endloop
  endfacet
  facet normal 0.000000 0.000000 -1.000000
    outer loop
      vertex 142.8000 23.0000 0.0000
      vertex 142.8000 72.5000 0.0000
      vertex 146.2000 72.5000 0.0000
    endloop
  endfacet
  facet normal 0.000000 0.000000 -1.000000
    outer loop
      vertex 142.8000 23.0000 0.0000
      vertex 146.2000 72.5000 0.0000
      vertex 146.2000 23.0000 0.0000
    endloop
  endfacet
  facet normal 0.000000 0.000000 1.000000
    outer loop
      vertex 142.8000 23.0000 2.5000
      vertex 146.2000 23.0000 2.5000
      vertex 146.2000 72.5000 2.5000
    endloop
  endfacet
  facet normal 0.000000 0.000000 1.000000
    outer loop
      vertex 142.8000 23.0000 2.5000
      vertex 146.2000 72.5000 2.5000
      vertex 142.8000 72.5000 2.5000
    endloop
  endfacet
  facet normal 0.000000 0.000000 -1.000000
    outer loop
      vertex 142.8000 72.5000 0.0000
      vertex 142.8000 73.0000 0.0000
      vertex 146.2000 73.0000 0.0000
    endloop
  endfacet
  facet normal 0.000000 0.000000 -1.000000
    outer loop
      vertex 142.8000 72.5000 0.0000
      vertex 146.2000 73.0000 0.0000
      vertex 146.2000 72.5000 0.0000
    endloop
  endfacet
  facet normal 0.000000 -1.000000 0.000000
    outer loop
      vertex 142.8000 72.5000 2.5000
      vertex 146.2000 72.5000 2.5000
      vertex 146.2000 72.5000 5.5000
    endloop
  endfacet
  facet normal 0.000000 -1.000000 0.000000
    outer loop
      vertex 142.8000 72.5000 2.5000
      vertex 146.2000 72.5000 5.5000
      vertex 142.8000 72.5000 5.5000
    endloop
  endfacet
  facet normal 0.000000 -1.000000 0.000000
    outer loop
      vertex 142.8000 72.5000 5.5000
      vertex 146.2000 72.5000 5.5000
      vertex 146.2000 72.5000 10.0000
    endloop
  endfacet
  facet normal 0.000000 -1.000000 0.000000
    outer loop
      vertex 142.8000 72.5000 5.5000
      vertex 146.2000 72.5000 10.0000
      vertex 142.8000 72.5000 10.0000
    endloop
  endfacet
  facet normal 0.000000 0.000000 1.000000
    outer loop
      vertex 142.8000 72.5000 24.0000
      vertex 146.2000 72.5000 24.0000
      vertex 146.2000 73.0000 24.0000
    endloop
  endfacet
  facet normal 0.000000 0.000000 1.000000
    outer loop
      vertex 142.8000 72.5000 24.0000
      vertex 146.2000 73.0000 24.0000
      vertex 142.8000 73.0000 24.0000
    endloop
  endfacet
  facet normal 0.000000 -1.000000 0.000000
    outer loop
      vertex 142.8000 72.5000 10.0000
      vertex 146.2000 72.5000 10.0000
      vertex 146.2000 72.5000 24.0000
    endloop
  endfacet
  facet normal 0.000000 -1.000000 0.000000
    outer loop
      vertex 142.8000 72.5000 10.0000
      vertex 146.2000 72.5000 24.0000
      vertex 142.8000 72.5000 24.0000
    endloop
  endfacet
  facet normal 0.000000 0.000000 -1.000000
    outer loop
      vertex 142.8000 73.0000 0.0000
      vertex 142.8000 76.8000 0.0000
      vertex 146.2000 76.8000 0.0000
    endloop
  endfacet
  facet normal 0.000000 0.000000 -1.000000
    outer loop
      vertex 142.8000 73.0000 0.0000
      vertex 146.2000 76.8000 0.0000
      vertex 146.2000 73.0000 0.0000
    endloop
  endfacet
  facet normal 0.000000 1.000000 0.000000
    outer loop
      vertex 146.2000 76.8000 2.5000
      vertex 142.8000 76.8000 2.5000
      vertex 142.8000 76.8000 5.5000
    endloop
  endfacet
  facet normal 0.000000 1.000000 -0.000000
    outer loop
      vertex 146.2000 76.8000 2.5000
      vertex 142.8000 76.8000 5.5000
      vertex 146.2000 76.8000 5.5000
    endloop
  endfacet
  facet normal 0.000000 1.000000 0.000000
    outer loop
      vertex 146.2000 76.8000 5.5000
      vertex 142.8000 76.8000 5.5000
      vertex 142.8000 76.8000 10.0000
    endloop
  endfacet
  facet normal 0.000000 1.000000 -0.000000
    outer loop
      vertex 146.2000 76.8000 5.5000
      vertex 142.8000 76.8000 10.0000
      vertex 146.2000 76.8000 10.0000
    endloop
  endfacet
  facet normal 0.000000 0.000000 1.000000
    outer loop
      vertex 142.8000 73.0000 24.0000
      vertex 146.2000 73.0000 24.0000
      vertex 146.2000 76.8000 24.0000
    endloop
  endfacet
  facet normal 0.000000 0.000000 1.000000
    outer loop
      vertex 142.8000 73.0000 24.0000
      vertex 146.2000 76.8000 24.0000
      vertex 142.8000 76.8000 24.0000
    endloop
  endfacet
  facet normal 0.000000 1.000000 0.000000
    outer loop
      vertex 146.2000 76.8000 10.0000
      vertex 142.8000 76.8000 10.0000
      vertex 142.8000 76.8000 24.0000
    endloop
  endfacet
  facet normal 0.000000 1.000000 -0.000000
    outer loop
      vertex 146.2000 76.8000 10.0000
      vertex 142.8000 76.8000 24.0000
      vertex 146.2000 76.8000 24.0000
    endloop
  endfacet
  facet normal 0.000000 0.000000 -1.000000
    outer loop
      vertex 142.8000 76.8000 0.0000
      vertex 142.8000 80.2000 0.0000
      vertex 146.2000 80.2000 0.0000
    endloop
  endfacet
  facet normal 0.000000 0.000000 -1.000000
    outer loop
      vertex 142.8000 76.8000 0.0000
      vertex 146.2000 80.2000 0.0000
      vertex 146.2000 76.8000 0.0000
    endloop
  endfacet
  facet normal 0.000000 0.000000 1.000000
    outer loop
      vertex 142.8000 76.8000 2.5000
      vertex 146.2000 76.8000 2.5000
      vertex 146.2000 80.2000 2.5000
    endloop
  endfacet
  facet normal 0.000000 0.000000 1.000000
    outer loop
      vertex 142.8000 76.8000 2.5000
      vertex 146.2000 80.2000 2.5000
      vertex 142.8000 80.2000 2.5000
    endloop
  endfacet
  facet normal 0.000000 0.000000 -1.000000
    outer loop
      vertex 142.8000 80.2000 0.0000
      vertex 142.8000 81.5000 0.0000
      vertex 146.2000 81.5000 0.0000
    endloop
  endfacet
  facet normal 0.000000 0.000000 -1.000000
    outer loop
      vertex 142.8000 80.2000 0.0000
      vertex 146.2000 81.5000 0.0000
      vertex 146.2000 80.2000 0.0000
    endloop
  endfacet
  facet normal 0.000000 -1.000000 0.000000
    outer loop
      vertex 142.8000 80.2000 2.5000
      vertex 146.2000 80.2000 2.5000
      vertex 146.2000 80.2000 5.5000
    endloop
  endfacet
  facet normal 0.000000 -1.000000 0.000000
    outer loop
      vertex 142.8000 80.2000 2.5000
      vertex 146.2000 80.2000 5.5000
      vertex 142.8000 80.2000 5.5000
    endloop
  endfacet
  facet normal 0.000000 -1.000000 0.000000
    outer loop
      vertex 142.8000 80.2000 5.5000
      vertex 146.2000 80.2000 5.5000
      vertex 146.2000 80.2000 10.0000
    endloop
  endfacet
  facet normal 0.000000 -1.000000 0.000000
    outer loop
      vertex 142.8000 80.2000 5.5000
      vertex 146.2000 80.2000 10.0000
      vertex 142.8000 80.2000 10.0000
    endloop
  endfacet
  facet normal 0.000000 0.000000 1.000000
    outer loop
      vertex 142.8000 80.2000 24.0000
      vertex 146.2000 80.2000 24.0000
      vertex 146.2000 81.5000 24.0000
    endloop
  endfacet
  facet normal 0.000000 0.000000 1.000000
    outer loop
      vertex 142.8000 80.2000 24.0000
      vertex 146.2000 81.5000 24.0000
      vertex 142.8000 81.5000 24.0000
    endloop
  endfacet
  facet normal 0.000000 -1.000000 0.000000
    outer loop
      vertex 142.8000 80.2000 10.0000
      vertex 146.2000 80.2000 10.0000
      vertex 146.2000 80.2000 24.0000
    endloop
  endfacet
  facet normal 0.000000 -1.000000 0.000000
    outer loop
      vertex 142.8000 80.2000 10.0000
      vertex 146.2000 80.2000 24.0000
      vertex 142.8000 80.2000 24.0000
    endloop
  endfacet
  facet normal 0.000000 0.000000 -1.000000
    outer loop
      vertex 142.8000 81.5000 0.0000
      vertex 142.8000 84.0000 0.0000
      vertex 146.2000 84.0000 0.0000
    endloop
  endfacet
  facet normal 0.000000 0.000000 -1.000000
    outer loop
      vertex 142.8000 81.5000 0.0000
      vertex 146.2000 84.0000 0.0000
      vertex 146.2000 81.5000 0.0000
    endloop
  endfacet
  facet normal 0.000000 1.000000 0.000000
    outer loop
      vertex 146.2000 84.0000 0.0000
      vertex 142.8000 84.0000 0.0000
      vertex 142.8000 84.0000 2.5000
    endloop
  endfacet
  facet normal 0.000000 1.000000 -0.000000
    outer loop
      vertex 146.2000 84.0000 0.0000
      vertex 142.8000 84.0000 2.5000
      vertex 146.2000 84.0000 2.5000
    endloop
  endfacet
  facet normal 0.000000 1.000000 0.000000
    outer loop
      vertex 146.2000 84.0000 2.5000
      vertex 142.8000 84.0000 2.5000
      vertex 142.8000 84.0000 5.5000
    endloop
  endfacet
  facet normal 0.000000 1.000000 -0.000000
    outer loop
      vertex 146.2000 84.0000 2.5000
      vertex 142.8000 84.0000 5.5000
      vertex 146.2000 84.0000 5.5000
    endloop
  endfacet
  facet normal 0.000000 1.000000 0.000000
    outer loop
      vertex 146.2000 84.0000 5.5000
      vertex 142.8000 84.0000 5.5000
      vertex 142.8000 84.0000 10.0000
    endloop
  endfacet
  facet normal 0.000000 1.000000 -0.000000
    outer loop
      vertex 146.2000 84.0000 5.5000
      vertex 142.8000 84.0000 10.0000
      vertex 146.2000 84.0000 10.0000
    endloop
  endfacet
  facet normal 0.000000 0.000000 1.000000
    outer loop
      vertex 142.8000 81.5000 24.0000
      vertex 146.2000 81.5000 24.0000
      vertex 146.2000 84.0000 24.0000
    endloop
  endfacet
  facet normal 0.000000 0.000000 1.000000
    outer loop
      vertex 142.8000 81.5000 24.0000
      vertex 146.2000 84.0000 24.0000
      vertex 142.8000 84.0000 24.0000
    endloop
  endfacet
  facet normal 0.000000 1.000000 0.000000
    outer loop
      vertex 146.2000 84.0000 10.0000
      vertex 142.8000 84.0000 10.0000
      vertex 142.8000 84.0000 24.0000
    endloop
  endfacet
  facet normal 0.000000 1.000000 -0.000000
    outer loop
      vertex 146.2000 84.0000 10.0000
      vertex 142.8000 84.0000 24.0000
      vertex 146.2000 84.0000 24.0000
    endloop
  endfacet
  facet normal 0.000000 0.000000 -1.000000
    outer loop
      vertex 146.2000 0.0000 0.0000
      vertex 146.2000 2.5000 0.0000
      vertex 147.5000 2.5000 0.0000
    endloop
  endfacet
  facet normal 0.000000 0.000000 -1.000000
    outer loop
      vertex 146.2000 0.0000 0.0000
      vertex 147.5000 2.5000 0.0000
      vertex 147.5000 0.0000 0.0000
    endloop
  endfacet
  facet normal 0.000000 -1.000000 0.000000
    outer loop
      vertex 146.2000 0.0000 0.0000
      vertex 147.5000 0.0000 0.0000
      vertex 147.5000 0.0000 2.5000
    endloop
  endfacet
  facet normal 0.000000 -1.000000 0.000000
    outer loop
      vertex 146.2000 0.0000 0.0000
      vertex 147.5000 0.0000 2.5000
      vertex 146.2000 0.0000 2.5000
    endloop
  endfacet
  facet normal 0.000000 -1.000000 0.000000
    outer loop
      vertex 146.2000 0.0000 2.5000
      vertex 147.5000 0.0000 2.5000
      vertex 147.5000 0.0000 5.5000
    endloop
  endfacet
  facet normal 0.000000 -1.000000 0.000000
    outer loop
      vertex 146.2000 0.0000 2.5000
      vertex 147.5000 0.0000 5.5000
      vertex 146.2000 0.0000 5.5000
    endloop
  endfacet
  facet normal 0.000000 -1.000000 0.000000
    outer loop
      vertex 146.2000 0.0000 5.5000
      vertex 147.5000 0.0000 5.5000
      vertex 147.5000 0.0000 10.0000
    endloop
  endfacet
  facet normal 0.000000 -1.000000 0.000000
    outer loop
      vertex 146.2000 0.0000 5.5000
      vertex 147.5000 0.0000 10.0000
      vertex 146.2000 0.0000 10.0000
    endloop
  endfacet
  facet normal 0.000000 0.000000 1.000000
    outer loop
      vertex 146.2000 0.0000 24.0000
      vertex 147.5000 0.0000 24.0000
      vertex 147.5000 2.5000 24.0000
    endloop
  endfacet
  facet normal 0.000000 0.000000 1.000000
    outer loop
      vertex 146.2000 0.0000 24.0000
      vertex 147.5000 2.5000 24.0000
      vertex 146.2000 2.5000 24.0000
    endloop
  endfacet
  facet normal 0.000000 -1.000000 0.000000
    outer loop
      vertex 146.2000 0.0000 10.0000
      vertex 147.5000 0.0000 10.0000
      vertex 147.5000 0.0000 24.0000
    endloop
  endfacet
  facet normal 0.000000 -1.000000 0.000000
    outer loop
      vertex 146.2000 0.0000 10.0000
      vertex 147.5000 0.0000 24.0000
      vertex 146.2000 0.0000 24.0000
    endloop
  endfacet
  facet normal 0.000000 0.000000 -1.000000
    outer loop
      vertex 146.2000 2.5000 0.0000
      vertex 146.2000 3.8000 0.0000
      vertex 147.5000 3.8000 0.0000
    endloop
  endfacet
  facet normal 0.000000 0.000000 -1.000000
    outer loop
      vertex 146.2000 2.5000 0.0000
      vertex 147.5000 3.8000 0.0000
      vertex 147.5000 2.5000 0.0000
    endloop
  endfacet
  facet normal 0.000000 0.000000 1.000000
    outer loop
      vertex 146.2000 2.5000 24.0000
      vertex 147.5000 2.5000 24.0000
      vertex 147.5000 3.8000 24.0000
    endloop
  endfacet
  facet normal 0.000000 0.000000 1.000000
    outer loop
      vertex 146.2000 2.5000 24.0000
      vertex 147.5000 3.8000 24.0000
      vertex 146.2000 3.8000 24.0000
    endloop
  endfacet
  facet normal 0.000000 0.000000 -1.000000
    outer loop
      vertex 146.2000 3.8000 0.0000
      vertex 146.2000 7.2000 0.0000
      vertex 147.5000 7.2000 0.0000
    endloop
  endfacet
  facet normal 0.000000 0.000000 -1.000000
    outer loop
      vertex 146.2000 3.8000 0.0000
      vertex 147.5000 7.2000 0.0000
      vertex 147.5000 3.8000 0.0000
    endloop
  endfacet
  facet normal -1.000000 0.000000 0.000000
    outer loop
      vertex 146.2000 7.2000 2.5000
      vertex 146.2000 3.8000 2.5000
      vertex 146.2000 3.8000 5.5000
    endloop
  endfacet
  facet normal -1.000000 0.000000 0.000000
    outer loop
      vertex 146.2000 7.2000 2.5000
      vertex 146.2000 3.8000 5.5000
      vertex 146.2000 7.2000 5.5000
    endloop
  endfacet
  facet normal -1.000000 0.000000 0.000000
    outer loop
      vertex 146.2000 7.2000 5.5000
      vertex 146.2000 3.8000 5.5000
      vertex 146.2000 3.8000 10.0000
    endloop
  endfacet
  facet normal -1.000000 0.000000 0.000000
    outer loop
      vertex 146.2000 7.2000 5.5000
      vertex 146.2000 3.8000 10.0000
      vertex 146.2000 7.2000 10.0000
    endloop
  endfacet
  facet normal 0.000000 0.000000 1.000000
    outer loop
      vertex 146.2000 3.8000 24.0000
      vertex 147.5000 3.8000 24.0000
      vertex 147.5000 7.2000 24.0000
    endloop
  endfacet
  facet normal 0.000000 0.000000 1.000000
    outer loop
      vertex 146.2000 3.8000 24.0000
      vertex 147.5000 7.2000 24.0000
      vertex 146.2000 7.2000 24.0000
    endloop
  endfacet
  facet normal -1.000000 0.000000 0.000000
    outer loop
      vertex 146.2000 7.2000 10.0000
      vertex 146.2000 3.8000 10.0000
      vertex 146.2000 3.8000 24.0000
    endloop
  endfacet
  facet normal -1.000000 0.000000 0.000000
    outer loop
      vertex 146.2000 7.2000 10.0000
      vertex 146.2000 3.8000 24.0000
      vertex 146.2000 7.2000 24.0000
    endloop
  endfacet
  facet normal 0.000000 0.000000 -1.000000
    outer loop
      vertex 146.2000 7.2000 0.0000
      vertex 146.2000 11.5000 0.0000
      vertex 147.5000 11.5000 0.0000
    endloop
  endfacet
  facet normal 0.000000 0.000000 -1.000000
    outer loop
      vertex 146.2000 7.2000 0.0000
      vertex 147.5000 11.5000 0.0000
      vertex 147.5000 7.2000 0.0000
    endloop
  endfacet
  facet normal 0.000000 1.000000 0.000000
    outer loop
      vertex 147.5000 11.5000 2.5000
      vertex 146.2000 11.5000 2.5000
      vertex 146.2000 11.5000 5.5000
    endloop
  endfacet
  facet normal 0.000000 1.000000 -0.000000
    outer loop
      vertex 147.5000 11.5000 2.5000
      vertex 146.2000 11.5000 5.5000
      vertex 147.5000 11.5000 5.5000
    endloop
  endfacet
  facet normal 0.000000 1.000000 0.000000
    outer loop
      vertex 147.5000 11.5000 5.5000
      vertex 146.2000 11.5000 5.5000
      vertex 146.2000 11.5000 10.0000
    endloop
  endfacet
  facet normal 0.000000 1.000000 -0.000000
    outer loop
      vertex 147.5000 11.5000 5.5000
      vertex 146.2000 11.5000 10.0000
      vertex 147.5000 11.5000 10.0000
    endloop
  endfacet
  facet normal 0.000000 0.000000 1.000000
    outer loop
      vertex 146.2000 7.2000 24.0000
      vertex 147.5000 7.2000 24.0000
      vertex 147.5000 11.5000 24.0000
    endloop
  endfacet
  facet normal 0.000000 0.000000 1.000000
    outer loop
      vertex 146.2000 7.2000 24.0000
      vertex 147.5000 11.5000 24.0000
      vertex 146.2000 11.5000 24.0000
    endloop
  endfacet
  facet normal 0.000000 1.000000 0.000000
    outer loop
      vertex 147.5000 11.5000 10.0000
      vertex 146.2000 11.5000 10.0000
      vertex 146.2000 11.5000 24.0000
    endloop
  endfacet
  facet normal 0.000000 1.000000 -0.000000
    outer loop
      vertex 147.5000 11.5000 10.0000
      vertex 146.2000 11.5000 24.0000
      vertex 147.5000 11.5000 24.0000
    endloop
  endfacet
  facet normal 0.000000 0.000000 -1.000000
    outer loop
      vertex 146.2000 11.5000 0.0000
      vertex 146.2000 23.0000 0.0000
      vertex 147.5000 23.0000 0.0000
    endloop
  endfacet
  facet normal 0.000000 0.000000 -1.000000
    outer loop
      vertex 146.2000 11.5000 0.0000
      vertex 147.5000 23.0000 0.0000
      vertex 147.5000 11.5000 0.0000
    endloop
  endfacet
  facet normal 0.000000 0.000000 1.000000
    outer loop
      vertex 146.2000 11.5000 2.5000
      vertex 147.5000 11.5000 2.5000
      vertex 147.5000 23.0000 2.5000
    endloop
  endfacet
  facet normal 0.000000 0.000000 1.000000
    outer loop
      vertex 146.2000 11.5000 2.5000
      vertex 147.5000 23.0000 2.5000
      vertex 146.2000 23.0000 2.5000
    endloop
  endfacet
  facet normal 0.000000 0.000000 -1.000000
    outer loop
      vertex 146.2000 23.0000 0.0000
      vertex 146.2000 72.5000 0.0000
      vertex 147.5000 72.5000 0.0000
    endloop
  endfacet
  facet normal 0.000000 0.000000 -1.000000
    outer loop
      vertex 146.2000 23.0000 0.0000
      vertex 147.5000 72.5000 0.0000
      vertex 147.5000 23.0000 0.0000
    endloop
  endfacet
  facet normal 0.000000 0.000000 1.000000
    outer loop
      vertex 146.2000 23.0000 2.5000
      vertex 147.5000 23.0000 2.5000
      vertex 147.5000 72.5000 2.5000
    endloop
  endfacet
  facet normal 0.000000 0.000000 1.000000
    outer loop
      vertex 146.2000 23.0000 2.5000
      vertex 147.5000 72.5000 2.5000
      vertex 146.2000 72.5000 2.5000
    endloop
  endfacet
  facet normal 0.000000 0.000000 -1.000000
    outer loop
      vertex 146.2000 72.5000 0.0000
      vertex 146.2000 73.0000 0.0000
      vertex 147.5000 73.0000 0.0000
    endloop
  endfacet
  facet normal 0.000000 0.000000 -1.000000
    outer loop
      vertex 146.2000 72.5000 0.0000
      vertex 147.5000 73.0000 0.0000
      vertex 147.5000 72.5000 0.0000
    endloop
  endfacet
  facet normal 0.000000 -1.000000 0.000000
    outer loop
      vertex 146.2000 72.5000 2.5000
      vertex 147.5000 72.5000 2.5000
      vertex 147.5000 72.5000 5.5000
    endloop
  endfacet
  facet normal 0.000000 -1.000000 0.000000
    outer loop
      vertex 146.2000 72.5000 2.5000
      vertex 147.5000 72.5000 5.5000
      vertex 146.2000 72.5000 5.5000
    endloop
  endfacet
  facet normal 0.000000 -1.000000 0.000000
    outer loop
      vertex 146.2000 72.5000 5.5000
      vertex 147.5000 72.5000 5.5000
      vertex 147.5000 72.5000 10.0000
    endloop
  endfacet
  facet normal 0.000000 -1.000000 0.000000
    outer loop
      vertex 146.2000 72.5000 5.5000
      vertex 147.5000 72.5000 10.0000
      vertex 146.2000 72.5000 10.0000
    endloop
  endfacet
  facet normal 0.000000 0.000000 1.000000
    outer loop
      vertex 146.2000 72.5000 24.0000
      vertex 147.5000 72.5000 24.0000
      vertex 147.5000 73.0000 24.0000
    endloop
  endfacet
  facet normal 0.000000 0.000000 1.000000
    outer loop
      vertex 146.2000 72.5000 24.0000
      vertex 147.5000 73.0000 24.0000
      vertex 146.2000 73.0000 24.0000
    endloop
  endfacet
  facet normal 0.000000 -1.000000 0.000000
    outer loop
      vertex 146.2000 72.5000 10.0000
      vertex 147.5000 72.5000 10.0000
      vertex 147.5000 72.5000 24.0000
    endloop
  endfacet
  facet normal 0.000000 -1.000000 0.000000
    outer loop
      vertex 146.2000 72.5000 10.0000
      vertex 147.5000 72.5000 24.0000
      vertex 146.2000 72.5000 24.0000
    endloop
  endfacet
  facet normal 0.000000 0.000000 -1.000000
    outer loop
      vertex 146.2000 73.0000 0.0000
      vertex 146.2000 76.8000 0.0000
      vertex 147.5000 76.8000 0.0000
    endloop
  endfacet
  facet normal 0.000000 0.000000 -1.000000
    outer loop
      vertex 146.2000 73.0000 0.0000
      vertex 147.5000 76.8000 0.0000
      vertex 147.5000 73.0000 0.0000
    endloop
  endfacet
  facet normal 0.000000 0.000000 1.000000
    outer loop
      vertex 146.2000 73.0000 24.0000
      vertex 147.5000 73.0000 24.0000
      vertex 147.5000 76.8000 24.0000
    endloop
  endfacet
  facet normal 0.000000 0.000000 1.000000
    outer loop
      vertex 146.2000 73.0000 24.0000
      vertex 147.5000 76.8000 24.0000
      vertex 146.2000 76.8000 24.0000
    endloop
  endfacet
  facet normal 0.000000 0.000000 -1.000000
    outer loop
      vertex 146.2000 76.8000 0.0000
      vertex 146.2000 80.2000 0.0000
      vertex 147.5000 80.2000 0.0000
    endloop
  endfacet
  facet normal 0.000000 0.000000 -1.000000
    outer loop
      vertex 146.2000 76.8000 0.0000
      vertex 147.5000 80.2000 0.0000
      vertex 147.5000 76.8000 0.0000
    endloop
  endfacet
  facet normal -1.000000 0.000000 0.000000
    outer loop
      vertex 146.2000 80.2000 2.5000
      vertex 146.2000 76.8000 2.5000
      vertex 146.2000 76.8000 5.5000
    endloop
  endfacet
  facet normal -1.000000 0.000000 0.000000
    outer loop
      vertex 146.2000 80.2000 2.5000
      vertex 146.2000 76.8000 5.5000
      vertex 146.2000 80.2000 5.5000
    endloop
  endfacet
  facet normal -1.000000 0.000000 0.000000
    outer loop
      vertex 146.2000 80.2000 5.5000
      vertex 146.2000 76.8000 5.5000
      vertex 146.2000 76.8000 10.0000
    endloop
  endfacet
  facet normal -1.000000 0.000000 0.000000
    outer loop
      vertex 146.2000 80.2000 5.5000
      vertex 146.2000 76.8000 10.0000
      vertex 146.2000 80.2000 10.0000
    endloop
  endfacet
  facet normal 0.000000 0.000000 1.000000
    outer loop
      vertex 146.2000 76.8000 24.0000
      vertex 147.5000 76.8000 24.0000
      vertex 147.5000 80.2000 24.0000
    endloop
  endfacet
  facet normal 0.000000 0.000000 1.000000
    outer loop
      vertex 146.2000 76.8000 24.0000
      vertex 147.5000 80.2000 24.0000
      vertex 146.2000 80.2000 24.0000
    endloop
  endfacet
  facet normal -1.000000 0.000000 0.000000
    outer loop
      vertex 146.2000 80.2000 10.0000
      vertex 146.2000 76.8000 10.0000
      vertex 146.2000 76.8000 24.0000
    endloop
  endfacet
  facet normal -1.000000 0.000000 0.000000
    outer loop
      vertex 146.2000 80.2000 10.0000
      vertex 146.2000 76.8000 24.0000
      vertex 146.2000 80.2000 24.0000
    endloop
  endfacet
  facet normal 0.000000 0.000000 -1.000000
    outer loop
      vertex 146.2000 80.2000 0.0000
      vertex 146.2000 81.5000 0.0000
      vertex 147.5000 81.5000 0.0000
    endloop
  endfacet
  facet normal 0.000000 0.000000 -1.000000
    outer loop
      vertex 146.2000 80.2000 0.0000
      vertex 147.5000 81.5000 0.0000
      vertex 147.5000 80.2000 0.0000
    endloop
  endfacet
  facet normal 0.000000 0.000000 1.000000
    outer loop
      vertex 146.2000 80.2000 24.0000
      vertex 147.5000 80.2000 24.0000
      vertex 147.5000 81.5000 24.0000
    endloop
  endfacet
  facet normal 0.000000 0.000000 1.000000
    outer loop
      vertex 146.2000 80.2000 24.0000
      vertex 147.5000 81.5000 24.0000
      vertex 146.2000 81.5000 24.0000
    endloop
  endfacet
  facet normal 0.000000 0.000000 -1.000000
    outer loop
      vertex 146.2000 81.5000 0.0000
      vertex 146.2000 84.0000 0.0000
      vertex 147.5000 84.0000 0.0000
    endloop
  endfacet
  facet normal 0.000000 0.000000 -1.000000
    outer loop
      vertex 146.2000 81.5000 0.0000
      vertex 147.5000 84.0000 0.0000
      vertex 147.5000 81.5000 0.0000
    endloop
  endfacet
  facet normal 0.000000 1.000000 0.000000
    outer loop
      vertex 147.5000 84.0000 0.0000
      vertex 146.2000 84.0000 0.0000
      vertex 146.2000 84.0000 2.5000
    endloop
  endfacet
  facet normal 0.000000 1.000000 -0.000000
    outer loop
      vertex 147.5000 84.0000 0.0000
      vertex 146.2000 84.0000 2.5000
      vertex 147.5000 84.0000 2.5000
    endloop
  endfacet
  facet normal 0.000000 1.000000 0.000000
    outer loop
      vertex 147.5000 84.0000 2.5000
      vertex 146.2000 84.0000 2.5000
      vertex 146.2000 84.0000 5.5000
    endloop
  endfacet
  facet normal 0.000000 1.000000 -0.000000
    outer loop
      vertex 147.5000 84.0000 2.5000
      vertex 146.2000 84.0000 5.5000
      vertex 147.5000 84.0000 5.5000
    endloop
  endfacet
  facet normal 0.000000 1.000000 0.000000
    outer loop
      vertex 147.5000 84.0000 5.5000
      vertex 146.2000 84.0000 5.5000
      vertex 146.2000 84.0000 10.0000
    endloop
  endfacet
  facet normal 0.000000 1.000000 -0.000000
    outer loop
      vertex 147.5000 84.0000 5.5000
      vertex 146.2000 84.0000 10.0000
      vertex 147.5000 84.0000 10.0000
    endloop
  endfacet
  facet normal 0.000000 0.000000 1.000000
    outer loop
      vertex 146.2000 81.5000 24.0000
      vertex 147.5000 81.5000 24.0000
      vertex 147.5000 84.0000 24.0000
    endloop
  endfacet
  facet normal 0.000000 0.000000 1.000000
    outer loop
      vertex 146.2000 81.5000 24.0000
      vertex 147.5000 84.0000 24.0000
      vertex 146.2000 84.0000 24.0000
    endloop
  endfacet
  facet normal 0.000000 1.000000 0.000000
    outer loop
      vertex 147.5000 84.0000 10.0000
      vertex 146.2000 84.0000 10.0000
      vertex 146.2000 84.0000 24.0000
    endloop
  endfacet
  facet normal 0.000000 1.000000 -0.000000
    outer loop
      vertex 147.5000 84.0000 10.0000
      vertex 146.2000 84.0000 24.0000
      vertex 147.5000 84.0000 24.0000
    endloop
  endfacet
  facet normal 0.000000 0.000000 -1.000000
    outer loop
      vertex 147.5000 0.0000 0.0000
      vertex 147.5000 2.5000 0.0000
      vertex 150.0000 2.5000 0.0000
    endloop
  endfacet
  facet normal 0.000000 0.000000 -1.000000
    outer loop
      vertex 147.5000 0.0000 0.0000
      vertex 150.0000 2.5000 0.0000
      vertex 150.0000 0.0000 0.0000
    endloop
  endfacet
  facet normal 0.000000 -1.000000 0.000000
    outer loop
      vertex 147.5000 0.0000 0.0000
      vertex 150.0000 0.0000 0.0000
      vertex 150.0000 0.0000 2.5000
    endloop
  endfacet
  facet normal 0.000000 -1.000000 0.000000
    outer loop
      vertex 147.5000 0.0000 0.0000
      vertex 150.0000 0.0000 2.5000
      vertex 147.5000 0.0000 2.5000
    endloop
  endfacet
  facet normal 1.000000 0.000000 0.000000
    outer loop
      vertex 150.0000 0.0000 0.0000
      vertex 150.0000 2.5000 0.0000
      vertex 150.0000 2.5000 2.5000
    endloop
  endfacet
  facet normal 1.000000 0.000000 0.000000
    outer loop
      vertex 150.0000 0.0000 0.0000
      vertex 150.0000 2.5000 2.5000
      vertex 150.0000 0.0000 2.5000
    endloop
  endfacet
  facet normal 0.000000 -1.000000 0.000000
    outer loop
      vertex 147.5000 0.0000 2.5000
      vertex 150.0000 0.0000 2.5000
      vertex 150.0000 0.0000 5.5000
    endloop
  endfacet
  facet normal 0.000000 -1.000000 0.000000
    outer loop
      vertex 147.5000 0.0000 2.5000
      vertex 150.0000 0.0000 5.5000
      vertex 147.5000 0.0000 5.5000
    endloop
  endfacet
  facet normal 1.000000 0.000000 0.000000
    outer loop
      vertex 150.0000 0.0000 2.5000
      vertex 150.0000 2.5000 2.5000
      vertex 150.0000 2.5000 5.5000
    endloop
  endfacet
  facet normal 1.000000 0.000000 0.000000
    outer loop
      vertex 150.0000 0.0000 2.5000
      vertex 150.0000 2.5000 5.5000
      vertex 150.0000 0.0000 5.5000
    endloop
  endfacet
  facet normal 0.000000 -1.000000 0.000000
    outer loop
      vertex 147.5000 0.0000 5.5000
      vertex 150.0000 0.0000 5.5000
      vertex 150.0000 0.0000 10.0000
    endloop
  endfacet
  facet normal 0.000000 -1.000000 0.000000
    outer loop
      vertex 147.5000 0.0000 5.5000
      vertex 150.0000 0.0000 10.0000
      vertex 147.5000 0.0000 10.0000
    endloop
  endfacet
  facet normal 1.000000 0.000000 0.000000
    outer loop
      vertex 150.0000 0.0000 5.5000
      vertex 150.0000 2.5000 5.5000
      vertex 150.0000 2.5000 10.0000
    endloop
  endfacet
  facet normal 1.000000 0.000000 0.000000
    outer loop
      vertex 150.0000 0.0000 5.5000
      vertex 150.0000 2.5000 10.0000
      vertex 150.0000 0.0000 10.0000
    endloop
  endfacet
  facet normal 0.000000 0.000000 1.000000
    outer loop
      vertex 147.5000 0.0000 24.0000
      vertex 150.0000 0.0000 24.0000
      vertex 150.0000 2.5000 24.0000
    endloop
  endfacet
  facet normal 0.000000 0.000000 1.000000
    outer loop
      vertex 147.5000 0.0000 24.0000
      vertex 150.0000 2.5000 24.0000
      vertex 147.5000 2.5000 24.0000
    endloop
  endfacet
  facet normal 0.000000 -1.000000 0.000000
    outer loop
      vertex 147.5000 0.0000 10.0000
      vertex 150.0000 0.0000 10.0000
      vertex 150.0000 0.0000 24.0000
    endloop
  endfacet
  facet normal 0.000000 -1.000000 0.000000
    outer loop
      vertex 147.5000 0.0000 10.0000
      vertex 150.0000 0.0000 24.0000
      vertex 147.5000 0.0000 24.0000
    endloop
  endfacet
  facet normal 1.000000 0.000000 0.000000
    outer loop
      vertex 150.0000 0.0000 10.0000
      vertex 150.0000 2.5000 10.0000
      vertex 150.0000 2.5000 24.0000
    endloop
  endfacet
  facet normal 1.000000 0.000000 0.000000
    outer loop
      vertex 150.0000 0.0000 10.0000
      vertex 150.0000 2.5000 24.0000
      vertex 150.0000 0.0000 24.0000
    endloop
  endfacet
  facet normal 0.000000 0.000000 -1.000000
    outer loop
      vertex 147.5000 2.5000 0.0000
      vertex 147.5000 3.8000 0.0000
      vertex 150.0000 3.8000 0.0000
    endloop
  endfacet
  facet normal 0.000000 0.000000 -1.000000
    outer loop
      vertex 147.5000 2.5000 0.0000
      vertex 150.0000 3.8000 0.0000
      vertex 150.0000 2.5000 0.0000
    endloop
  endfacet
  facet normal 1.000000 0.000000 0.000000
    outer loop
      vertex 150.0000 2.5000 0.0000
      vertex 150.0000 3.8000 0.0000
      vertex 150.0000 3.8000 2.5000
    endloop
  endfacet
  facet normal 1.000000 0.000000 0.000000
    outer loop
      vertex 150.0000 2.5000 0.0000
      vertex 150.0000 3.8000 2.5000
      vertex 150.0000 2.5000 2.5000
    endloop
  endfacet
  facet normal 1.000000 0.000000 0.000000
    outer loop
      vertex 150.0000 2.5000 2.5000
      vertex 150.0000 3.8000 2.5000
      vertex 150.0000 3.8000 5.5000
    endloop
  endfacet
  facet normal 1.000000 0.000000 0.000000
    outer loop
      vertex 150.0000 2.5000 2.5000
      vertex 150.0000 3.8000 5.5000
      vertex 150.0000 2.5000 5.5000
    endloop
  endfacet
  facet normal 1.000000 0.000000 0.000000
    outer loop
      vertex 150.0000 2.5000 5.5000
      vertex 150.0000 3.8000 5.5000
      vertex 150.0000 3.8000 10.0000
    endloop
  endfacet
  facet normal 1.000000 0.000000 0.000000
    outer loop
      vertex 150.0000 2.5000 5.5000
      vertex 150.0000 3.8000 10.0000
      vertex 150.0000 2.5000 10.0000
    endloop
  endfacet
  facet normal 0.000000 0.000000 1.000000
    outer loop
      vertex 147.5000 2.5000 24.0000
      vertex 150.0000 2.5000 24.0000
      vertex 150.0000 3.8000 24.0000
    endloop
  endfacet
  facet normal 0.000000 0.000000 1.000000
    outer loop
      vertex 147.5000 2.5000 24.0000
      vertex 150.0000 3.8000 24.0000
      vertex 147.5000 3.8000 24.0000
    endloop
  endfacet
  facet normal 1.000000 0.000000 0.000000
    outer loop
      vertex 150.0000 2.5000 10.0000
      vertex 150.0000 3.8000 10.0000
      vertex 150.0000 3.8000 24.0000
    endloop
  endfacet
  facet normal 1.000000 0.000000 0.000000
    outer loop
      vertex 150.0000 2.5000 10.0000
      vertex 150.0000 3.8000 24.0000
      vertex 150.0000 2.5000 24.0000
    endloop
  endfacet
  facet normal 0.000000 0.000000 -1.000000
    outer loop
      vertex 147.5000 3.8000 0.0000
      vertex 147.5000 7.2000 0.0000
      vertex 150.0000 7.2000 0.0000
    endloop
  endfacet
  facet normal 0.000000 0.000000 -1.000000
    outer loop
      vertex 147.5000 3.8000 0.0000
      vertex 150.0000 7.2000 0.0000
      vertex 150.0000 3.8000 0.0000
    endloop
  endfacet
  facet normal 1.000000 0.000000 0.000000
    outer loop
      vertex 150.0000 3.8000 0.0000
      vertex 150.0000 7.2000 0.0000
      vertex 150.0000 7.2000 2.5000
    endloop
  endfacet
  facet normal 1.000000 0.000000 0.000000
    outer loop
      vertex 150.0000 3.8000 0.0000
      vertex 150.0000 7.2000 2.5000
      vertex 150.0000 3.8000 2.5000
    endloop
  endfacet
  facet normal 1.000000 0.000000 0.000000
    outer loop
      vertex 150.0000 3.8000 2.5000
      vertex 150.0000 7.2000 2.5000
      vertex 150.0000 7.2000 5.5000
    endloop
  endfacet
  facet normal 1.000000 0.000000 0.000000
    outer loop
      vertex 150.0000 3.8000 2.5000
      vertex 150.0000 7.2000 5.5000
      vertex 150.0000 3.8000 5.5000
    endloop
  endfacet
  facet normal 1.000000 0.000000 0.000000
    outer loop
      vertex 150.0000 3.8000 5.5000
      vertex 150.0000 7.2000 5.5000
      vertex 150.0000 7.2000 10.0000
    endloop
  endfacet
  facet normal 1.000000 0.000000 0.000000
    outer loop
      vertex 150.0000 3.8000 5.5000
      vertex 150.0000 7.2000 10.0000
      vertex 150.0000 3.8000 10.0000
    endloop
  endfacet
  facet normal 0.000000 0.000000 1.000000
    outer loop
      vertex 147.5000 3.8000 24.0000
      vertex 150.0000 3.8000 24.0000
      vertex 150.0000 7.2000 24.0000
    endloop
  endfacet
  facet normal 0.000000 0.000000 1.000000
    outer loop
      vertex 147.5000 3.8000 24.0000
      vertex 150.0000 7.2000 24.0000
      vertex 147.5000 7.2000 24.0000
    endloop
  endfacet
  facet normal 1.000000 0.000000 0.000000
    outer loop
      vertex 150.0000 3.8000 10.0000
      vertex 150.0000 7.2000 10.0000
      vertex 150.0000 7.2000 24.0000
    endloop
  endfacet
  facet normal 1.000000 0.000000 0.000000
    outer loop
      vertex 150.0000 3.8000 10.0000
      vertex 150.0000 7.2000 24.0000
      vertex 150.0000 3.8000 24.0000
    endloop
  endfacet
  facet normal 0.000000 0.000000 -1.000000
    outer loop
      vertex 147.5000 7.2000 0.0000
      vertex 147.5000 11.5000 0.0000
      vertex 150.0000 11.5000 0.0000
    endloop
  endfacet
  facet normal 0.000000 0.000000 -1.000000
    outer loop
      vertex 147.5000 7.2000 0.0000
      vertex 150.0000 11.5000 0.0000
      vertex 150.0000 7.2000 0.0000
    endloop
  endfacet
  facet normal 1.000000 0.000000 0.000000
    outer loop
      vertex 150.0000 7.2000 0.0000
      vertex 150.0000 11.5000 0.0000
      vertex 150.0000 11.5000 2.5000
    endloop
  endfacet
  facet normal 1.000000 0.000000 0.000000
    outer loop
      vertex 150.0000 7.2000 0.0000
      vertex 150.0000 11.5000 2.5000
      vertex 150.0000 7.2000 2.5000
    endloop
  endfacet
  facet normal 1.000000 0.000000 0.000000
    outer loop
      vertex 150.0000 7.2000 2.5000
      vertex 150.0000 11.5000 2.5000
      vertex 150.0000 11.5000 5.5000
    endloop
  endfacet
  facet normal 1.000000 0.000000 0.000000
    outer loop
      vertex 150.0000 7.2000 2.5000
      vertex 150.0000 11.5000 5.5000
      vertex 150.0000 7.2000 5.5000
    endloop
  endfacet
  facet normal 1.000000 0.000000 0.000000
    outer loop
      vertex 150.0000 7.2000 5.5000
      vertex 150.0000 11.5000 5.5000
      vertex 150.0000 11.5000 10.0000
    endloop
  endfacet
  facet normal 1.000000 0.000000 0.000000
    outer loop
      vertex 150.0000 7.2000 5.5000
      vertex 150.0000 11.5000 10.0000
      vertex 150.0000 7.2000 10.0000
    endloop
  endfacet
  facet normal 0.000000 0.000000 1.000000
    outer loop
      vertex 147.5000 7.2000 24.0000
      vertex 150.0000 7.2000 24.0000
      vertex 150.0000 11.5000 24.0000
    endloop
  endfacet
  facet normal 0.000000 0.000000 1.000000
    outer loop
      vertex 147.5000 7.2000 24.0000
      vertex 150.0000 11.5000 24.0000
      vertex 147.5000 11.5000 24.0000
    endloop
  endfacet
  facet normal 1.000000 0.000000 0.000000
    outer loop
      vertex 150.0000 7.2000 10.0000
      vertex 150.0000 11.5000 10.0000
      vertex 150.0000 11.5000 24.0000
    endloop
  endfacet
  facet normal 1.000000 0.000000 0.000000
    outer loop
      vertex 150.0000 7.2000 10.0000
      vertex 150.0000 11.5000 24.0000
      vertex 150.0000 7.2000 24.0000
    endloop
  endfacet
  facet normal 0.000000 0.000000 -1.000000
    outer loop
      vertex 147.5000 11.5000 0.0000
      vertex 147.5000 23.0000 0.0000
      vertex 150.0000 23.0000 0.0000
    endloop
  endfacet
  facet normal 0.000000 0.000000 -1.000000
    outer loop
      vertex 147.5000 11.5000 0.0000
      vertex 150.0000 23.0000 0.0000
      vertex 150.0000 11.5000 0.0000
    endloop
  endfacet
  facet normal 1.000000 0.000000 0.000000
    outer loop
      vertex 150.0000 11.5000 0.0000
      vertex 150.0000 23.0000 0.0000
      vertex 150.0000 23.0000 2.5000
    endloop
  endfacet
  facet normal 1.000000 0.000000 0.000000
    outer loop
      vertex 150.0000 11.5000 0.0000
      vertex 150.0000 23.0000 2.5000
      vertex 150.0000 11.5000 2.5000
    endloop
  endfacet
  facet normal -1.000000 0.000000 0.000000
    outer loop
      vertex 147.5000 23.0000 2.5000
      vertex 147.5000 11.5000 2.5000
      vertex 147.5000 11.5000 5.5000
    endloop
  endfacet
  facet normal -1.000000 0.000000 0.000000
    outer loop
      vertex 147.5000 23.0000 2.5000
      vertex 147.5000 11.5000 5.5000
      vertex 147.5000 23.0000 5.5000
    endloop
  endfacet
  facet normal 1.000000 0.000000 0.000000
    outer loop
      vertex 150.0000 11.5000 2.5000
      vertex 150.0000 23.0000 2.5000
      vertex 150.0000 23.0000 5.5000
    endloop
  endfacet
  facet normal 1.000000 0.000000 0.000000
    outer loop
      vertex 150.0000 11.5000 2.5000
      vertex 150.0000 23.0000 5.5000
      vertex 150.0000 11.5000 5.5000
    endloop
  endfacet
  facet normal -1.000000 0.000000 0.000000
    outer loop
      vertex 147.5000 23.0000 5.5000
      vertex 147.5000 11.5000 5.5000
      vertex 147.5000 11.5000 10.0000
    endloop
  endfacet
  facet normal -1.000000 0.000000 0.000000
    outer loop
      vertex 147.5000 23.0000 5.5000
      vertex 147.5000 11.5000 10.0000
      vertex 147.5000 23.0000 10.0000
    endloop
  endfacet
  facet normal 1.000000 0.000000 0.000000
    outer loop
      vertex 150.0000 11.5000 5.5000
      vertex 150.0000 23.0000 5.5000
      vertex 150.0000 23.0000 10.0000
    endloop
  endfacet
  facet normal 1.000000 0.000000 0.000000
    outer loop
      vertex 150.0000 11.5000 5.5000
      vertex 150.0000 23.0000 10.0000
      vertex 150.0000 11.5000 10.0000
    endloop
  endfacet
  facet normal 0.000000 0.000000 1.000000
    outer loop
      vertex 147.5000 11.5000 24.0000
      vertex 150.0000 11.5000 24.0000
      vertex 150.0000 23.0000 24.0000
    endloop
  endfacet
  facet normal 0.000000 0.000000 1.000000
    outer loop
      vertex 147.5000 11.5000 24.0000
      vertex 150.0000 23.0000 24.0000
      vertex 147.5000 23.0000 24.0000
    endloop
  endfacet
  facet normal -1.000000 0.000000 0.000000
    outer loop
      vertex 147.5000 23.0000 10.0000
      vertex 147.5000 11.5000 10.0000
      vertex 147.5000 11.5000 24.0000
    endloop
  endfacet
  facet normal -1.000000 0.000000 0.000000
    outer loop
      vertex 147.5000 23.0000 10.0000
      vertex 147.5000 11.5000 24.0000
      vertex 147.5000 23.0000 24.0000
    endloop
  endfacet
  facet normal 1.000000 0.000000 0.000000
    outer loop
      vertex 150.0000 11.5000 10.0000
      vertex 150.0000 23.0000 10.0000
      vertex 150.0000 23.0000 24.0000
    endloop
  endfacet
  facet normal 1.000000 0.000000 0.000000
    outer loop
      vertex 150.0000 11.5000 10.0000
      vertex 150.0000 23.0000 24.0000
      vertex 150.0000 11.5000 24.0000
    endloop
  endfacet
  facet normal 0.000000 0.000000 -1.000000
    outer loop
      vertex 147.5000 23.0000 0.0000
      vertex 147.5000 72.5000 0.0000
      vertex 150.0000 72.5000 0.0000
    endloop
  endfacet
  facet normal 0.000000 0.000000 -1.000000
    outer loop
      vertex 147.5000 23.0000 0.0000
      vertex 150.0000 72.5000 0.0000
      vertex 150.0000 23.0000 0.0000
    endloop
  endfacet
  facet normal 1.000000 0.000000 0.000000
    outer loop
      vertex 150.0000 23.0000 0.0000
      vertex 150.0000 72.5000 0.0000
      vertex 150.0000 72.5000 2.5000
    endloop
  endfacet
  facet normal 1.000000 0.000000 0.000000
    outer loop
      vertex 150.0000 23.0000 0.0000
      vertex 150.0000 72.5000 2.5000
      vertex 150.0000 23.0000 2.5000
    endloop
  endfacet
  facet normal -1.000000 0.000000 0.000000
    outer loop
      vertex 147.5000 72.5000 2.5000
      vertex 147.5000 23.0000 2.5000
      vertex 147.5000 23.0000 5.5000
    endloop
  endfacet
  facet normal -1.000000 0.000000 0.000000
    outer loop
      vertex 147.5000 72.5000 2.5000
      vertex 147.5000 23.0000 5.5000
      vertex 147.5000 72.5000 5.5000
    endloop
  endfacet
  facet normal 1.000000 0.000000 0.000000
    outer loop
      vertex 150.0000 23.0000 2.5000
      vertex 150.0000 72.5000 2.5000
      vertex 150.0000 72.5000 5.5000
    endloop
  endfacet
  facet normal 1.000000 0.000000 0.000000
    outer loop
      vertex 150.0000 23.0000 2.5000
      vertex 150.0000 72.5000 5.5000
      vertex 150.0000 23.0000 5.5000
    endloop
  endfacet
  facet normal -1.000000 0.000000 0.000000
    outer loop
      vertex 147.5000 72.5000 5.5000
      vertex 147.5000 23.0000 5.5000
      vertex 147.5000 23.0000 10.0000
    endloop
  endfacet
  facet normal -1.000000 0.000000 0.000000
    outer loop
      vertex 147.5000 72.5000 5.5000
      vertex 147.5000 23.0000 10.0000
      vertex 147.5000 72.5000 10.0000
    endloop
  endfacet
  facet normal 1.000000 0.000000 0.000000
    outer loop
      vertex 150.0000 23.0000 5.5000
      vertex 150.0000 72.5000 5.5000
      vertex 150.0000 72.5000 10.0000
    endloop
  endfacet
  facet normal 1.000000 0.000000 0.000000
    outer loop
      vertex 150.0000 23.0000 5.5000
      vertex 150.0000 72.5000 10.0000
      vertex 150.0000 23.0000 10.0000
    endloop
  endfacet
  facet normal 0.000000 0.000000 1.000000
    outer loop
      vertex 147.5000 23.0000 24.0000
      vertex 150.0000 23.0000 24.0000
      vertex 150.0000 72.5000 24.0000
    endloop
  endfacet
  facet normal 0.000000 0.000000 1.000000
    outer loop
      vertex 147.5000 23.0000 24.0000
      vertex 150.0000 72.5000 24.0000
      vertex 147.5000 72.5000 24.0000
    endloop
  endfacet
  facet normal -1.000000 0.000000 0.000000
    outer loop
      vertex 147.5000 72.5000 10.0000
      vertex 147.5000 23.0000 10.0000
      vertex 147.5000 23.0000 24.0000
    endloop
  endfacet
  facet normal -1.000000 0.000000 0.000000
    outer loop
      vertex 147.5000 72.5000 10.0000
      vertex 147.5000 23.0000 24.0000
      vertex 147.5000 72.5000 24.0000
    endloop
  endfacet
  facet normal 1.000000 0.000000 0.000000
    outer loop
      vertex 150.0000 23.0000 10.0000
      vertex 150.0000 72.5000 10.0000
      vertex 150.0000 72.5000 24.0000
    endloop
  endfacet
  facet normal 1.000000 0.000000 0.000000
    outer loop
      vertex 150.0000 23.0000 10.0000
      vertex 150.0000 72.5000 24.0000
      vertex 150.0000 23.0000 24.0000
    endloop
  endfacet
  facet normal 0.000000 0.000000 -1.000000
    outer loop
      vertex 147.5000 72.5000 0.0000
      vertex 147.5000 73.0000 0.0000
      vertex 150.0000 73.0000 0.0000
    endloop
  endfacet
  facet normal 0.000000 0.000000 -1.000000
    outer loop
      vertex 147.5000 72.5000 0.0000
      vertex 150.0000 73.0000 0.0000
      vertex 150.0000 72.5000 0.0000
    endloop
  endfacet
  facet normal 1.000000 0.000000 0.000000
    outer loop
      vertex 150.0000 72.5000 0.0000
      vertex 150.0000 73.0000 0.0000
      vertex 150.0000 73.0000 2.5000
    endloop
  endfacet
  facet normal 1.000000 0.000000 0.000000
    outer loop
      vertex 150.0000 72.5000 0.0000
      vertex 150.0000 73.0000 2.5000
      vertex 150.0000 72.5000 2.5000
    endloop
  endfacet
  facet normal 1.000000 0.000000 0.000000
    outer loop
      vertex 150.0000 72.5000 2.5000
      vertex 150.0000 73.0000 2.5000
      vertex 150.0000 73.0000 5.5000
    endloop
  endfacet
  facet normal 1.000000 0.000000 0.000000
    outer loop
      vertex 150.0000 72.5000 2.5000
      vertex 150.0000 73.0000 5.5000
      vertex 150.0000 72.5000 5.5000
    endloop
  endfacet
  facet normal 1.000000 0.000000 0.000000
    outer loop
      vertex 150.0000 72.5000 5.5000
      vertex 150.0000 73.0000 5.5000
      vertex 150.0000 73.0000 10.0000
    endloop
  endfacet
  facet normal 1.000000 0.000000 0.000000
    outer loop
      vertex 150.0000 72.5000 5.5000
      vertex 150.0000 73.0000 10.0000
      vertex 150.0000 72.5000 10.0000
    endloop
  endfacet
  facet normal 0.000000 0.000000 1.000000
    outer loop
      vertex 147.5000 72.5000 24.0000
      vertex 150.0000 72.5000 24.0000
      vertex 150.0000 73.0000 24.0000
    endloop
  endfacet
  facet normal 0.000000 0.000000 1.000000
    outer loop
      vertex 147.5000 72.5000 24.0000
      vertex 150.0000 73.0000 24.0000
      vertex 147.5000 73.0000 24.0000
    endloop
  endfacet
  facet normal 1.000000 0.000000 0.000000
    outer loop
      vertex 150.0000 72.5000 10.0000
      vertex 150.0000 73.0000 10.0000
      vertex 150.0000 73.0000 24.0000
    endloop
  endfacet
  facet normal 1.000000 0.000000 0.000000
    outer loop
      vertex 150.0000 72.5000 10.0000
      vertex 150.0000 73.0000 24.0000
      vertex 150.0000 72.5000 24.0000
    endloop
  endfacet
  facet normal 0.000000 0.000000 -1.000000
    outer loop
      vertex 147.5000 73.0000 0.0000
      vertex 147.5000 76.8000 0.0000
      vertex 150.0000 76.8000 0.0000
    endloop
  endfacet
  facet normal 0.000000 0.000000 -1.000000
    outer loop
      vertex 147.5000 73.0000 0.0000
      vertex 150.0000 76.8000 0.0000
      vertex 150.0000 73.0000 0.0000
    endloop
  endfacet
  facet normal 1.000000 0.000000 0.000000
    outer loop
      vertex 150.0000 73.0000 0.0000
      vertex 150.0000 76.8000 0.0000
      vertex 150.0000 76.8000 2.5000
    endloop
  endfacet
  facet normal 1.000000 0.000000 0.000000
    outer loop
      vertex 150.0000 73.0000 0.0000
      vertex 150.0000 76.8000 2.5000
      vertex 150.0000 73.0000 2.5000
    endloop
  endfacet
  facet normal 1.000000 0.000000 0.000000
    outer loop
      vertex 150.0000 73.0000 2.5000
      vertex 150.0000 76.8000 2.5000
      vertex 150.0000 76.8000 5.5000
    endloop
  endfacet
  facet normal 1.000000 0.000000 0.000000
    outer loop
      vertex 150.0000 73.0000 2.5000
      vertex 150.0000 76.8000 5.5000
      vertex 150.0000 73.0000 5.5000
    endloop
  endfacet
  facet normal 1.000000 0.000000 0.000000
    outer loop
      vertex 150.0000 73.0000 5.5000
      vertex 150.0000 76.8000 5.5000
      vertex 150.0000 76.8000 10.0000
    endloop
  endfacet
  facet normal 1.000000 0.000000 0.000000
    outer loop
      vertex 150.0000 73.0000 5.5000
      vertex 150.0000 76.8000 10.0000
      vertex 150.0000 73.0000 10.0000
    endloop
  endfacet
  facet normal 0.000000 0.000000 1.000000
    outer loop
      vertex 147.5000 73.0000 24.0000
      vertex 150.0000 73.0000 24.0000
      vertex 150.0000 76.8000 24.0000
    endloop
  endfacet
  facet normal 0.000000 0.000000 1.000000
    outer loop
      vertex 147.5000 73.0000 24.0000
      vertex 150.0000 76.8000 24.0000
      vertex 147.5000 76.8000 24.0000
    endloop
  endfacet
  facet normal 1.000000 0.000000 0.000000
    outer loop
      vertex 150.0000 73.0000 10.0000
      vertex 150.0000 76.8000 10.0000
      vertex 150.0000 76.8000 24.0000
    endloop
  endfacet
  facet normal 1.000000 0.000000 0.000000
    outer loop
      vertex 150.0000 73.0000 10.0000
      vertex 150.0000 76.8000 24.0000
      vertex 150.0000 73.0000 24.0000
    endloop
  endfacet
  facet normal 0.000000 0.000000 -1.000000
    outer loop
      vertex 147.5000 76.8000 0.0000
      vertex 147.5000 80.2000 0.0000
      vertex 150.0000 80.2000 0.0000
    endloop
  endfacet
  facet normal 0.000000 0.000000 -1.000000
    outer loop
      vertex 147.5000 76.8000 0.0000
      vertex 150.0000 80.2000 0.0000
      vertex 150.0000 76.8000 0.0000
    endloop
  endfacet
  facet normal 1.000000 0.000000 0.000000
    outer loop
      vertex 150.0000 76.8000 0.0000
      vertex 150.0000 80.2000 0.0000
      vertex 150.0000 80.2000 2.5000
    endloop
  endfacet
  facet normal 1.000000 0.000000 0.000000
    outer loop
      vertex 150.0000 76.8000 0.0000
      vertex 150.0000 80.2000 2.5000
      vertex 150.0000 76.8000 2.5000
    endloop
  endfacet
  facet normal 1.000000 0.000000 0.000000
    outer loop
      vertex 150.0000 76.8000 2.5000
      vertex 150.0000 80.2000 2.5000
      vertex 150.0000 80.2000 5.5000
    endloop
  endfacet
  facet normal 1.000000 0.000000 0.000000
    outer loop
      vertex 150.0000 76.8000 2.5000
      vertex 150.0000 80.2000 5.5000
      vertex 150.0000 76.8000 5.5000
    endloop
  endfacet
  facet normal 1.000000 0.000000 0.000000
    outer loop
      vertex 150.0000 76.8000 5.5000
      vertex 150.0000 80.2000 5.5000
      vertex 150.0000 80.2000 10.0000
    endloop
  endfacet
  facet normal 1.000000 0.000000 0.000000
    outer loop
      vertex 150.0000 76.8000 5.5000
      vertex 150.0000 80.2000 10.0000
      vertex 150.0000 76.8000 10.0000
    endloop
  endfacet
  facet normal 0.000000 0.000000 1.000000
    outer loop
      vertex 147.5000 76.8000 24.0000
      vertex 150.0000 76.8000 24.0000
      vertex 150.0000 80.2000 24.0000
    endloop
  endfacet
  facet normal 0.000000 0.000000 1.000000
    outer loop
      vertex 147.5000 76.8000 24.0000
      vertex 150.0000 80.2000 24.0000
      vertex 147.5000 80.2000 24.0000
    endloop
  endfacet
  facet normal 1.000000 0.000000 0.000000
    outer loop
      vertex 150.0000 76.8000 10.0000
      vertex 150.0000 80.2000 10.0000
      vertex 150.0000 80.2000 24.0000
    endloop
  endfacet
  facet normal 1.000000 0.000000 0.000000
    outer loop
      vertex 150.0000 76.8000 10.0000
      vertex 150.0000 80.2000 24.0000
      vertex 150.0000 76.8000 24.0000
    endloop
  endfacet
  facet normal 0.000000 0.000000 -1.000000
    outer loop
      vertex 147.5000 80.2000 0.0000
      vertex 147.5000 81.5000 0.0000
      vertex 150.0000 81.5000 0.0000
    endloop
  endfacet
  facet normal 0.000000 0.000000 -1.000000
    outer loop
      vertex 147.5000 80.2000 0.0000
      vertex 150.0000 81.5000 0.0000
      vertex 150.0000 80.2000 0.0000
    endloop
  endfacet
  facet normal 1.000000 0.000000 0.000000
    outer loop
      vertex 150.0000 80.2000 0.0000
      vertex 150.0000 81.5000 0.0000
      vertex 150.0000 81.5000 2.5000
    endloop
  endfacet
  facet normal 1.000000 0.000000 0.000000
    outer loop
      vertex 150.0000 80.2000 0.0000
      vertex 150.0000 81.5000 2.5000
      vertex 150.0000 80.2000 2.5000
    endloop
  endfacet
  facet normal 1.000000 0.000000 0.000000
    outer loop
      vertex 150.0000 80.2000 2.5000
      vertex 150.0000 81.5000 2.5000
      vertex 150.0000 81.5000 5.5000
    endloop
  endfacet
  facet normal 1.000000 0.000000 0.000000
    outer loop
      vertex 150.0000 80.2000 2.5000
      vertex 150.0000 81.5000 5.5000
      vertex 150.0000 80.2000 5.5000
    endloop
  endfacet
  facet normal 1.000000 0.000000 0.000000
    outer loop
      vertex 150.0000 80.2000 5.5000
      vertex 150.0000 81.5000 5.5000
      vertex 150.0000 81.5000 10.0000
    endloop
  endfacet
  facet normal 1.000000 0.000000 0.000000
    outer loop
      vertex 150.0000 80.2000 5.5000
      vertex 150.0000 81.5000 10.0000
      vertex 150.0000 80.2000 10.0000
    endloop
  endfacet
  facet normal 0.000000 0.000000 1.000000
    outer loop
      vertex 147.5000 80.2000 24.0000
      vertex 150.0000 80.2000 24.0000
      vertex 150.0000 81.5000 24.0000
    endloop
  endfacet
  facet normal 0.000000 0.000000 1.000000
    outer loop
      vertex 147.5000 80.2000 24.0000
      vertex 150.0000 81.5000 24.0000
      vertex 147.5000 81.5000 24.0000
    endloop
  endfacet
  facet normal 1.000000 0.000000 0.000000
    outer loop
      vertex 150.0000 80.2000 10.0000
      vertex 150.0000 81.5000 10.0000
      vertex 150.0000 81.5000 24.0000
    endloop
  endfacet
  facet normal 1.000000 0.000000 0.000000
    outer loop
      vertex 150.0000 80.2000 10.0000
      vertex 150.0000 81.5000 24.0000
      vertex 150.0000 80.2000 24.0000
    endloop
  endfacet
  facet normal 0.000000 0.000000 -1.000000
    outer loop
      vertex 147.5000 81.5000 0.0000
      vertex 147.5000 84.0000 0.0000
      vertex 150.0000 84.0000 0.0000
    endloop
  endfacet
  facet normal 0.000000 0.000000 -1.000000
    outer loop
      vertex 147.5000 81.5000 0.0000
      vertex 150.0000 84.0000 0.0000
      vertex 150.0000 81.5000 0.0000
    endloop
  endfacet
  facet normal 0.000000 1.000000 0.000000
    outer loop
      vertex 150.0000 84.0000 0.0000
      vertex 147.5000 84.0000 0.0000
      vertex 147.5000 84.0000 2.5000
    endloop
  endfacet
  facet normal 0.000000 1.000000 -0.000000
    outer loop
      vertex 150.0000 84.0000 0.0000
      vertex 147.5000 84.0000 2.5000
      vertex 150.0000 84.0000 2.5000
    endloop
  endfacet
  facet normal 1.000000 0.000000 0.000000
    outer loop
      vertex 150.0000 81.5000 0.0000
      vertex 150.0000 84.0000 0.0000
      vertex 150.0000 84.0000 2.5000
    endloop
  endfacet
  facet normal 1.000000 0.000000 0.000000
    outer loop
      vertex 150.0000 81.5000 0.0000
      vertex 150.0000 84.0000 2.5000
      vertex 150.0000 81.5000 2.5000
    endloop
  endfacet
  facet normal 0.000000 1.000000 0.000000
    outer loop
      vertex 150.0000 84.0000 2.5000
      vertex 147.5000 84.0000 2.5000
      vertex 147.5000 84.0000 5.5000
    endloop
  endfacet
  facet normal 0.000000 1.000000 -0.000000
    outer loop
      vertex 150.0000 84.0000 2.5000
      vertex 147.5000 84.0000 5.5000
      vertex 150.0000 84.0000 5.5000
    endloop
  endfacet
  facet normal 1.000000 0.000000 0.000000
    outer loop
      vertex 150.0000 81.5000 2.5000
      vertex 150.0000 84.0000 2.5000
      vertex 150.0000 84.0000 5.5000
    endloop
  endfacet
  facet normal 1.000000 0.000000 0.000000
    outer loop
      vertex 150.0000 81.5000 2.5000
      vertex 150.0000 84.0000 5.5000
      vertex 150.0000 81.5000 5.5000
    endloop
  endfacet
  facet normal 0.000000 1.000000 0.000000
    outer loop
      vertex 150.0000 84.0000 5.5000
      vertex 147.5000 84.0000 5.5000
      vertex 147.5000 84.0000 10.0000
    endloop
  endfacet
  facet normal 0.000000 1.000000 -0.000000
    outer loop
      vertex 150.0000 84.0000 5.5000
      vertex 147.5000 84.0000 10.0000
      vertex 150.0000 84.0000 10.0000
    endloop
  endfacet
  facet normal 1.000000 0.000000 0.000000
    outer loop
      vertex 150.0000 81.5000 5.5000
      vertex 150.0000 84.0000 5.5000
      vertex 150.0000 84.0000 10.0000
    endloop
  endfacet
  facet normal 1.000000 0.000000 0.000000
    outer loop
      vertex 150.0000 81.5000 5.5000
      vertex 150.0000 84.0000 10.0000
      vertex 150.0000 81.5000 10.0000
    endloop
  endfacet
  facet normal 0.000000 0.000000 1.000000
    outer loop
      vertex 147.5000 81.5000 24.0000
      vertex 150.0000 81.5000 24.0000
      vertex 150.0000 84.0000 24.0000
    endloop
  endfacet
  facet normal 0.000000 0.000000 1.000000
    outer loop
      vertex 147.5000 81.5000 24.0000
      vertex 150.0000 84.0000 24.0000
      vertex 147.5000 84.0000 24.0000
    endloop
  endfacet
  facet normal 0.000000 1.000000 0.000000
    outer loop
      vertex 150.0000 84.0000 10.0000
      vertex 147.5000 84.0000 10.0000
      vertex 147.5000 84.0000 24.0000
    endloop
  endfacet
  facet normal 0.000000 1.000000 -0.000000
    outer loop
      vertex 150.0000 84.0000 10.0000
      vertex 147.5000 84.0000 24.0000
      vertex 150.0000 84.0000 24.0000
    endloop
  endfacet
  facet normal 1.000000 0.000000 0.000000
    outer loop
      vertex 150.0000 81.5000 10.0000
      vertex 150.0000 84.0000 10.0000
      vertex 150.0000 84.0000 24.0000
    endloop
  endfacet
  facet normal 1.000000 0.000000 0.000000
    outer loop
      vertex 150.0000 81.5000 10.0000
      vertex 150.0000 84.0000 24.0000
      vertex 150.0000 81.5000 24.0000
    endloop
  endfacet
endsolid StreamdeckBottomCase
