solid StreamdeckTopPlate
  facet normal 0.000000 0.000000 -1.000000
    outer loop
      vertex 0.0000 0.0000 0.0000
      vertex 0.0000 3.8000 0.0000
      vertex 3.8000 3.8000 0.0000
    endloop
  endfacet
  facet normal 0.000000 0.000000 -1.000000
    outer loop
      vertex 0.0000 0.0000 0.0000
      vertex 3.8000 3.8000 0.0000
      vertex 3.8000 0.0000 0.0000
    endloop
  endfacet
  facet normal 0.000000 0.000000 1.000000
    outer loop
      vertex 0.0000 0.0000 3.0000
      vertex 3.8000 0.0000 3.0000
      vertex 3.8000 3.8000 3.0000
    endloop
  endfacet
  facet normal 0.000000 0.000000 1.000000
    outer loop
      vertex 0.0000 0.0000 3.0000
      vertex 3.8000 3.8000 3.0000
      vertex 0.0000 3.8000 3.0000
    endloop
  endfacet
  facet normal 0.000000 -1.000000 0.000000
    outer loop
      vertex 0.0000 0.0000 0.0000
      vertex 3.8000 0.0000 0.0000
      vertex 3.8000 0.0000 3.0000
    endloop
  endfacet
  facet normal 0.000000 -1.000000 0.000000
    outer loop
      vertex 0.0000 0.0000 0.0000
      vertex 3.8000 0.0000 3.0000
      vertex 0.0000 0.0000 3.0000
    endloop
  endfacet
  facet normal -1.000000 0.000000 0.000000
    outer loop
      vertex 0.0000 3.8000 0.0000
      vertex 0.0000 0.0000 0.0000
      vertex 0.0000 0.0000 3.0000
    endloop
  endfacet
  facet normal -1.000000 0.000000 0.000000
    outer loop
      vertex 0.0000 3.8000 0.0000
      vertex 0.0000 0.0000 3.0000
      vertex 0.0000 3.8000 3.0000
    endloop
  endfacet
  facet normal 0.000000 0.000000 -1.000000
    outer loop
      vertex 0.0000 3.8000 0.0000
      vertex 0.0000 7.2000 0.0000
      vertex 3.8000 7.2000 0.0000
    endloop
  endfacet
  facet normal 0.000000 0.000000 -1.000000
    outer loop
      vertex 0.0000 3.8000 0.0000
      vertex 3.8000 7.2000 0.0000
      vertex 3.8000 3.8000 0.0000
    endloop
  endfacet
  facet normal 0.000000 0.000000 1.000000
    outer loop
      vertex 0.0000 3.8000 3.0000
      vertex 3.8000 3.8000 3.0000
      vertex 3.8000 7.2000 3.0000
    endloop
  endfacet
  facet normal 0.000000 0.000000 1.000000
    outer loop
      vertex 0.0000 3.8000 3.0000
      vertex 3.8000 7.2000 3.0000
      vertex 0.0000 7.2000 3.0000
    endloop
  endfacet
  facet normal -1.000000 0.000000 0.000000
    outer loop
      vertex 0.0000 7.2000 0.0000
      vertex 0.0000 3.8000 0.0000
      vertex 0.0000 3.8000 3.0000
    endloop
  endfacet
  facet normal -1.000000 0.000000 0.000000
    outer loop
      vertex 0.0000 7.2000 0.0000
      vertex 0.0000 3.8000 3.0000
      vertex 0.0000 7.2000 3.0000
    endloop
  endfacet
  facet normal 1.000000 0.000000 0.000000
    outer loop
      vertex 3.8000 3.8000 0.0000
      vertex 3.8000 7.2000 0.0000
      vertex 3.8000 7.2000 3.0000
    endloop
  endfacet
  facet normal 1.000000 0.000000 0.000000
    outer loop
      vertex 3.8000 3.8000 0.0000
      vertex 3.8000 7.2000 3.0000
      vertex 3.8000 3.8000 3.0000
    endloop
  endfacet
  facet normal 0.000000 0.000000 -1.000000
    outer loop
      vertex 0.0000 7.2000 0.0000
      vertex 0.0000 15.8500 0.0000
      vertex 3.8000 15.8500 0.0000
    endloop
  endfacet
  facet normal 0.000000 0.000000 -1.000000
    outer loop
      vertex 0.0000 7.2000 0.0000
      vertex 3.8000 15.8500 0.0000
      vertex 3.8000 7.2000 0.0000
    endloop
  endfacet
  facet normal 0.000000 0.000000 1.000000
    outer loop
      vertex 0.0000 7.2000 3.0000
      vertex 3.8000 7.2000 3.0000
      vertex 3.8000 15.8500 3.0000
    endloop
  endfacet
  facet normal 0.000000 0.000000 1.000000
    outer loop
      vertex 0.0000 7.2000 3.0000
      vertex 3.8000 15.8500 3.0000
      vertex 0.0000 15.8500 3.0000
    endloop
  endfacet
  facet normal -1.000000 0.000000 0.000000
    outer loop
      vertex 0.0000 15.8500 0.0000
      vertex 0.0000 7.2000 0.0000
      vertex 0.0000 7.2000 3.0000
    endloop
  endfacet
  facet normal -1.000000 0.000000 0.000000
    outer loop
      vertex 0.0000 15.8500 0.0000
      vertex 0.0000 7.2000 3.0000
      vertex 0.0000 15.8500 3.0000
    endloop
  endfacet
  facet normal 0.000000 0.000000 -1.000000
    outer loop
      vertex 0.0000 15.8500 0.0000
      vertex 0.0000 19.2000 0.0000
      vertex 3.8000 19.2000 0.0000
    endloop
  endfacet
  facet normal 0.000000 0.000000 -1.000000
    outer loop
      vertex 0.0000 15.8500 0.0000
      vertex 3.8000 19.2000 0.0000
      vertex 3.8000 15.8500 0.0000
    endloop
  endfacet
  facet normal 0.000000 0.000000 1.000000
    outer loop
      vertex 0.0000 15.8500 3.0000
      vertex 3.8000 15.8500 3.0000
      vertex 3.8000 19.2000 3.0000
    endloop
  endfacet
  facet normal 0.000000 0.000000 1.000000
    outer loop
      vertex 0.0000 15.8500 3.0000
      vertex 3.8000 19.2000 3.0000
      vertex 0.0000 19.2000 3.0000
    endloop
  endfacet
  facet normal -1.000000 0.000000 0.000000
    outer loop
      vertex 0.0000 19.2000 0.0000
      vertex 0.0000 15.8500 0.0000
      vertex 0.0000 15.8500 3.0000
    endloop
  endfacet
  facet normal -1.000000 0.000000 0.000000
    outer loop
      vertex 0.0000 19.2000 0.0000
      vertex 0.0000 15.8500 3.0000
      vertex 0.0000 19.2000 3.0000
    endloop
  endfacet
  facet normal 0.000000 0.000000 -1.000000
    outer loop
      vertex 0.0000 19.2000 0.0000
      vertex 0.0000 26.7000 0.0000
      vertex 3.8000 26.7000 0.0000
    endloop
  endfacet
  facet normal 0.000000 0.000000 -1.000000
    outer loop
      vertex 0.0000 19.2000 0.0000
      vertex 3.8000 26.7000 0.0000
      vertex 3.8000 19.2000 0.0000
    endloop
  endfacet
  facet normal 0.000000 0.000000 1.000000
    outer loop
      vertex 0.0000 19.2000 3.0000
      vertex 3.8000 19.2000 3.0000
      vertex 3.8000 26.7000 3.0000
    endloop
  endfacet
  facet normal 0.000000 0.000000 1.000000
    outer loop
      vertex 0.0000 19.2000 3.0000
      vertex 3.8000 26.7000 3.0000
      vertex 0.0000 26.7000 3.0000
    endloop
  endfacet
  facet normal -1.000000 0.000000 0.000000
    outer loop
      vertex 0.0000 26.7000 0.0000
      vertex 0.0000 19.2000 0.0000
      vertex 0.0000 19.2000 3.0000
    endloop
  endfacet
  facet normal -1.000000 0.000000 0.000000
    outer loop
      vertex 0.0000 26.7000 0.0000
      vertex 0.0000 19.2000 3.0000
      vertex 0.0000 26.7000 3.0000
    endloop
  endfacet
  facet normal 0.000000 0.000000 -1.000000
    outer loop
      vertex 0.0000 26.7000 0.0000
      vertex 0.0000 30.0500 0.0000
      vertex 3.8000 30.0500 0.0000
    endloop
  endfacet
  facet normal 0.000000 0.000000 -1.000000
    outer loop
      vertex 0.0000 26.7000 0.0000
      vertex 3.8000 30.0500 0.0000
      vertex 3.8000 26.7000 0.0000
    endloop
  endfacet
  facet normal 0.000000 0.000000 1.000000
    outer loop
      vertex 0.0000 26.7000 3.0000
      vertex 3.8000 26.7000 3.0000
      vertex 3.8000 30.0500 3.0000
    endloop
  endfacet
  facet normal 0.000000 0.000000 1.000000
    outer loop
      vertex 0.0000 26.7000 3.0000
      vertex 3.8000 30.0500 3.0000
      vertex 0.0000 30.0500 3.0000
    endloop
  endfacet
  facet normal -1.000000 0.000000 0.000000
    outer loop
      vertex 0.0000 30.0500 0.0000
      vertex 0.0000 26.7000 0.0000
      vertex 0.0000 26.7000 3.0000
    endloop
  endfacet
  facet normal -1.000000 0.000000 0.000000
    outer loop
      vertex 0.0000 30.0500 0.0000
      vertex 0.0000 26.7000 3.0000
      vertex 0.0000 30.0500 3.0000
    endloop
  endfacet
  facet normal 0.000000 0.000000 -1.000000
    outer loop
      vertex 0.0000 30.0500 0.0000
      vertex 0.0000 34.9000 0.0000
      vertex 3.8000 34.9000 0.0000
    endloop
  endfacet
  facet normal 0.000000 0.000000 -1.000000
    outer loop
      vertex 0.0000 30.0500 0.0000
      vertex 3.8000 34.9000 0.0000
      vertex 3.8000 30.0500 0.0000
    endloop
  endfacet
  facet normal 0.000000 0.000000 1.000000
    outer loop
      vertex 0.0000 30.0500 3.0000
      vertex 3.8000 30.0500 3.0000
      vertex 3.8000 34.9000 3.0000
    endloop
  endfacet
  facet normal 0.000000 0.000000 1.000000
    outer loop
      vertex 0.0000 30.0500 3.0000
      vertex 3.8000 34.9000 3.0000
      vertex 0.0000 34.9000 3.0000
    endloop
  endfacet
  facet normal -1.000000 0.000000 0.000000
    outer loop
      vertex 0.0000 34.9000 0.0000
      vertex 0.0000 30.0500 0.0000
      vertex 0.0000 30.0500 3.0000
    endloop
  endfacet
  facet normal -1.000000 0.000000 0.000000
    outer loop
      vertex 0.0000 34.9000 0.0000
      vertex 0.0000 30.0500 3.0000
      vertex 0.0000 34.9000 3.0000
    endloop
  endfacet
  facet normal 0.000000 0.000000 -1.000000
    outer loop
      vertex 0.0000 34.9000 0.0000
      vertex 0.0000 35.0000 0.0000
      vertex 3.8000 35.0000 0.0000
    endloop
  endfacet
  facet normal 0.000000 0.000000 -1.000000
    outer loop
      vertex 0.0000 34.9000 0.0000
      vertex 3.8000 35.0000 0.0000
      vertex 3.8000 34.9000 0.0000
    endloop
  endfacet
  facet normal 0.000000 0.000000 1.000000
    outer loop
      vertex 0.0000 34.9000 3.0000
      vertex 3.8000 34.9000 3.0000
      vertex 3.8000 35.0000 3.0000
    endloop
  endfacet
  facet normal 0.000000 0.000000 1.000000
    outer loop
      vertex 0.0000 34.9000 3.0000
      vertex 3.8000 35.0000 3.0000
      vertex 0.0000 35.0000 3.0000
    endloop
  endfacet
  facet normal -1.000000 0.000000 0.000000
    outer loop
      vertex 0.0000 35.0000 0.0000
      vertex 0.0000 34.9000 0.0000
      vertex 0.0000 34.9000 3.0000
    endloop
  endfacet
  facet normal -1.000000 0.000000 0.000000
    outer loop
      vertex 0.0000 35.0000 0.0000
      vertex 0.0000 34.9000 3.0000
      vertex 0.0000 35.0000 3.0000
    endloop
  endfacet
  facet normal 0.000000 0.000000 -1.000000
    outer loop
      vertex 0.0000 35.0000 0.0000
      vertex 0.0000 49.0000 0.0000
      vertex 3.8000 49.0000 0.0000
    endloop
  endfacet
  facet normal 0.000000 0.000000 -1.000000
    outer loop
      vertex 0.0000 35.0000 0.0000
      vertex 3.8000 49.0000 0.0000
      vertex 3.8000 35.0000 0.0000
    endloop
  endfacet
  facet normal 0.000000 0.000000 1.000000
    outer loop
      vertex 0.0000 35.0000 3.0000
      vertex 3.8000 35.0000 3.0000
      vertex 3.8000 49.0000 3.0000
    endloop
  endfacet
  facet normal 0.000000 0.000000 1.000000
    outer loop
      vertex 0.0000 35.0000 3.0000
      vertex 3.8000 49.0000 3.0000
      vertex 0.0000 49.0000 3.0000
    endloop
  endfacet
  facet normal -1.000000 0.000000 0.000000
    outer loop
      vertex 0.0000 49.0000 0.0000
      vertex 0.0000 35.0000 0.0000
      vertex 0.0000 35.0000 3.0000
    endloop
  endfacet
  facet normal -1.000000 0.000000 0.000000
    outer loop
      vertex 0.0000 49.0000 0.0000
      vertex 0.0000 35.0000 3.0000
      vertex 0.0000 49.0000 3.0000
    endloop
  endfacet
  facet normal 0.000000 0.000000 -1.000000
    outer loop
      vertex 0.0000 49.0000 0.0000
      vertex 0.0000 49.1000 0.0000
      vertex 3.8000 49.1000 0.0000
    endloop
  endfacet
  facet normal 0.000000 0.000000 -1.000000
    outer loop
      vertex 0.0000 49.0000 0.0000
      vertex 3.8000 49.1000 0.0000
      vertex 3.8000 49.0000 0.0000
    endloop
  endfacet
  facet normal 0.000000 0.000000 1.000000
    outer loop
      vertex 0.0000 49.0000 3.0000
      vertex 3.8000 49.0000 3.0000
      vertex 3.8000 49.1000 3.0000
    endloop
  endfacet
  facet normal 0.000000 0.000000 1.000000
    outer loop
      vertex 0.0000 49.0000 3.0000
      vertex 3.8000 49.1000 3.0000
      vertex 0.0000 49.1000 3.0000
    endloop
  endfacet
  facet normal -1.000000 0.000000 0.000000
    outer loop
      vertex 0.0000 49.1000 0.0000
      vertex 0.0000 49.0000 0.0000
      vertex 0.0000 49.0000 3.0000
    endloop
  endfacet
  facet normal -1.000000 0.000000 0.000000
    outer loop
      vertex 0.0000 49.1000 0.0000
      vertex 0.0000 49.0000 3.0000
      vertex 0.0000 49.1000 3.0000
    endloop
  endfacet
  facet normal 0.000000 0.000000 -1.000000
    outer loop
      vertex 0.0000 49.1000 0.0000
      vertex 0.0000 53.9500 0.0000
      vertex 3.8000 53.9500 0.0000
    endloop
  endfacet
  facet normal 0.000000 0.000000 -1.000000
    outer loop
      vertex 0.0000 49.1000 0.0000
      vertex 3.8000 53.9500 0.0000
      vertex 3.8000 49.1000 0.0000
    endloop
  endfacet
  facet normal 0.000000 0.000000 1.000000
    outer loop
      vertex 0.0000 49.1000 3.0000
      vertex 3.8000 49.1000 3.0000
      vertex 3.8000 53.9500 3.0000
    endloop
  endfacet
  facet normal 0.000000 0.000000 1.000000
    outer loop
      vertex 0.0000 49.1000 3.0000
      vertex 3.8000 53.9500 3.0000
      vertex 0.0000 53.9500 3.0000
    endloop
  endfacet
  facet normal -1.000000 0.000000 0.000000
    outer loop
      vertex 0.0000 53.9500 0.0000
      vertex 0.0000 49.1000 0.0000
      vertex 0.0000 49.1000 3.0000
    endloop
  endfacet
  facet normal -1.000000 0.000000 0.000000
    outer loop
      vertex 0.0000 53.9500 0.0000
      vertex 0.0000 49.1000 3.0000
      vertex 0.0000 53.9500 3.0000
    endloop
  endfacet
  facet normal 0.000000 0.000000 -1.000000
    outer loop
      vertex 0.0000 53.9500 0.0000
      vertex 0.0000 57.3000 0.0000
      vertex 3.8000 57.3000 0.0000
    endloop
  endfacet
  facet normal 0.000000 0.000000 -1.000000
    outer loop
      vertex 0.0000 53.9500 0.0000
      vertex 3.8000 57.3000 0.0000
      vertex 3.8000 53.9500 0.0000
    endloop
  endfacet
  facet normal 0.000000 0.000000 1.000000
    outer loop
      vertex 0.0000 53.9500 3.0000
      vertex 3.8000 53.9500 3.0000
      vertex 3.8000 57.3000 3.0000
    endloop
  endfacet
  facet normal 0.000000 0.000000 1.000000
    outer loop
      vertex 0.0000 53.9500 3.0000
      vertex 3.8000 57.3000 3.0000
      vertex 0.0000 57.3000 3.0000
    endloop
  endfacet
  facet normal -1.000000 0.000000 0.000000
    outer loop
      vertex 0.0000 57.3000 0.0000
      vertex 0.0000 53.9500 0.0000
      vertex 0.0000 53.9500 3.0000
    endloop
  endfacet
  facet normal -1.000000 0.000000 0.000000
    outer loop
      vertex 0.0000 57.3000 0.0000
      vertex 0.0000 53.9500 3.0000
      vertex 0.0000 57.3000 3.0000
    endloop
  endfacet
  facet normal 0.000000 0.000000 -1.000000
    outer loop
      vertex 0.0000 57.3000 0.0000
      vertex 0.0000 64.8000 0.0000
      vertex 3.8000 64.8000 0.0000
    endloop
  endfacet
  facet normal 0.000000 0.000000 -1.000000
    outer loop
      vertex 0.0000 57.3000 0.0000
      vertex 3.8000 64.8000 0.0000
      vertex 3.8000 57.3000 0.0000
    endloop
  endfacet
  facet normal 0.000000 0.000000 1.000000
    outer loop
      vertex 0.0000 57.3000 3.0000
      vertex 3.8000 57.3000 3.0000
      vertex 3.8000 64.8000 3.0000
    endloop
  endfacet
  facet normal 0.000000 0.000000 1.000000
    outer loop
      vertex 0.0000 57.3000 3.0000
      vertex 3.8000 64.8000 3.0000
      vertex 0.0000 64.8000 3.0000
    endloop
  endfacet
  facet normal -1.000000 0.000000 0.000000
    outer loop
      vertex 0.0000 64.8000 0.0000
      vertex 0.0000 57.3000 0.0000
      vertex 0.0000 57.3000 3.0000
    endloop
  endfacet
  facet normal -1.000000 0.000000 0.000000
    outer loop
      vertex 0.0000 64.8000 0.0000
      vertex 0.0000 57.3000 3.0000
      vertex 0.0000 64.8000 3.0000
    endloop
  endfacet
  facet normal 0.000000 0.000000 -1.000000
    outer loop
      vertex 0.0000 64.8000 0.0000
      vertex 0.0000 68.1500 0.0000
      vertex 3.8000 68.1500 0.0000
    endloop
  endfacet
  facet normal 0.000000 0.000000 -1.000000
    outer loop
      vertex 0.0000 64.8000 0.0000
      vertex 3.8000 68.1500 0.0000
      vertex 3.8000 64.8000 0.0000
    endloop
  endfacet
  facet normal 0.000000 0.000000 1.000000
    outer loop
      vertex 0.0000 64.8000 3.0000
      vertex 3.8000 64.8000 3.0000
      vertex 3.8000 68.1500 3.0000
    endloop
  endfacet
  facet normal 0.000000 0.000000 1.000000
    outer loop
      vertex 0.0000 64.8000 3.0000
      vertex 3.8000 68.1500 3.0000
      vertex 0.0000 68.1500 3.0000
    endloop
  endfacet
  facet normal -1.000000 0.000000 0.000000
    outer loop
      vertex 0.0000 68.1500 0.0000
      vertex 0.0000 64.8000 0.0000
      vertex 0.0000 64.8000 3.0000
    endloop
  endfacet
  facet normal -1.000000 0.000000 0.000000
    outer loop
      vertex 0.0000 68.1500 0.0000
      vertex 0.0000 64.8000 3.0000
      vertex 0.0000 68.1500 3.0000
    endloop
  endfacet
  facet normal 0.000000 0.000000 -1.000000
    outer loop
      vertex 0.0000 68.1500 0.0000
      vertex 0.0000 76.8000 0.0000
      vertex 3.8000 76.8000 0.0000
    endloop
  endfacet
  facet normal 0.000000 0.000000 -1.000000
    outer loop
      vertex 0.0000 68.1500 0.0000
      vertex 3.8000 76.8000 0.0000
      vertex 3.8000 68.1500 0.0000
    endloop
  endfacet
  facet normal 0.000000 0.000000 1.000000
    outer loop
      vertex 0.0000 68.1500 3.0000
      vertex 3.8000 68.1500 3.0000
      vertex 3.8000 76.8000 3.0000
    endloop
  endfacet
  facet normal 0.000000 0.000000 1.000000
    outer loop
      vertex 0.0000 68.1500 3.0000
      vertex 3.8000 76.8000 3.0000
      vertex 0.0000 76.8000 3.0000
    endloop
  endfacet
  facet normal -1.000000 0.000000 0.000000
    outer loop
      vertex 0.0000 76.8000 0.0000
      vertex 0.0000 68.1500 0.0000
      vertex 0.0000 68.1500 3.0000
    endloop
  endfacet
  facet normal -1.000000 0.000000 0.000000
    outer loop
      vertex 0.0000 76.8000 0.0000
      vertex 0.0000 68.1500 3.0000
      vertex 0.0000 76.8000 3.0000
    endloop
  endfacet
  facet normal 0.000000 0.000000 -1.000000
    outer loop
      vertex 0.0000 76.8000 0.0000
      vertex 0.0000 80.2000 0.0000
      vertex 3.8000 80.2000 0.0000
    endloop
  endfacet
  facet normal 0.000000 0.000000 -1.000000
    outer loop
      vertex 0.0000 76.8000 0.0000
      vertex 3.8000 80.2000 0.0000
      vertex 3.8000 76.8000 0.0000
    endloop
  endfacet
  facet normal 0.000000 0.000000 1.000000
    outer loop
      vertex 0.0000 76.8000 3.0000
      vertex 3.8000 76.8000 3.0000
      vertex 3.8000 80.2000 3.0000
    endloop
  endfacet
  facet normal 0.000000 0.000000 1.000000
    outer loop
      vertex 0.0000 76.8000 3.0000
      vertex 3.8000 80.2000 3.0000
      vertex 0.0000 80.2000 3.0000
    endloop
  endfacet
  facet normal -1.000000 0.000000 0.000000
    outer loop
      vertex 0.0000 80.2000 0.0000
      vertex 0.0000 76.8000 0.0000
      vertex 0.0000 76.8000 3.0000
    endloop
  endfacet
  facet normal -1.000000 0.000000 0.000000
    outer loop
      vertex 0.0000 80.2000 0.0000
      vertex 0.0000 76.8000 3.0000
      vertex 0.0000 80.2000 3.0000
    endloop
  endfacet
  facet normal 1.000000 0.000000 0.000000
    outer loop
      vertex 3.8000 76.8000 0.0000
      vertex 3.8000 80.2000 0.0000
      vertex 3.8000 80.2000 3.0000
    endloop
  endfacet
  facet normal 1.000000 0.000000 0.000000
    outer loop
      vertex 3.8000 76.8000 0.0000
      vertex 3.8000 80.2000 3.0000
      vertex 3.8000 76.8000 3.0000
    endloop
  endfacet
  facet normal 0.000000 0.000000 -1.000000
    outer loop
      vertex 0.0000 80.2000 0.0000
      vertex 0.0000 84.0000 0.0000
      vertex 3.8000 84.0000 0.0000
    endloop
  endfacet
  facet normal 0.000000 0.000000 -1.000000
    outer loop
      vertex 0.0000 80.2000 0.0000
      vertex 3.8000 84.0000 0.0000
      vertex 3.8000 80.2000 0.0000
    endloop
  endfacet
  facet normal 0.000000 0.000000 1.000000
    outer loop
      vertex 0.0000 80.2000 3.0000
      vertex 3.8000 80.2000 3.0000
      vertex 3.8000 84.0000 3.0000
    endloop
  endfacet
  facet normal 0.000000 0.000000 1.000000
    outer loop
      vertex 0.0000 80.2000 3.0000
      vertex 3.8000 84.0000 3.0000
      vertex 0.0000 84.0000 3.0000
    endloop
  endfacet
  facet normal 0.000000 1.000000 0.000000
    outer loop
      vertex 3.8000 84.0000 0.0000
      vertex 0.0000 84.0000 0.0000
      vertex 0.0000 84.0000 3.0000
    endloop
  endfacet
  facet normal 0.000000 1.000000 -0.000000
    outer loop
      vertex 3.8000 84.0000 0.0000
      vertex 0.0000 84.0000 3.0000
      vertex 3.8000 84.0000 3.0000
    endloop
  endfacet
  facet normal -1.000000 0.000000 0.000000
    outer loop
      vertex 0.0000 84.0000 0.0000
      vertex 0.0000 80.2000 0.0000
      vertex 0.0000 80.2000 3.0000
    endloop
  endfacet
  facet normal -1.000000 0.000000 0.000000
    outer loop
      vertex 0.0000 84.0000 0.0000
      vertex 0.0000 80.2000 3.0000
      vertex 0.0000 84.0000 3.0000
    endloop
  endfacet
  facet normal 0.000000 0.000000 -1.000000
    outer loop
      vertex 3.8000 0.0000 0.0000
      vertex 3.8000 3.8000 0.0000
      vertex 7.2000 3.8000 0.0000
    endloop
  endfacet
  facet normal 0.000000 0.000000 -1.000000
    outer loop
      vertex 3.8000 0.0000 0.0000
      vertex 7.2000 3.8000 0.0000
      vertex 7.2000 0.0000 0.0000
    endloop
  endfacet
  facet normal 0.000000 0.000000 1.000000
    outer loop
      vertex 3.8000 0.0000 3.0000
      vertex 7.2000 0.0000 3.0000
      vertex 7.2000 3.8000 3.0000
    endloop
  endfacet
  facet normal 0.000000 0.000000 1.000000
    outer loop
      vertex 3.8000 0.0000 3.0000
      vertex 7.2000 3.8000 3.0000
      vertex 3.8000 3.8000 3.0000
    endloop
  endfacet
  facet normal 0.000000 -1.000000 0.000000
    outer loop
      vertex 3.8000 0.0000 0.0000
      vertex 7.2000 0.0000 0.0000
      vertex 7.2000 0.0000 3.0000
    endloop
  endfacet
  facet normal 0.000000 -1.000000 0.000000
    outer loop
      vertex 3.8000 0.0000 0.0000
      vertex 7.2000 0.0000 3.0000
      vertex 3.8000 0.0000 3.0000
    endloop
  endfacet
  facet normal 0.000000 1.000000 0.000000
    outer loop
      vertex 7.2000 3.8000 0.0000
      vertex 3.8000 3.8000 0.0000
      vertex 3.8000 3.8000 3.0000
    endloop
  endfacet
  facet normal 0.000000 1.000000 -0.000000
    outer loop
      vertex 7.2000 3.8000 0.0000
      vertex 3.8000 3.8000 3.0000
      vertex 7.2000 3.8000 3.0000
    endloop
  endfacet
  facet normal 0.000000 0.000000 -1.000000
    outer loop
      vertex 3.8000 7.2000 0.0000
      vertex 3.8000 15.8500 0.0000
      vertex 7.2000 15.8500 0.0000
    endloop
  endfacet
  facet normal 0.000000 0.000000 -1.000000
    outer loop
      vertex 3.8000 7.2000 0.0000
      vertex 7.2000 15.8500 0.0000
      vertex 7.2000 7.2000 0.0000
    endloop
  endfacet
  facet normal 0.000000 0.000000 1.000000
    outer loop
      vertex 3.8000 7.2000 3.0000
      vertex 7.2000 7.2000 3.0000
      vertex 7.2000 15.8500 3.0000
    endloop
  endfacet
  facet normal 0.000000 0.000000 1.000000
    outer loop
      vertex 3.8000 7.2000 3.0000
      vertex 7.2000 15.8500 3.0000
      vertex 3.8000 15.8500 3.0000
    endloop
  endfacet
  facet normal 0.000000 -1.000000 0.000000
    outer loop
      vertex 3.8000 7.2000 0.0000
      vertex 7.2000 7.2000 0.0000
      vertex 7.2000 7.2000 3.0000
    endloop
  endfacet
  facet normal 0.000000 -1.000000 0.000000
    outer loop
      vertex 3.8000 7.2000 0.0000
      vertex 7.2000 7.2000 3.0000
      vertex 3.8000 7.2000 3.0000
    endloop
  endfacet
  facet normal 0.000000 0.000000 -1.000000
    outer loop
      vertex 3.8000 15.8500 0.0000
      vertex 3.8000 19.2000 0.0000
      vertex 7.2000 19.2000 0.0000
    endloop
  endfacet
  facet normal 0.000000 0.000000 -1.000000
    outer loop
      vertex 3.8000 15.8500 0.0000
      vertex 7.2000 19.2000 0.0000
      vertex 7.2000 15.8500 0.0000
    endloop
  endfacet
  facet normal 0.000000 0.000000 1.000000
    outer loop
      vertex 3.8000 15.8500 3.0000
      vertex 7.2000 15.8500 3.0000
      vertex 7.2000 19.2000 3.0000
    endloop
  endfacet
  facet normal 0.000000 0.000000 1.000000
    outer loop
      vertex 3.8000 15.8500 3.0000
      vertex 7.2000 19.2000 3.0000
      vertex 3.8000 19.2000 3.0000
    endloop
  endfacet
  facet normal 0.000000 0.000000 -1.000000
    outer loop
      vertex 3.8000 19.2000 0.0000
      vertex 3.8000 26.7000 0.0000
      vertex 7.2000 26.7000 0.0000
    endloop
  endfacet
  facet normal 0.000000 0.000000 -1.000000
    outer loop
      vertex 3.8000 19.2000 0.0000
      vertex 7.2000 26.7000 0.0000
      vertex 7.2000 19.2000 0.0000
    endloop
  endfacet
  facet normal 0.000000 0.000000 1.000000
    outer loop
      vertex 3.8000 19.2000 3.0000
      vertex 7.2000 19.2000 3.0000
      vertex 7.2000 26.7000 3.0000
    endloop
  endfacet
  facet normal 0.000000 0.000000 1.000000
    outer loop
      vertex 3.8000 19.2000 3.0000
      vertex 7.2000 26.7000 3.0000
      vertex 3.8000 26.7000 3.0000
    endloop
  endfacet
  facet normal 0.000000 0.000000 -1.000000
    outer loop
      vertex 3.8000 26.7000 0.0000
      vertex 3.8000 30.0500 0.0000
      vertex 7.2000 30.0500 0.0000
    endloop
  endfacet
  facet normal 0.000000 0.000000 -1.000000
    outer loop
      vertex 3.8000 26.7000 0.0000
      vertex 7.2000 30.0500 0.0000
      vertex 7.2000 26.7000 0.0000
    endloop
  endfacet
  facet normal 0.000000 0.000000 1.000000
    outer loop
      vertex 3.8000 26.7000 3.0000
      vertex 7.2000 26.7000 3.0000
      vertex 7.2000 30.0500 3.0000
    endloop
  endfacet
  facet normal 0.000000 0.000000 1.000000
    outer loop
      vertex 3.8000 26.7000 3.0000
      vertex 7.2000 30.0500 3.0000
      vertex 3.8000 30.0500 3.0000
    endloop
  endfacet
  facet normal 0.000000 0.000000 -1.000000
    outer loop
      vertex 3.8000 30.0500 0.0000
      vertex 3.8000 34.9000 0.0000
      vertex 7.2000 34.9000 0.0000
    endloop
  endfacet
  facet normal 0.000000 0.000000 -1.000000
    outer loop
      vertex 3.8000 30.0500 0.0000
      vertex 7.2000 34.9000 0.0000
      vertex 7.2000 30.0500 0.0000
    endloop
  endfacet
  facet normal 0.000000 0.000000 1.000000
    outer loop
      vertex 3.8000 30.0500 3.0000
      vertex 7.2000 30.0500 3.0000
      vertex 7.2000 34.9000 3.0000
    endloop
  endfacet
  facet normal 0.000000 0.000000 1.000000
    outer loop
      vertex 3.8000 30.0500 3.0000
      vertex 7.2000 34.9000 3.0000
      vertex 3.8000 34.9000 3.0000
    endloop
  endfacet
  facet normal 0.000000 0.000000 -1.000000
    outer loop
      vertex 3.8000 34.9000 0.0000
      vertex 3.8000 35.0000 0.0000
      vertex 7.2000 35.0000 0.0000
    endloop
  endfacet
  facet normal 0.000000 0.000000 -1.000000
    outer loop
      vertex 3.8000 34.9000 0.0000
      vertex 7.2000 35.0000 0.0000
      vertex 7.2000 34.9000 0.0000
    endloop
  endfacet
  facet normal 0.000000 0.000000 1.000000
    outer loop
      vertex 3.8000 34.9000 3.0000
      vertex 7.2000 34.9000 3.0000
      vertex 7.2000 35.0000 3.0000
    endloop
  endfacet
  facet normal 0.000000 0.000000 1.000000
    outer loop
      vertex 3.8000 34.9000 3.0000
      vertex 7.2000 35.0000 3.0000
      vertex 3.8000 35.0000 3.0000
    endloop
  endfacet
  facet normal 0.000000 0.000000 -1.000000
    outer loop
      vertex 3.8000 35.0000 0.0000
      vertex 3.8000 49.0000 0.0000
      vertex 7.2000 49.0000 0.0000
    endloop
  endfacet
  facet normal 0.000000 0.000000 -1.000000
    outer loop
      vertex 3.8000 35.0000 0.0000
      vertex 7.2000 49.0000 0.0000
      vertex 7.2000 35.0000 0.0000
    endloop
  endfacet
  facet normal 0.000000 0.000000 1.000000
    outer loop
      vertex 3.8000 35.0000 3.0000
      vertex 7.2000 35.0000 3.0000
      vertex 7.2000 49.0000 3.0000
    endloop
  endfacet
  facet normal 0.000000 0.000000 1.000000
    outer loop
      vertex 3.8000 35.0000 3.0000
      vertex 7.2000 49.0000 3.0000
      vertex 3.8000 49.0000 3.0000
    endloop
  endfacet
  facet normal 0.000000 0.000000 -1.000000
    outer loop
      vertex 3.8000 49.0000 0.0000
      vertex 3.8000 49.1000 0.0000
      vertex 7.2000 49.1000 0.0000
    endloop
  endfacet
  facet normal 0.000000 0.000000 -1.000000
    outer loop
      vertex 3.8000 49.0000 0.0000
      vertex 7.2000 49.1000 0.0000
      vertex 7.2000 49.0000 0.0000
    endloop
  endfacet
  facet normal 0.000000 0.000000 1.000000
    outer loop
      vertex 3.8000 49.0000 3.0000
      vertex 7.2000 49.0000 3.0000
      vertex 7.2000 49.1000 3.0000
    endloop
  endfacet
  facet normal 0.000000 0.000000 1.000000
    outer loop
      vertex 3.8000 49.0000 3.0000
      vertex 7.2000 49.1000 3.0000
      vertex 3.8000 49.1000 3.0000
    endloop
  endfacet
  facet normal 0.000000 0.000000 -1.000000
    outer loop
      vertex 3.8000 49.1000 0.0000
      vertex 3.8000 53.9500 0.0000
      vertex 7.2000 53.9500 0.0000
    endloop
  endfacet
  facet normal 0.000000 0.000000 -1.000000
    outer loop
      vertex 3.8000 49.1000 0.0000
      vertex 7.2000 53.9500 0.0000
      vertex 7.2000 49.1000 0.0000
    endloop
  endfacet
  facet normal 0.000000 0.000000 1.000000
    outer loop
      vertex 3.8000 49.1000 3.0000
      vertex 7.2000 49.1000 3.0000
      vertex 7.2000 53.9500 3.0000
    endloop
  endfacet
  facet normal 0.000000 0.000000 1.000000
    outer loop
      vertex 3.8000 49.1000 3.0000
      vertex 7.2000 53.9500 3.0000
      vertex 3.8000 53.9500 3.0000
    endloop
  endfacet
  facet normal 0.000000 0.000000 -1.000000
    outer loop
      vertex 3.8000 53.9500 0.0000
      vertex 3.8000 57.3000 0.0000
      vertex 7.2000 57.3000 0.0000
    endloop
  endfacet
  facet normal 0.000000 0.000000 -1.000000
    outer loop
      vertex 3.8000 53.9500 0.0000
      vertex 7.2000 57.3000 0.0000
      vertex 7.2000 53.9500 0.0000
    endloop
  endfacet
  facet normal 0.000000 0.000000 1.000000
    outer loop
      vertex 3.8000 53.9500 3.0000
      vertex 7.2000 53.9500 3.0000
      vertex 7.2000 57.3000 3.0000
    endloop
  endfacet
  facet normal 0.000000 0.000000 1.000000
    outer loop
      vertex 3.8000 53.9500 3.0000
      vertex 7.2000 57.3000 3.0000
      vertex 3.8000 57.3000 3.0000
    endloop
  endfacet
  facet normal 0.000000 0.000000 -1.000000
    outer loop
      vertex 3.8000 57.3000 0.0000
      vertex 3.8000 64.8000 0.0000
      vertex 7.2000 64.8000 0.0000
    endloop
  endfacet
  facet normal 0.000000 0.000000 -1.000000
    outer loop
      vertex 3.8000 57.3000 0.0000
      vertex 7.2000 64.8000 0.0000
      vertex 7.2000 57.3000 0.0000
    endloop
  endfacet
  facet normal 0.000000 0.000000 1.000000
    outer loop
      vertex 3.8000 57.3000 3.0000
      vertex 7.2000 57.3000 3.0000
      vertex 7.2000 64.8000 3.0000
    endloop
  endfacet
  facet normal 0.000000 0.000000 1.000000
    outer loop
      vertex 3.8000 57.3000 3.0000
      vertex 7.2000 64.8000 3.0000
      vertex 3.8000 64.8000 3.0000
    endloop
  endfacet
  facet normal 0.000000 0.000000 -1.000000
    outer loop
      vertex 3.8000 64.8000 0.0000
      vertex 3.8000 68.1500 0.0000
      vertex 7.2000 68.1500 0.0000
    endloop
  endfacet
  facet normal 0.000000 0.000000 -1.000000
    outer loop
      vertex 3.8000 64.8000 0.0000
      vertex 7.2000 68.1500 0.0000
      vertex 7.2000 64.8000 0.0000
    endloop
  endfacet
  facet normal 0.000000 0.000000 1.000000
    outer loop
      vertex 3.8000 64.8000 3.0000
      vertex 7.2000 64.8000 3.0000
      vertex 7.2000 68.1500 3.0000
    endloop
  endfacet
  facet normal 0.000000 0.000000 1.000000
    outer loop
      vertex 3.8000 64.8000 3.0000
      vertex 7.2000 68.1500 3.0000
      vertex 3.8000 68.1500 3.0000
    endloop
  endfacet
  facet normal 0.000000 0.000000 -1.000000
    outer loop
      vertex 3.8000 68.1500 0.0000
      vertex 3.8000 76.8000 0.0000
      vertex 7.2000 76.8000 0.0000
    endloop
  endfacet
  facet normal 0.000000 0.000000 -1.000000
    outer loop
      vertex 3.8000 68.1500 0.0000
      vertex 7.2000 76.8000 0.0000
      vertex 7.2000 68.1500 0.0000
    endloop
  endfacet
  facet normal 0.000000 0.000000 1.000000
    outer loop
      vertex 3.8000 68.1500 3.0000
      vertex 7.2000 68.1500 3.0000
      vertex 7.2000 76.8000 3.0000
    endloop
  endfacet
  facet normal 0.000000 0.000000 1.000000
    outer loop
      vertex 3.8000 68.1500 3.0000
      vertex 7.2000 76.8000 3.0000
      vertex 3.8000 76.8000 3.0000
    endloop
  endfacet
  facet normal 0.000000 1.000000 0.000000
    outer loop
      vertex 7.2000 76.8000 0.0000
      vertex 3.8000 76.8000 0.0000
      vertex 3.8000 76.8000 3.0000
    endloop
  endfacet
  facet normal 0.000000 1.000000 -0.000000
    outer loop
      vertex 7.2000 76.8000 0.0000
      vertex 3.8000 76.8000 3.0000
      vertex 7.2000 76.8000 3.0000
    endloop
  endfacet
  facet normal 0.000000 0.000000 -1.000000
    outer loop
      vertex 3.8000 80.2000 0.0000
      vertex 3.8000 84.0000 0.0000
      vertex 7.2000 84.0000 0.0000
    endloop
  endfacet
  facet normal 0.000000 0.000000 -1.000000
    outer loop
      vertex 3.8000 80.2000 0.0000
      vertex 7.2000 84.0000 0.0000
      vertex 7.2000 80.2000 0.0000
    endloop
  endfacet
  facet normal 0.000000 0.000000 1.000000
    outer loop
      vertex 3.8000 80.2000 3.0000
      vertex 7.2000 80.2000 3.0000
      vertex 7.2000 84.0000 3.0000
    endloop
  endfacet
  facet normal 0.000000 0.000000 1.000000
    outer loop
      vertex 3.8000 80.2000 3.0000
      vertex 7.2000 84.0000 3.0000
      vertex 3.8000 84.0000 3.0000
    endloop
  endfacet
  facet normal 0.000000 -1.000000 0.000000
    outer loop
      vertex 3.8000 80.2000 0.0000
      vertex 7.2000 80.2000 0.0000
      vertex 7.2000 80.2000 3.0000
    endloop
  endfacet
  facet normal 0.000000 -1.000000 0.000000
    outer loop
      vertex 3.8000 80.2000 0.0000
      vertex 7.2000 80.2000 3.0000
      vertex 3.8000 80.2000 3.0000
    endloop
  endfacet
  facet normal 0.000000 1.000000 0.000000
    outer loop
      vertex 7.2000 84.0000 0.0000
      vertex 3.8000 84.0000 0.0000
      vertex 3.8000 84.0000 3.0000
    endloop
  endfacet
  facet normal 0.000000 1.000000 -0.000000
    outer loop
      vertex 7.2000 84.0000 0.0000
      vertex 3.8000 84.0000 3.0000
      vertex 7.2000 84.0000 3.0000
    endloop
  endfacet
  facet normal 0.000000 0.000000 -1.000000
    outer loop
      vertex 7.2000 0.0000 0.0000
      vertex 7.2000 3.8000 0.0000
      vertex 8.9000 3.8000 0.0000
    endloop
  endfacet
  facet normal 0.000000 0.000000 -1.000000
    outer loop
      vertex 7.2000 0.0000 0.0000
      vertex 8.9000 3.8000 0.0000
      vertex 8.9000 0.0000 0.0000
    endloop
  endfacet
  facet normal 0.000000 0.000000 1.000000
    outer loop
      vertex 7.2000 0.0000 3.0000
      vertex 8.9000 0.0000 3.0000
      vertex 8.9000 3.8000 3.0000
    endloop
  endfacet
  facet normal 0.000000 0.000000 1.000000
    outer loop
      vertex 7.2000 0.0000 3.0000
      vertex 8.9000 3.8000 3.0000
      vertex 7.2000 3.8000 3.0000
    endloop
  endfacet
  facet normal 0.000000 -1.000000 0.000000
    outer loop
      vertex 7.2000 0.0000 0.0000
      vertex 8.9000 0.0000 0.0000
      vertex 8.9000 0.0000 3.0000
    endloop
  endfacet
  facet normal 0.000000 -1.000000 0.000000
    outer loop
      vertex 7.2000 0.0000 0.0000
      vertex 8.9000 0.0000 3.0000
      vertex 7.2000 0.0000 3.0000
    endloop
  endfacet
  facet normal 0.000000 0.000000 -1.000000
    outer loop
      vertex 7.2000 3.8000 0.0000
      vertex 7.2000 7.2000 0.0000
      vertex 8.9000 7.2000 0.0000
    endloop
  endfacet
  facet normal 0.000000 0.000000 -1.000000
    outer loop
      vertex 7.2000 3.8000 0.0000
      vertex 8.9000 7.2000 0.0000
      vertex 8.9000 3.8000 0.0000
    endloop
  endfacet
  facet normal 0.000000 0.000000 1.000000
    outer loop
      vertex 7.2000 3.8000 3.0000
      vertex 8.9000 3.8000 3.0000
      vertex 8.9000 7.2000 3.0000
    endloop
  endfacet
  facet normal 0.000000 0.000000 1.000000
    outer loop
      vertex 7.2000 3.8000 3.0000
      vertex 8.9000 7.2000 3.0000
      vertex 7.2000 7.2000 3.0000
    endloop
  endfacet
  facet normal -1.000000 0.000000 0.000000
    outer loop
      vertex 7.2000 7.2000 0.0000
      vertex 7.2000 3.8000 0.0000
      vertex 7.2000 3.8000 3.0000
    endloop
  endfacet
  facet normal -1.000000 0.000000 0.000000
    outer loop
      vertex 7.2000 7.2000 0.0000
      vertex 7.2000 3.8000 3.0000
      vertex 7.2000 7.2000 3.0000
    endloop
  endfacet
  facet normal 0.000000 0.000000 -1.000000
    outer loop
      vertex 7.2000 7.2000 0.0000
      vertex 7.2000 15.8500 0.0000
      vertex 8.9000 15.8500 0.0000
    endloop
  endfacet
  facet normal 0.000000 0.000000 -1.000000
    outer loop
      vertex 7.2000 7.2000 0.0000
      vertex 8.9000 15.8500 0.0000
      vertex 8.9000 7.2000 0.0000
    endloop
  endfacet
  facet normal 0.000000 0.000000 1.000000
    outer loop
      vertex 7.2000 7.2000 3.0000
      vertex 8.9000 7.2000 3.0000
      vertex 8.9000 15.8500 3.0000
    endloop
  endfacet
  facet normal 0.000000 0.000000 1.000000
    outer loop
      vertex 7.2000 7.2000 3.0000
      vertex 8.9000 15.8500 3.0000
      vertex 7.2000 15.8500 3.0000
    endloop
  endfacet
  facet normal 0.000000 0.000000 -1.000000
    outer loop
      vertex 7.2000 15.8500 0.0000
      vertex 7.2000 19.2000 0.0000
      vertex 8.9000 19.2000 0.0000
    endloop
  endfacet
  facet normal 0.000000 0.000000 -1.000000
    outer loop
      vertex 7.2000 15.8500 0.0000
      vertex 8.9000 19.2000 0.0000
      vertex 8.9000 15.8500 0.0000
    endloop
  endfacet
  facet normal 0.000000 0.000000 1.000000
    outer loop
      vertex 7.2000 15.8500 3.0000
      vertex 8.9000 15.8500 3.0000
      vertex 8.9000 19.2000 3.0000
    endloop
  endfacet
  facet normal 0.000000 0.000000 1.000000
    outer loop
      vertex 7.2000 15.8500 3.0000
      vertex 8.9000 19.2000 3.0000
      vertex 7.2000 19.2000 3.0000
    endloop
  endfacet
  facet normal 1.000000 0.000000 0.000000
    outer loop
      vertex 8.9000 15.8500 0.0000
      vertex 8.9000 19.2000 0.0000
      vertex 8.9000 19.2000 3.0000
    endloop
  endfacet
  facet normal 1.000000 0.000000 0.000000
    outer loop
      vertex 8.9000 15.8500 0.0000
      vertex 8.9000 19.2000 3.0000
      vertex 8.9000 15.8500 3.0000
    endloop
  endfacet
  facet normal 0.000000 0.000000 -1.000000
    outer loop
      vertex 7.2000 19.2000 0.0000
      vertex 7.2000 26.7000 0.0000
      vertex 8.9000 26.7000 0.0000
    endloop
  endfacet
  facet normal 0.000000 0.000000 -1.000000
    outer loop
      vertex 7.2000 19.2000 0.0000
      vertex 8.9000 26.7000 0.0000
      vertex 8.9000 19.2000 0.0000
    endloop
  endfacet
  facet normal 0.000000 0.000000 1.000000
    outer loop
      vertex 7.2000 19.2000 3.0000
      vertex 8.9000 19.2000 3.0000
      vertex 8.9000 26.7000 3.0000
    endloop
  endfacet
  facet normal 0.000000 0.000000 1.000000
    outer loop
      vertex 7.2000 19.2000 3.0000
      vertex 8.9000 26.7000 3.0000
      vertex 7.2000 26.7000 3.0000
    endloop
  endfacet
  facet normal 1.000000 0.000000 0.000000
    outer loop
      vertex 8.9000 19.2000 0.0000
      vertex 8.9000 26.7000 0.0000
      vertex 8.9000 26.7000 3.0000
    endloop
  endfacet
  facet normal 1.000000 0.000000 0.000000
    outer loop
      vertex 8.9000 19.2000 0.0000
      vertex 8.9000 26.7000 3.0000
      vertex 8.9000 19.2000 3.0000
    endloop
  endfacet
  facet normal 0.000000 0.000000 -1.000000
    outer loop
      vertex 7.2000 26.7000 0.0000
      vertex 7.2000 30.0500 0.0000
      vertex 8.9000 30.0500 0.0000
    endloop
  endfacet
  facet normal 0.000000 0.000000 -1.000000
    outer loop
      vertex 7.2000 26.7000 0.0000
      vertex 8.9000 30.0500 0.0000
      vertex 8.9000 26.7000 0.0000
    endloop
  endfacet
  facet normal 0.000000 0.000000 1.000000
    outer loop
      vertex 7.2000 26.7000 3.0000
      vertex 8.9000 26.7000 3.0000
      vertex 8.9000 30.0500 3.0000
    endloop
  endfacet
  facet normal 0.000000 0.000000 1.000000
    outer loop
      vertex 7.2000 26.7000 3.0000
      vertex 8.9000 30.0500 3.0000
      vertex 7.2000 30.0500 3.0000
    endloop
  endfacet
  facet normal 1.000000 0.000000 0.000000
    outer loop
      vertex 8.9000 26.7000 0.0000
      vertex 8.9000 30.0500 0.0000
      vertex 8.9000 30.0500 3.0000
    endloop
  endfacet
  facet normal 1.000000 0.000000 0.000000
    outer loop
      vertex 8.9000 26.7000 0.0000
      vertex 8.9000 30.0500 3.0000
      vertex 8.9000 26.7000 3.0000
    endloop
  endfacet
  facet normal 0.000000 0.000000 -1.000000
    outer loop
      vertex 7.2000 30.0500 0.0000
      vertex 7.2000 34.9000 0.0000
      vertex 8.9000 34.9000 0.0000
    endloop
  endfacet
  facet normal 0.000000 0.000000 -1.000000
    outer loop
      vertex 7.2000 30.0500 0.0000
      vertex 8.9000 34.9000 0.0000
      vertex 8.9000 30.0500 0.0000
    endloop
  endfacet
  facet normal 0.000000 0.000000 1.000000
    outer loop
      vertex 7.2000 30.0500 3.0000
      vertex 8.9000 30.0500 3.0000
      vertex 8.9000 34.9000 3.0000
    endloop
  endfacet
  facet normal 0.000000 0.000000 1.000000
    outer loop
      vertex 7.2000 30.0500 3.0000
      vertex 8.9000 34.9000 3.0000
      vertex 7.2000 34.9000 3.0000
    endloop
  endfacet
  facet normal 0.000000 0.000000 -1.000000
    outer loop
      vertex 7.2000 34.9000 0.0000
      vertex 7.2000 35.0000 0.0000
      vertex 8.9000 35.0000 0.0000
    endloop
  endfacet
  facet normal 0.000000 0.000000 -1.000000
    outer loop
      vertex 7.2000 34.9000 0.0000
      vertex 8.9000 35.0000 0.0000
      vertex 8.9000 34.9000 0.0000
    endloop
  endfacet
  facet normal 0.000000 0.000000 1.000000
    outer loop
      vertex 7.2000 34.9000 3.0000
      vertex 8.9000 34.9000 3.0000
      vertex 8.9000 35.0000 3.0000
    endloop
  endfacet
  facet normal 0.000000 0.000000 1.000000
    outer loop
      vertex 7.2000 34.9000 3.0000
      vertex 8.9000 35.0000 3.0000
      vertex 7.2000 35.0000 3.0000
    endloop
  endfacet
  facet normal 1.000000 0.000000 0.000000
    outer loop
      vertex 8.9000 34.9000 0.0000
      vertex 8.9000 35.0000 0.0000
      vertex 8.9000 35.0000 3.0000
    endloop
  endfacet
  facet normal 1.000000 0.000000 0.000000
    outer loop
      vertex 8.9000 34.9000 0.0000
      vertex 8.9000 35.0000 3.0000
      vertex 8.9000 34.9000 3.0000
    endloop
  endfacet
  facet normal 0.000000 0.000000 -1.000000
    outer loop
      vertex 7.2000 35.0000 0.0000
      vertex 7.2000 49.0000 0.0000
      vertex 8.9000 49.0000 0.0000
    endloop
  endfacet
  facet normal 0.000000 0.000000 -1.000000
    outer loop
      vertex 7.2000 35.0000 0.0000
      vertex 8.9000 49.0000 0.0000
      vertex 8.9000 35.0000 0.0000
    endloop
  endfacet
  facet normal 0.000000 0.000000 1.000000
    outer loop
      vertex 7.2000 35.0000 3.0000
      vertex 8.9000 35.0000 3.0000
      vertex 8.9000 49.0000 3.0000
    endloop
  endfacet
  facet normal 0.000000 0.000000 1.000000
    outer loop
      vertex 7.2000 35.0000 3.0000
      vertex 8.9000 49.0000 3.0000
      vertex 7.2000 49.0000 3.0000
    endloop
  endfacet
  facet normal 1.000000 0.000000 0.000000
    outer loop
      vertex 8.9000 35.0000 0.0000
      vertex 8.9000 49.0000 0.0000
      vertex 8.9000 49.0000 3.0000
    endloop
  endfacet
  facet normal 1.000000 0.000000 0.000000
    outer loop
      vertex 8.9000 35.0000 0.0000
      vertex 8.9000 49.0000 3.0000
      vertex 8.9000 35.0000 3.0000
    endloop
  endfacet
  facet normal 0.000000 0.000000 -1.000000
    outer loop
      vertex 7.2000 49.0000 0.0000
      vertex 7.2000 49.1000 0.0000
      vertex 8.9000 49.1000 0.0000
    endloop
  endfacet
  facet normal 0.000000 0.000000 -1.000000
    outer loop
      vertex 7.2000 49.0000 0.0000
      vertex 8.9000 49.1000 0.0000
      vertex 8.9000 49.0000 0.0000
    endloop
  endfacet
  facet normal 0.000000 0.000000 1.000000
    outer loop
      vertex 7.2000 49.0000 3.0000
      vertex 8.9000 49.0000 3.0000
      vertex 8.9000 49.1000 3.0000
    endloop
  endfacet
  facet normal 0.000000 0.000000 1.000000
    outer loop
      vertex 7.2000 49.0000 3.0000
      vertex 8.9000 49.1000 3.0000
      vertex 7.2000 49.1000 3.0000
    endloop
  endfacet
  facet normal 1.000000 0.000000 0.000000
    outer loop
      vertex 8.9000 49.0000 0.0000
      vertex 8.9000 49.1000 0.0000
      vertex 8.9000 49.1000 3.0000
    endloop
  endfacet
  facet normal 1.000000 0.000000 0.000000
    outer loop
      vertex 8.9000 49.0000 0.0000
      vertex 8.9000 49.1000 3.0000
      vertex 8.9000 49.0000 3.0000
    endloop
  endfacet
  facet normal 0.000000 0.000000 -1.000000
    outer loop
      vertex 7.2000 49.1000 0.0000
      vertex 7.2000 53.9500 0.0000
      vertex 8.9000 53.9500 0.0000
    endloop
  endfacet
  facet normal 0.000000 0.000000 -1.000000
    outer loop
      vertex 7.2000 49.1000 0.0000
      vertex 8.9000 53.9500 0.0000
      vertex 8.9000 49.1000 0.0000
    endloop
  endfacet
  facet normal 0.000000 0.000000 1.000000
    outer loop
      vertex 7.2000 49.1000 3.0000
      vertex 8.9000 49.1000 3.0000
      vertex 8.9000 53.9500 3.0000
    endloop
  endfacet
  facet normal 0.000000 0.000000 1.000000
    outer loop
      vertex 7.2000 49.1000 3.0000
      vertex 8.9000 53.9500 3.0000
      vertex 7.2000 53.9500 3.0000
    endloop
  endfacet
  facet normal 0.000000 0.000000 -1.000000
    outer loop
      vertex 7.2000 53.9500 0.0000
      vertex 7.2000 57.3000 0.0000
      vertex 8.9000 57.3000 0.0000
    endloop
  endfacet
  facet normal 0.000000 0.000000 -1.000000
    outer loop
      vertex 7.2000 53.9500 0.0000
      vertex 8.9000 57.3000 0.0000
      vertex 8.9000 53.9500 0.0000
    endloop
  endfacet
  facet normal 0.000000 0.000000 1.000000
    outer loop
      vertex 7.2000 53.9500 3.0000
      vertex 8.9000 53.9500 3.0000
      vertex 8.9000 57.3000 3.0000
    endloop
  endfacet
  facet normal 0.000000 0.000000 1.000000
    outer loop
      vertex 7.2000 53.9500 3.0000
      vertex 8.9000 57.3000 3.0000
      vertex 7.2000 57.3000 3.0000
    endloop
  endfacet
  facet normal 1.000000 0.000000 0.000000
    outer loop
      vertex 8.9000 53.9500 0.0000
      vertex 8.9000 57.3000 0.0000
      vertex 8.9000 57.3000 3.0000
    endloop
  endfacet
  facet normal 1.000000 0.000000 0.000000
    outer loop
      vertex 8.9000 53.9500 0.0000
      vertex 8.9000 57.3000 3.0000
      vertex 8.9000 53.9500 3.0000
    endloop
  endfacet
  facet normal 0.000000 0.000000 -1.000000
    outer loop
      vertex 7.2000 57.3000 0.0000
      vertex 7.2000 64.8000 0.0000
      vertex 8.9000 64.8000 0.0000
    endloop
  endfacet
  facet normal 0.000000 0.000000 -1.000000
    outer loop
      vertex 7.2000 57.3000 0.0000
      vertex 8.9000 64.8000 0.0000
      vertex 8.9000 57.3000 0.0000
    endloop
  endfacet
  facet normal 0.000000 0.000000 1.000000
    outer loop
      vertex 7.2000 57.3000 3.0000
      vertex 8.9000 57.3000 3.0000
      vertex 8.9000 64.8000 3.0000
    endloop
  endfacet
  facet normal 0.000000 0.000000 1.000000
    outer loop
      vertex 7.2000 57.3000 3.0000
      vertex 8.9000 64.8000 3.0000
      vertex 7.2000 64.8000 3.0000
    endloop
  endfacet
  facet normal 1.000000 0.000000 0.000000
    outer loop
      vertex 8.9000 57.3000 0.0000
      vertex 8.9000 64.8000 0.0000
      vertex 8.9000 64.8000 3.0000
    endloop
  endfacet
  facet normal 1.000000 0.000000 0.000000
    outer loop
      vertex 8.9000 57.3000 0.0000
      vertex 8.9000 64.8000 3.0000
      vertex 8.9000 57.3000 3.0000
    endloop
  endfacet
  facet normal 0.000000 0.000000 -1.000000
    outer loop
      vertex 7.2000 64.8000 0.0000
      vertex 7.2000 68.1500 0.0000
      vertex 8.9000 68.1500 0.0000
    endloop
  endfacet
  facet normal 0.000000 0.000000 -1.000000
    outer loop
      vertex 7.2000 64.8000 0.0000
      vertex 8.9000 68.1500 0.0000
      vertex 8.9000 64.8000 0.0000
    endloop
  endfacet
  facet normal 0.000000 0.000000 1.000000
    outer loop
      vertex 7.2000 64.8000 3.0000
      vertex 8.9000 64.8000 3.0000
      vertex 8.9000 68.1500 3.0000
    endloop
  endfacet
  facet normal 0.000000 0.000000 1.000000
    outer loop
      vertex 7.2000 64.8000 3.0000
      vertex 8.9000 68.1500 3.0000
      vertex 7.2000 68.1500 3.0000
    endloop
  endfacet
  facet normal 1.000000 0.000000 0.000000
    outer loop
      vertex 8.9000 64.8000 0.0000
      vertex 8.9000 68.1500 0.0000
      vertex 8.9000 68.1500 3.0000
    endloop
  endfacet
  facet normal 1.000000 0.000000 0.000000
    outer loop
      vertex 8.9000 64.8000 0.0000
      vertex 8.9000 68.1500 3.0000
      vertex 8.9000 64.8000 3.0000
    endloop
  endfacet
  facet normal 0.000000 0.000000 -1.000000
    outer loop
      vertex 7.2000 68.1500 0.0000
      vertex 7.2000 76.8000 0.0000
      vertex 8.9000 76.8000 0.0000
    endloop
  endfacet
  facet normal 0.000000 0.000000 -1.000000
    outer loop
      vertex 7.2000 68.1500 0.0000
      vertex 8.9000 76.8000 0.0000
      vertex 8.9000 68.1500 0.0000
    endloop
  endfacet
  facet normal 0.000000 0.000000 1.000000
    outer loop
      vertex 7.2000 68.1500 3.0000
      vertex 8.9000 68.1500 3.0000
      vertex 8.9000 76.8000 3.0000
    endloop
  endfacet
  facet normal 0.000000 0.000000 1.000000
    outer loop
      vertex 7.2000 68.1500 3.0000
      vertex 8.9000 76.8000 3.0000
      vertex 7.2000 76.8000 3.0000
    endloop
  endfacet
  facet normal 0.000000 0.000000 -1.000000
    outer loop
      vertex 7.2000 76.8000 0.0000
      vertex 7.2000 80.2000 0.0000
      vertex 8.9000 80.2000 0.0000
    endloop
  endfacet
  facet normal 0.000000 0.000000 -1.000000
    outer loop
      vertex 7.2000 76.8000 0.0000
      vertex 8.9000 80.2000 0.0000
      vertex 8.9000 76.8000 0.0000
    endloop
  endfacet
  facet normal 0.000000 0.000000 1.000000
    outer loop
      vertex 7.2000 76.8000 3.0000
      vertex 8.9000 76.8000 3.0000
      vertex 8.9000 80.2000 3.0000
    endloop
  endfacet
  facet normal 0.000000 0.000000 1.000000
    outer loop
      vertex 7.2000 76.8000 3.0000
      vertex 8.9000 80.2000 3.0000
      vertex 7.2000 80.2000 3.0000
    endloop
  endfacet
  facet normal -1.000000 0.000000 0.000000
    outer loop
      vertex 7.2000 80.2000 0.0000
      vertex 7.2000 76.8000 0.0000
      vertex 7.2000 76.8000 3.0000
    endloop
  endfacet
  facet normal -1.000000 0.000000 0.000000
    outer loop
      vertex 7.2000 80.2000 0.0000
      vertex 7.2000 76.8000 3.0000
      vertex 7.2000 80.2000 3.0000
    endloop
  endfacet
  facet normal 0.000000 0.000000 -1.000000
    outer loop
      vertex 7.2000 80.2000 0.0000
      vertex 7.2000 84.0000 0.0000
      vertex 8.9000 84.0000 0.0000
    endloop
  endfacet
  facet normal 0.000000 0.000000 -1.000000
    outer loop
      vertex 7.2000 80.2000 0.0000
      vertex 8.9000 84.0000 0.0000
      vertex 8.9000 80.2000 0.0000
    endloop
  endfacet
  facet normal 0.000000 0.000000 1.000000
    outer loop
      vertex 7.2000 80.2000 3.0000
      vertex 8.9000 80.2000 3.0000
      vertex 8.9000 84.0000 3.0000
    endloop
  endfacet
  facet normal 0.000000 0.000000 1.000000
    outer loop
      vertex 7.2000 80.2000 3.0000
      vertex 8.9000 84.0000 3.0000
      vertex 7.2000 84.0000 3.0000
    endloop
  endfacet
  facet normal 0.000000 1.000000 0.000000
    outer loop
      vertex 8.9000 84.0000 0.0000
      vertex 7.2000 84.0000 0.0000
      vertex 7.2000 84.0000 3.0000
    endloop
  endfacet
  facet normal 0.000000 1.000000 -0.000000
    outer loop
      vertex 8.9000 84.0000 0.0000
      vertex 7.2000 84.0000 3.0000
      vertex 8.9000 84.0000 3.0000
    endloop
  endfacet
  facet normal 0.000000 0.000000 -1.000000
    outer loop
      vertex 8.9000 0.0000 0.0000
      vertex 8.9000 3.8000 0.0000
      vertex 23.1000 3.8000 0.0000
    endloop
  endfacet
  facet normal 0.000000 0.000000 -1.000000
    outer loop
      vertex 8.9000 0.0000 0.0000
      vertex 23.1000 3.8000 0.0000
      vertex 23.1000 0.0000 0.0000
    endloop
  endfacet
  facet normal 0.000000 0.000000 1.000000
    outer loop
      vertex 8.9000 0.0000 3.0000
      vertex 23.1000 0.0000 3.0000
      vertex 23.1000 3.8000 3.0000
    endloop
  endfacet
  facet normal 0.000000 0.000000 1.000000
    outer loop
      vertex 8.9000 0.0000 3.0000
      vertex 23.1000 3.8000 3.0000
      vertex 8.9000 3.8000 3.0000
    endloop
  endfacet
  facet normal 0.000000 -1.000000 0.000000
    outer loop
      vertex 8.9000 0.0000 0.0000
      vertex 23.1000 0.0000 0.0000
      vertex 23.1000 0.0000 3.0000
    endloop
  endfacet
  facet normal 0.000000 -1.000000 0.000000
    outer loop
      vertex 8.9000 0.0000 0.0000
      vertex 23.1000 0.0000 3.0000
      vertex 8.9000 0.0000 3.0000
    endloop
  endfacet
  facet normal 0.000000 0.000000 -1.000000
    outer loop
      vertex 8.9000 3.8000 0.0000
      vertex 8.9000 7.2000 0.0000
      vertex 23.1000 7.2000 0.0000
    endloop
  endfacet
  facet normal 0.000000 0.000000 -1.000000
    outer loop
      vertex 8.9000 3.8000 0.0000
      vertex 23.1000 7.2000 0.0000
      vertex 23.1000 3.8000 0.0000
    endloop
  endfacet
  facet normal 0.000000 0.000000 1.000000
    outer loop
      vertex 8.9000 3.8000 3.0000
      vertex 23.1000 3.8000 3.0000
      vertex 23.1000 7.2000 3.0000
    endloop
  endfacet
  facet normal 0.000000 0.000000 1.000000
    outer loop
      vertex 8.9000 3.8000 3.0000
      vertex 23.1000 7.2000 3.0000
      vertex 8.9000 7.2000 3.0000
    endloop
  endfacet
  facet normal 0.000000 0.000000 -1.000000
    outer loop
      vertex 8.9000 7.2000 0.0000
      vertex 8.9000 15.8500 0.0000
      vertex 23.1000 15.8500 0.0000
    endloop
  endfacet
  facet normal 0.000000 0.000000 -1.000000
    outer loop
      vertex 8.9000 7.2000 0.0000
      vertex 23.1000 15.8500 0.0000
      vertex 23.1000 7.2000 0.0000
    endloop
  endfacet
  facet normal 0.000000 0.000000 1.000000
    outer loop
      vertex 8.9000 7.2000 3.0000
      vertex 23.1000 7.2000 3.0000
      vertex 23.1000 15.8500 3.0000
    endloop
  endfacet
  facet normal 0.000000 0.000000 1.000000
    outer loop
      vertex 8.9000 7.2000 3.0000
      vertex 23.1000 15.8500 3.0000
      vertex 8.9000 15.8500 3.0000
    endloop
  endfacet
  facet normal 0.000000 1.000000 0.000000
    outer loop
      vertex 23.1000 15.8500 0.0000
      vertex 8.9000 15.8500 0.0000
      vertex 8.9000 15.8500 3.0000
    endloop
  endfacet
  facet normal 0.000000 1.000000 -0.000000
    outer loop
      vertex 23.1000 15.8500 0.0000
      vertex 8.9000 15.8500 3.0000
      vertex 23.1000 15.8500 3.0000
    endloop
  endfacet
  facet normal 0.000000 0.000000 -1.000000
    outer loop
      vertex 8.9000 30.0500 0.0000
      vertex 8.9000 34.9000 0.0000
      vertex 23.1000 34.9000 0.0000
    endloop
  endfacet
  facet normal 0.000000 0.000000 -1.000000
    outer loop
      vertex 8.9000 30.0500 0.0000
      vertex 23.1000 34.9000 0.0000
      vertex 23.1000 30.0500 0.0000
    endloop
  endfacet
  facet normal 0.000000 0.000000 1.000000
    outer loop
      vertex 8.9000 30.0500 3.0000
      vertex 23.1000 30.0500 3.0000
      vertex 23.1000 34.9000 3.0000
    endloop
  endfacet
  facet normal 0.000000 0.000000 1.000000
    outer loop
      vertex 8.9000 30.0500 3.0000
      vertex 23.1000 34.9000 3.0000
      vertex 8.9000 34.9000 3.0000
    endloop
  endfacet
  facet normal 0.000000 -1.000000 0.000000
    outer loop
      vertex 8.9000 30.0500 0.0000
      vertex 23.1000 30.0500 0.0000
      vertex 23.1000 30.0500 3.0000
    endloop
  endfacet
  facet normal 0.000000 -1.000000 0.000000
    outer loop
      vertex 8.9000 30.0500 0.0000
      vertex 23.1000 30.0500 3.0000
      vertex 8.9000 30.0500 3.0000
    endloop
  endfacet
  facet normal 0.000000 1.000000 0.000000
    outer loop
      vertex 23.1000 34.9000 0.0000
      vertex 8.9000 34.9000 0.0000
      vertex 8.9000 34.9000 3.0000
    endloop
  endfacet
  facet normal 0.000000 1.000000 -0.000000
    outer loop
      vertex 23.1000 34.9000 0.0000
      vertex 8.9000 34.9000 3.0000
      vertex 23.1000 34.9000 3.0000
    endloop
  endfacet
  facet normal 0.000000 0.000000 -1.000000
    outer loop
      vertex 8.9000 49.1000 0.0000
      vertex 8.9000 53.9500 0.0000
      vertex 23.1000 53.9500 0.0000
    endloop
  endfacet
  facet normal 0.000000 0.000000 -1.000000
    outer loop
      vertex 8.9000 49.1000 0.0000
      vertex 23.1000 53.9500 0.0000
      vertex 23.1000 49.1000 0.0000
    endloop
  endfacet
  facet normal 0.000000 0.000000 1.000000
    outer loop
      vertex 8.9000 49.1000 3.0000
      vertex 23.1000 49.1000 3.0000
      vertex 23.1000 53.9500 3.0000
    endloop
  endfacet
  facet normal 0.000000 0.000000 1.000000
    outer loop
      vertex 8.9000 49.1000 3.0000
      vertex 23.1000 53.9500 3.0000
      vertex 8.9000 53.9500 3.0000
    endloop
  endfacet
  facet normal 0.000000 -1.000000 0.000000
    outer loop
      vertex 8.9000 49.1000 0.0000
      vertex 23.1000 49.1000 0.0000
      vertex 23.1000 49.1000 3.0000
    endloop
  endfacet
  facet normal 0.000000 -1.000000 0.000000
    outer loop
      vertex 8.9000 49.1000 0.0000
      vertex 23.1000 49.1000 3.0000
      vertex 8.9000 49.1000 3.0000
    endloop
  endfacet
  facet normal 0.000000 1.000000 0.000000
    outer loop
      vertex 23.1000 53.9500 0.0000
      vertex 8.9000 53.9500 0.0000
      vertex 8.9000 53.9500 3.0000
    endloop
  endfacet
  facet normal 0.000000 1.000000 -0.000000
    outer loop
      vertex 23.1000 53.9500 0.0000
      vertex 8.9000 53.9500 3.0000
      vertex 23.1000 53.9500 3.0000
    endloop
  endfacet
  facet normal 0.000000 0.000000 -1.000000
    outer loop
      vertex 8.9000 68.1500 0.0000
      vertex 8.9000 76.8000 0.0000
      vertex 23.1000 76.8000 0.0000
    endloop
  endfacet
  facet normal 0.000000 0.000000 -1.000000
    outer loop
      vertex 8.9000 68.1500 0.0000
      vertex 23.1000 76.8000 0.0000
      vertex 23.1000 68.1500 0.0000
    endloop
  endfacet
  facet normal 0.000000 0.000000 1.000000
    outer loop
      vertex 8.9000 68.1500 3.0000
      vertex 23.1000 68.1500 3.0000
      vertex 23.1000 76.8000 3.0000
    endloop
  endfacet
  facet normal 0.000000 0.000000 1.000000
    outer loop
      vertex 8.9000 68.1500 3.0000
      vertex 23.1000 76.8000 3.0000
      vertex 8.9000 76.8000 3.0000
    endloop
  endfacet
  facet normal 0.000000 -1.000000 0.000000
    outer loop
      vertex 8.9000 68.1500 0.0000
      vertex 23.1000 68.1500 0.0000
      vertex 23.1000 68.1500 3.0000
    endloop
  endfacet
  facet normal 0.000000 -1.000000 0.000000
    outer loop
      vertex 8.9000 68.1500 0.0000
      vertex 23.1000 68.1500 3.0000
      vertex 8.9000 68.1500 3.0000
    endloop
  endfacet
  facet normal 0.000000 0.000000 -1.000000
    outer loop
      vertex 8.9000 76.8000 0.0000
      vertex 8.9000 80.2000 0.0000
      vertex 23.1000 80.2000 0.0000
    endloop
  endfacet
  facet normal 0.000000 0.000000 -1.000000
    outer loop
      vertex 8.9000 76.8000 0.0000
      vertex 23.1000 80.2000 0.0000
      vertex 23.1000 76.8000 0.0000
    endloop
  endfacet
  facet normal 0.000000 0.000000 1.000000
    outer loop
      vertex 8.9000 76.8000 3.0000
      vertex 23.1000 76.8000 3.0000
      vertex 23.1000 80.2000 3.0000
    endloop
  endfacet
  facet normal 0.000000 0.000000 1.000000
    outer loop
      vertex 8.9000 76.8000 3.0000
      vertex 23.1000 80.2000 3.0000
      vertex 8.9000 80.2000 3.0000
    endloop
  endfacet
  facet normal 0.000000 0.000000 -1.000000
    outer loop
      vertex 8.9000 80.2000 0.0000
      vertex 8.9000 84.0000 0.0000
      vertex 23.1000 84.0000 0.0000
    endloop
  endfacet
  facet normal 0.000000 0.000000 -1.000000
    outer loop
      vertex 8.9000 80.2000 0.0000
      vertex 23.1000 84.0000 0.0000
      vertex 23.1000 80.2000 0.0000
    endloop
  endfacet
  facet normal 0.000000 0.000000 1.000000
    outer loop
      vertex 8.9000 80.2000 3.0000
      vertex 23.1000 80.2000 3.0000
      vertex 23.1000 84.0000 3.0000
    endloop
  endfacet
  facet normal 0.000000 0.000000 1.000000
    outer loop
      vertex 8.9000 80.2000 3.0000
      vertex 23.1000 84.0000 3.0000
      vertex 8.9000 84.0000 3.0000
    endloop
  endfacet
  facet normal 0.000000 1.000000 0.000000
    outer loop
      vertex 23.1000 84.0000 0.0000
      vertex 8.9000 84.0000 0.0000
      vertex 8.9000 84.0000 3.0000
    endloop
  endfacet
  facet normal 0.000000 1.000000 -0.000000
    outer loop
      vertex 23.1000 84.0000 0.0000
      vertex 8.9000 84.0000 3.0000
      vertex 23.1000 84.0000 3.0000
    endloop
  endfacet
  facet normal 0.000000 0.000000 -1.000000
    outer loop
      vertex 23.1000 0.0000 0.0000
      vertex 23.1000 3.8000 0.0000
      vertex 27.9500 3.8000 0.0000
    endloop
  endfacet
  facet normal 0.000000 0.000000 -1.000000
    outer loop
      vertex 23.1000 0.0000 0.0000
      vertex 27.9500 3.8000 0.0000
      vertex 27.9500 0.0000 0.0000
    endloop
  endfacet
  facet normal 0.000000 0.000000 1.000000
    outer loop
      vertex 23.1000 0.0000 3.0000
      vertex 27.9500 0.0000 3.0000
      vertex 27.9500 3.8000 3.0000
    endloop
  endfacet
  facet normal 0.000000 0.000000 1.000000
    outer loop
      vertex 23.1000 0.0000 3.0000
      vertex 27.9500 3.8000 3.0000
      vertex 23.1000 3.8000 3.0000
    endloop
  endfacet
  facet normal 0.000000 -1.000000 0.000000
    outer loop
      vertex 23.1000 0.0000 0.0000
      vertex 27.9500 0.0000 0.0000
      vertex 27.9500 0.0000 3.0000
    endloop
  endfacet
  facet normal 0.000000 -1.000000 0.000000
    outer loop
      vertex 23.1000 0.0000 0.0000
      vertex 27.9500 0.0000 3.0000
      vertex 23.1000 0.0000 3.0000
    endloop
  endfacet
  facet normal 0.000000 0.000000 -1.000000
    outer loop
      vertex 23.1000 3.8000 0.0000
      vertex 23.1000 7.2000 0.0000
      vertex 27.9500 7.2000 0.0000
    endloop
  endfacet
  facet normal 0.000000 0.000000 -1.000000
    outer loop
      vertex 23.1000 3.8000 0.0000
      vertex 27.9500 7.2000 0.0000
      vertex 27.9500 3.8000 0.0000
    endloop
  endfacet
  facet normal 0.000000 0.000000 1.000000
    outer loop
      vertex 23.1000 3.8000 3.0000
      vertex 27.9500 3.8000 3.0000
      vertex 27.9500 7.2000 3.0000
    endloop
  endfacet
  facet normal 0.000000 0.000000 1.000000
    outer loop
      vertex 23.1000 3.8000 3.0000
      vertex 27.9500 7.2000 3.0000
      vertex 23.1000 7.2000 3.0000
    endloop
  endfacet
  facet normal 0.000000 0.000000 -1.000000
    outer loop
      vertex 23.1000 7.2000 0.0000
      vertex 23.1000 15.8500 0.0000
      vertex 27.9500 15.8500 0.0000
    endloop
  endfacet
  facet normal 0.000000 0.000000 -1.000000
    outer loop
      vertex 23.1000 7.2000 0.0000
      vertex 27.9500 15.8500 0.0000
      vertex 27.9500 7.2000 0.0000
    endloop
  endfacet
  facet normal 0.000000 0.000000 1.000000
    outer loop
      vertex 23.1000 7.2000 3.0000
      vertex 27.9500 7.2000 3.0000
      vertex 27.9500 15.8500 3.0000
    endloop
  endfacet
  facet normal 0.000000 0.000000 1.000000
    outer loop
      vertex 23.1000 7.2000 3.0000
      vertex 27.9500 15.8500 3.0000
      vertex 23.1000 15.8500 3.0000
    endloop
  endfacet
  facet normal 0.000000 0.000000 -1.000000
    outer loop
      vertex 23.1000 15.8500 0.0000
      vertex 23.1000 19.2000 0.0000
      vertex 27.9500 19.2000 0.0000
    endloop
  endfacet
  facet normal 0.000000 0.000000 -1.000000
    outer loop
      vertex 23.1000 15.8500 0.0000
      vertex 27.9500 19.2000 0.0000
      vertex 27.9500 15.8500 0.0000
    endloop
  endfacet
  facet normal 0.000000 0.000000 1.000000
    outer loop
      vertex 23.1000 15.8500 3.0000
      vertex 27.9500 15.8500 3.0000
      vertex 27.9500 19.2000 3.0000
    endloop
  endfacet
  facet normal 0.000000 0.000000 1.000000
    outer loop
      vertex 23.1000 15.8500 3.0000
      vertex 27.9500 19.2000 3.0000
      vertex 23.1000 19.2000 3.0000
    endloop
  endfacet
  facet normal -1.000000 0.000000 0.000000
    outer loop
      vertex 23.1000 19.2000 0.0000
      vertex 23.1000 15.8500 0.0000
      vertex 23.1000 15.8500 3.0000
    endloop
  endfacet
  facet normal -1.000000 0.000000 0.000000
    outer loop
      vertex 23.1000 19.2000 0.0000
      vertex 23.1000 15.8500 3.0000
      vertex 23.1000 19.2000 3.0000
    endloop
  endfacet
  facet normal 1.000000 0.000000 0.000000
    outer loop
      vertex 27.9500 15.8500 0.0000
      vertex 27.9500 19.2000 0.0000
      vertex 27.9500 19.2000 3.0000
    endloop
  endfacet
  facet normal 1.000000 0.000000 0.000000
    outer loop
      vertex 27.9500 15.8500 0.0000
      vertex 27.9500 19.2000 3.0000
      vertex 27.9500 15.8500 3.0000
    endloop
  endfacet
  facet normal 0.000000 0.000000 -1.000000
    outer loop
      vertex 23.1000 19.2000 0.0000
      vertex 23.1000 26.7000 0.0000
      vertex 27.9500 26.7000 0.0000
    endloop
  endfacet
  facet normal 0.000000 0.000000 -1.000000
    outer loop
      vertex 23.1000 19.2000 0.0000
      vertex 27.9500 26.7000 0.0000
      vertex 27.9500 19.2000 0.0000
    endloop
  endfacet
  facet normal 0.000000 0.000000 1.000000
    outer loop
      vertex 23.1000 19.2000 3.0000
      vertex 27.9500 19.2000 3.0000
      vertex 27.9500 26.7000 3.0000
    endloop
  endfacet
  facet normal 0.000000 0.000000 1.000000
    outer loop
      vertex 23.1000 19.2000 3.0000
      vertex 27.9500 26.7000 3.0000
      vertex 23.1000 26.7000 3.0000
    endloop
  endfacet
  facet normal -1.000000 0.000000 0.000000
    outer loop
      vertex 23.1000 26.7000 0.0000
      vertex 23.1000 19.2000 0.0000
      vertex 23.1000 19.2000 3.0000
    endloop
  endfacet
  facet normal -1.000000 0.000000 0.000000
    outer loop
      vertex 23.1000 26.7000 0.0000
      vertex 23.1000 19.2000 3.0000
      vertex 23.1000 26.7000 3.0000
    endloop
  endfacet
  facet normal 1.000000 0.000000 0.000000
    outer loop
      vertex 27.9500 19.2000 0.0000
      vertex 27.9500 26.7000 0.0000
      vertex 27.9500 26.7000 3.0000
    endloop
  endfacet
  facet normal 1.000000 0.000000 0.000000
    outer loop
      vertex 27.9500 19.2000 0.0000
      vertex 27.9500 26.7000 3.0000
      vertex 27.9500 19.2000 3.0000
    endloop
  endfacet
  facet normal 0.000000 0.000000 -1.000000
    outer loop
      vertex 23.1000 26.7000 0.0000
      vertex 23.1000 30.0500 0.0000
      vertex 27.9500 30.0500 0.0000
    endloop
  endfacet
  facet normal 0.000000 0.000000 -1.000000
    outer loop
      vertex 23.1000 26.7000 0.0000
      vertex 27.9500 30.0500 0.0000
      vertex 27.9500 26.7000 0.0000
    endloop
  endfacet
  facet normal 0.000000 0.000000 1.000000
    outer loop
      vertex 23.1000 26.7000 3.0000
      vertex 27.9500 26.7000 3.0000
      vertex 27.9500 30.0500 3.0000
    endloop
  endfacet
  facet normal 0.000000 0.000000 1.000000
    outer loop
      vertex 23.1000 26.7000 3.0000
      vertex 27.9500 30.0500 3.0000
      vertex 23.1000 30.0500 3.0000
    endloop
  endfacet
  facet normal -1.000000 0.000000 0.000000
    outer loop
      vertex 23.1000 30.0500 0.0000
      vertex 23.1000 26.7000 0.0000
      vertex 23.1000 26.7000 3.0000
    endloop
  endfacet
  facet normal -1.000000 0.000000 0.000000
    outer loop
      vertex 23.1000 30.0500 0.0000
      vertex 23.1000 26.7000 3.0000
      vertex 23.1000 30.0500 3.0000
    endloop
  endfacet
  facet normal 1.000000 0.000000 0.000000
    outer loop
      vertex 27.9500 26.7000 0.0000
      vertex 27.9500 30.0500 0.0000
      vertex 27.9500 30.0500 3.0000
    endloop
  endfacet
  facet normal 1.000000 0.000000 0.000000
    outer loop
      vertex 27.9500 26.7000 0.0000
      vertex 27.9500 30.0500 3.0000
      vertex 27.9500 26.7000 3.0000
    endloop
  endfacet
  facet normal 0.000000 0.000000 -1.000000
    outer loop
      vertex 23.1000 30.0500 0.0000
      vertex 23.1000 34.9000 0.0000
      vertex 27.9500 34.9000 0.0000
    endloop
  endfacet
  facet normal 0.000000 0.000000 -1.000000
    outer loop
      vertex 23.1000 30.0500 0.0000
      vertex 27.9500 34.9000 0.0000
      vertex 27.9500 30.0500 0.0000
    endloop
  endfacet
  facet normal 0.000000 0.000000 1.000000
    outer loop
      vertex 23.1000 30.0500 3.0000
      vertex 27.9500 30.0500 3.0000
      vertex 27.9500 34.9000 3.0000
    endloop
  endfacet
  facet normal 0.000000 0.000000 1.000000
    outer loop
      vertex 23.1000 30.0500 3.0000
      vertex 27.9500 34.9000 3.0000
      vertex 23.1000 34.9000 3.0000
    endloop
  endfacet
  facet normal 0.000000 0.000000 -1.000000
    outer loop
      vertex 23.1000 34.9000 0.0000
      vertex 23.1000 35.0000 0.0000
      vertex 27.9500 35.0000 0.0000
    endloop
  endfacet
  facet normal 0.000000 0.000000 -1.000000
    outer loop
      vertex 23.1000 34.9000 0.0000
      vertex 27.9500 35.0000 0.0000
      vertex 27.9500 34.9000 0.0000
    endloop
  endfacet
  facet normal 0.000000 0.000000 1.000000
    outer loop
      vertex 23.1000 34.9000 3.0000
      vertex 27.9500 34.9000 3.0000
      vertex 27.9500 35.0000 3.0000
    endloop
  endfacet
  facet normal 0.000000 0.000000 1.000000
    outer loop
      vertex 23.1000 34.9000 3.0000
      vertex 27.9500 35.0000 3.0000
      vertex 23.1000 35.0000 3.0000
    endloop
  endfacet
  facet normal -1.000000 0.000000 0.000000
    outer loop
      vertex 23.1000 35.0000 0.0000
      vertex 23.1000 34.9000 0.0000
      vertex 23.1000 34.9000 3.0000
    endloop
  endfacet
  facet normal -1.000000 0.000000 0.000000
    outer loop
      vertex 23.1000 35.0000 0.0000
      vertex 23.1000 34.9000 3.0000
      vertex 23.1000 35.0000 3.0000
    endloop
  endfacet
  facet normal 1.000000 0.000000 0.000000
    outer loop
      vertex 27.9500 34.9000 0.0000
      vertex 27.9500 35.0000 0.0000
      vertex 27.9500 35.0000 3.0000
    endloop
  endfacet
  facet normal 1.000000 0.000000 0.000000
    outer loop
      vertex 27.9500 34.9000 0.0000
      vertex 27.9500 35.0000 3.0000
      vertex 27.9500 34.9000 3.0000
    endloop
  endfacet
  facet normal 0.000000 0.000000 -1.000000
    outer loop
      vertex 23.1000 35.0000 0.0000
      vertex 23.1000 49.0000 0.0000
      vertex 27.9500 49.0000 0.0000
    endloop
  endfacet
  facet normal 0.000000 0.000000 -1.000000
    outer loop
      vertex 23.1000 35.0000 0.0000
      vertex 27.9500 49.0000 0.0000
      vertex 27.9500 35.0000 0.0000
    endloop
  endfacet
  facet normal 0.000000 0.000000 1.000000
    outer loop
      vertex 23.1000 35.0000 3.0000
      vertex 27.9500 35.0000 3.0000
      vertex 27.9500 49.0000 3.0000
    endloop
  endfacet
  facet normal 0.000000 0.000000 1.000000
    outer loop
      vertex 23.1000 35.0000 3.0000
      vertex 27.9500 49.0000 3.0000
      vertex 23.1000 49.0000 3.0000
    endloop
  endfacet
  facet normal -1.000000 0.000000 0.000000
    outer loop
      vertex 23.1000 49.0000 0.0000
      vertex 23.1000 35.0000 0.0000
      vertex 23.1000 35.0000 3.0000
    endloop
  endfacet
  facet normal -1.000000 0.000000 0.000000
    outer loop
      vertex 23.1000 49.0000 0.0000
      vertex 23.1000 35.0000 3.0000
      vertex 23.1000 49.0000 3.0000
    endloop
  endfacet
  facet normal 1.000000 0.000000 0.000000
    outer loop
      vertex 27.9500 35.0000 0.0000
      vertex 27.9500 49.0000 0.0000
      vertex 27.9500 49.0000 3.0000
    endloop
  endfacet
  facet normal 1.000000 0.000000 0.000000
    outer loop
      vertex 27.9500 35.0000 0.0000
      vertex 27.9500 49.0000 3.0000
      vertex 27.9500 35.0000 3.0000
    endloop
  endfacet
  facet normal 0.000000 0.000000 -1.000000
    outer loop
      vertex 23.1000 49.0000 0.0000
      vertex 23.1000 49.1000 0.0000
      vertex 27.9500 49.1000 0.0000
    endloop
  endfacet
  facet normal 0.000000 0.000000 -1.000000
    outer loop
      vertex 23.1000 49.0000 0.0000
      vertex 27.9500 49.1000 0.0000
      vertex 27.9500 49.0000 0.0000
    endloop
  endfacet
  facet normal 0.000000 0.000000 1.000000
    outer loop
      vertex 23.1000 49.0000 3.0000
      vertex 27.9500 49.0000 3.0000
      vertex 27.9500 49.1000 3.0000
    endloop
  endfacet
  facet normal 0.000000 0.000000 1.000000
    outer loop
      vertex 23.1000 49.0000 3.0000
      vertex 27.9500 49.1000 3.0000
      vertex 23.1000 49.1000 3.0000
    endloop
  endfacet
  facet normal -1.000000 0.000000 0.000000
    outer loop
      vertex 23.1000 49.1000 0.0000
      vertex 23.1000 49.0000 0.0000
      vertex 23.1000 49.0000 3.0000
    endloop
  endfacet
  facet normal -1.000000 0.000000 0.000000
    outer loop
      vertex 23.1000 49.1000 0.0000
      vertex 23.1000 49.0000 3.0000
      vertex 23.1000 49.1000 3.0000
    endloop
  endfacet
  facet normal 1.000000 0.000000 0.000000
    outer loop
      vertex 27.9500 49.0000 0.0000
      vertex 27.9500 49.1000 0.0000
      vertex 27.9500 49.1000 3.0000
    endloop
  endfacet
  facet normal 1.000000 0.000000 0.000000
    outer loop
      vertex 27.9500 49.0000 0.0000
      vertex 27.9500 49.1000 3.0000
      vertex 27.9500 49.0000 3.0000
    endloop
  endfacet
  facet normal 0.000000 0.000000 -1.000000
    outer loop
      vertex 23.1000 49.1000 0.0000
      vertex 23.1000 53.9500 0.0000
      vertex 27.9500 53.9500 0.0000
    endloop
  endfacet
  facet normal 0.000000 0.000000 -1.000000
    outer loop
      vertex 23.1000 49.1000 0.0000
      vertex 27.9500 53.9500 0.0000
      vertex 27.9500 49.1000 0.0000
    endloop
  endfacet
  facet normal 0.000000 0.000000 1.000000
    outer loop
      vertex 23.1000 49.1000 3.0000
      vertex 27.9500 49.1000 3.0000
      vertex 27.9500 53.9500 3.0000
    endloop
  endfacet
  facet normal 0.000000 0.000000 1.000000
    outer loop
      vertex 23.1000 49.1000 3.0000
      vertex 27.9500 53.9500 3.0000
      vertex 23.1000 53.9500 3.0000
    endloop
  endfacet
  facet normal 0.000000 0.000000 -1.000000
    outer loop
      vertex 23.1000 53.9500 0.0000
      vertex 23.1000 57.3000 0.0000
      vertex 27.9500 57.3000 0.0000
    endloop
  endfacet
  facet normal 0.000000 0.000000 -1.000000
    outer loop
      vertex 23.1000 53.9500 0.0000
      vertex 27.9500 57.3000 0.0000
      vertex 27.9500 53.9500 0.0000
    endloop
  endfacet
  facet normal 0.000000 0.000000 1.000000
    outer loop
      vertex 23.1000 53.9500 3.0000
      vertex 27.9500 53.9500 3.0000
      vertex 27.9500 57.3000 3.0000
    endloop
  endfacet
  facet normal 0.000000 0.000000 1.000000
    outer loop
      vertex 23.1000 53.9500 3.0000
      vertex 27.9500 57.3000 3.0000
      vertex 23.1000 57.3000 3.0000
    endloop
  endfacet
  facet normal -1.000000 0.000000 0.000000
    outer loop
      vertex 23.1000 57.3000 0.0000
      vertex 23.1000 53.9500 0.0000
      vertex 23.1000 53.9500 3.0000
    endloop
  endfacet
  facet normal -1.000000 0.000000 0.000000
    outer loop
      vertex 23.1000 57.3000 0.0000
      vertex 23.1000 53.9500 3.0000
      vertex 23.1000 57.3000 3.0000
    endloop
  endfacet
  facet normal 1.000000 0.000000 0.000000
    outer loop
      vertex 27.9500 53.9500 0.0000
      vertex 27.9500 57.3000 0.0000
      vertex 27.9500 57.3000 3.0000
    endloop
  endfacet
  facet normal 1.000000 0.000000 0.000000
    outer loop
      vertex 27.9500 53.9500 0.0000
      vertex 27.9500 57.3000 3.0000
      vertex 27.9500 53.9500 3.0000
    endloop
  endfacet
  facet normal 0.000000 0.000000 -1.000000
    outer loop
      vertex 23.1000 57.3000 0.0000
      vertex 23.1000 64.8000 0.0000
      vertex 27.9500 64.8000 0.0000
    endloop
  endfacet
  facet normal 0.000000 0.000000 -1.000000
    outer loop
      vertex 23.1000 57.3000 0.0000
      vertex 27.9500 64.8000 0.0000
      vertex 27.9500 57.3000 0.0000
    endloop
  endfacet
  facet normal 0.000000 0.000000 1.000000
    outer loop
      vertex 23.1000 57.3000 3.0000
      vertex 27.9500 57.3000 3.0000
      vertex 27.9500 64.8000 3.0000
    endloop
  endfacet
  facet normal 0.000000 0.000000 1.000000
    outer loop
      vertex 23.1000 57.3000 3.0000
      vertex 27.9500 64.8000 3.0000
      vertex 23.1000 64.8000 3.0000
    endloop
  endfacet
  facet normal -1.000000 0.000000 0.000000
    outer loop
      vertex 23.1000 64.8000 0.0000
      vertex 23.1000 57.3000 0.0000
      vertex 23.1000 57.3000 3.0000
    endloop
  endfacet
  facet normal -1.000000 0.000000 0.000000
    outer loop
      vertex 23.1000 64.8000 0.0000
      vertex 23.1000 57.3000 3.0000
      vertex 23.1000 64.8000 3.0000
    endloop
  endfacet
  facet normal 1.000000 0.000000 0.000000
    outer loop
      vertex 27.9500 57.3000 0.0000
      vertex 27.9500 64.8000 0.0000
      vertex 27.9500 64.8000 3.0000
    endloop
  endfacet
  facet normal 1.000000 0.000000 0.000000
    outer loop
      vertex 27.9500 57.3000 0.0000
      vertex 27.9500 64.8000 3.0000
      vertex 27.9500 57.3000 3.0000
    endloop
  endfacet
  facet normal 0.000000 0.000000 -1.000000
    outer loop
      vertex 23.1000 64.8000 0.0000
      vertex 23.1000 68.1500 0.0000
      vertex 27.9500 68.1500 0.0000
    endloop
  endfacet
  facet normal 0.000000 0.000000 -1.000000
    outer loop
      vertex 23.1000 64.8000 0.0000
      vertex 27.9500 68.1500 0.0000
      vertex 27.9500 64.8000 0.0000
    endloop
  endfacet
  facet normal 0.000000 0.000000 1.000000
    outer loop
      vertex 23.1000 64.8000 3.0000
      vertex 27.9500 64.8000 3.0000
      vertex 27.9500 68.1500 3.0000
    endloop
  endfacet
  facet normal 0.000000 0.000000 1.000000
    outer loop
      vertex 23.1000 64.8000 3.0000
      vertex 27.9500 68.1500 3.0000
      vertex 23.1000 68.1500 3.0000
    endloop
  endfacet
  facet normal -1.000000 0.000000 0.000000
    outer loop
      vertex 23.1000 68.1500 0.0000
      vertex 23.1000 64.8000 0.0000
      vertex 23.1000 64.8000 3.0000
    endloop
  endfacet
  facet normal -1.000000 0.000000 0.000000
    outer loop
      vertex 23.1000 68.1500 0.0000
      vertex 23.1000 64.8000 3.0000
      vertex 23.1000 68.1500 3.0000
    endloop
  endfacet
  facet normal 1.000000 0.000000 0.000000
    outer loop
      vertex 27.9500 64.8000 0.0000
      vertex 27.9500 68.1500 0.0000
      vertex 27.9500 68.1500 3.0000
    endloop
  endfacet
  facet normal 1.000000 0.000000 0.000000
    outer loop
      vertex 27.9500 64.8000 0.0000
      vertex 27.9500 68.1500 3.0000
      vertex 27.9500 64.8000 3.0000
    endloop
  endfacet
  facet normal 0.000000 0.000000 -1.000000
    outer loop
      vertex 23.1000 68.1500 0.0000
      vertex 23.1000 76.8000 0.0000
      vertex 27.9500 76.8000 0.0000
    endloop
  endfacet
  facet normal 0.000000 0.000000 -1.000000
    outer loop
      vertex 23.1000 68.1500 0.0000
      vertex 27.9500 76.8000 0.0000
      vertex 27.9500 68.1500 0.0000
    endloop
  endfacet
  facet normal 0.000000 0.000000 1.000000
    outer loop
      vertex 23.1000 68.1500 3.0000
      vertex 27.9500 68.1500 3.0000
      vertex 27.9500 76.8000 3.0000
    endloop
  endfacet
  facet normal 0.000000 0.000000 1.000000
    outer loop
      vertex 23.1000 68.1500 3.0000
      vertex 27.9500 76.8000 3.0000
      vertex 23.1000 76.8000 3.0000
    endloop
  endfacet
  facet normal 0.000000 0.000000 -1.000000
    outer loop
      vertex 23.1000 76.8000 0.0000
      vertex 23.1000 80.2000 0.0000
      vertex 27.9500 80.2000 0.0000
    endloop
  endfacet
  facet normal 0.000000 0.000000 -1.000000
    outer loop
      vertex 23.1000 76.8000 0.0000
      vertex 27.9500 80.2000 0.0000
      vertex 27.9500 76.8000 0.0000
    endloop
  endfacet
  facet normal 0.000000 0.000000 1.000000
    outer loop
      vertex 23.1000 76.8000 3.0000
      vertex 27.9500 76.8000 3.0000
      vertex 27.9500 80.2000 3.0000
    endloop
  endfacet
  facet normal 0.000000 0.000000 1.000000
    outer loop
      vertex 23.1000 76.8000 3.0000
      vertex 27.9500 80.2000 3.0000
      vertex 23.1000 80.2000 3.0000
    endloop
  endfacet
  facet normal 0.000000 0.000000 -1.000000
    outer loop
      vertex 23.1000 80.2000 0.0000
      vertex 23.1000 84.0000 0.0000
      vertex 27.9500 84.0000 0.0000
    endloop
  endfacet
  facet normal 0.000000 0.000000 -1.000000
    outer loop
      vertex 23.1000 80.2000 0.0000
      vertex 27.9500 84.0000 0.0000
      vertex 27.9500 80.2000 0.0000
    endloop
  endfacet
  facet normal 0.000000 0.000000 1.000000
    outer loop
      vertex 23.1000 80.2000 3.0000
      vertex 27.9500 80.2000 3.0000
      vertex 27.9500 84.0000 3.0000
    endloop
  endfacet
  facet normal 0.000000 0.000000 1.000000
    outer loop
      vertex 23.1000 80.2000 3.0000
      vertex 27.9500 84.0000 3.0000
      vertex 23.1000 84.0000 3.0000
    endloop
  endfacet
  facet normal 0.000000 1.000000 0.000000
    outer loop
      vertex 27.9500 84.0000 0.0000
      vertex 23.1000 84.0000 0.0000
      vertex 23.1000 84.0000 3.0000
    endloop
  endfacet
  facet normal 0.000000 1.000000 -0.000000
    outer loop
      vertex 27.9500 84.0000 0.0000
      vertex 23.1000 84.0000 3.0000
      vertex 27.9500 84.0000 3.0000
    endloop
  endfacet
  facet normal 0.000000 0.000000 -1.000000
    outer loop
      vertex 27.9500 0.0000 0.0000
      vertex 27.9500 3.8000 0.0000
      vertex 42.1500 3.8000 0.0000
    endloop
  endfacet
  facet normal 0.000000 0.000000 -1.000000
    outer loop
      vertex 27.9500 0.0000 0.0000
      vertex 42.1500 3.8000 0.0000
      vertex 42.1500 0.0000 0.0000
    endloop
  endfacet
  facet normal 0.000000 0.000000 1.000000
    outer loop
      vertex 27.9500 0.0000 3.0000
      vertex 42.1500 0.0000 3.0000
      vertex 42.1500 3.8000 3.0000
    endloop
  endfacet
  facet normal 0.000000 0.000000 1.000000
    outer loop
      vertex 27.9500 0.0000 3.0000
      vertex 42.1500 3.8000 3.0000
      vertex 27.9500 3.8000 3.0000
    endloop
  endfacet
  facet normal 0.000000 -1.000000 0.000000
    outer loop
      vertex 27.9500 0.0000 0.0000
      vertex 42.1500 0.0000 0.0000
      vertex 42.1500 0.0000 3.0000
    endloop
  endfacet
  facet normal 0.000000 -1.000000 0.000000
    outer loop
      vertex 27.9500 0.0000 0.0000
      vertex 42.1500 0.0000 3.0000
      vertex 27.9500 0.0000 3.0000
    endloop
  endfacet
  facet normal 0.000000 0.000000 -1.000000
    outer loop
      vertex 27.9500 3.8000 0.0000
      vertex 27.9500 7.2000 0.0000
      vertex 42.1500 7.2000 0.0000
    endloop
  endfacet
  facet normal 0.000000 0.000000 -1.000000
    outer loop
      vertex 27.9500 3.8000 0.0000
      vertex 42.1500 7.2000 0.0000
      vertex 42.1500 3.8000 0.0000
    endloop
  endfacet
  facet normal 0.000000 0.000000 1.000000
    outer loop
      vertex 27.9500 3.8000 3.0000
      vertex 42.1500 3.8000 3.0000
      vertex 42.1500 7.2000 3.0000
    endloop
  endfacet
  facet normal 0.000000 0.000000 1.000000
    outer loop
      vertex 27.9500 3.8000 3.0000
      vertex 42.1500 7.2000 3.0000
      vertex 27.9500 7.2000 3.0000
    endloop
  endfacet
  facet normal 0.000000 0.000000 -1.000000
    outer loop
      vertex 27.9500 7.2000 0.0000
      vertex 27.9500 15.8500 0.0000
      vertex 42.1500 15.8500 0.0000
    endloop
  endfacet
  facet normal 0.000000 0.000000 -1.000000
    outer loop
      vertex 27.9500 7.2000 0.0000
      vertex 42.1500 15.8500 0.0000
      vertex 42.1500 7.2000 0.0000
    endloop
  endfacet
  facet normal 0.000000 0.000000 1.000000
    outer loop
      vertex 27.9500 7.2000 3.0000
      vertex 42.1500 7.2000 3.0000
      vertex 42.1500 15.8500 3.0000
    endloop
  endfacet
  facet normal 0.000000 0.000000 1.000000
    outer loop
      vertex 27.9500 7.2000 3.0000
      vertex 42.1500 15.8500 3.0000
      vertex 27.9500 15.8500 3.0000
    endloop
  endfacet
  facet normal 0.000000 1.000000 0.000000
    outer loop
      vertex 42.1500 15.8500 0.0000
      vertex 27.9500 15.8500 0.0000
      vertex 27.9500 15.8500 3.0000
    endloop
  endfacet
  facet normal 0.000000 1.000000 -0.000000
    outer loop
      vertex 42.1500 15.8500 0.0000
      vertex 27.9500 15.8500 3.0000
      vertex 42.1500 15.8500 3.0000
    endloop
  endfacet
  facet normal 0.000000 0.000000 -1.000000
    outer loop
      vertex 27.9500 30.0500 0.0000
      vertex 27.9500 34.9000 0.0000
      vertex 42.1500 34.9000 0.0000
    endloop
  endfacet
  facet normal 0.000000 0.000000 -1.000000
    outer loop
      vertex 27.9500 30.0500 0.0000
      vertex 42.1500 34.9000 0.0000
      vertex 42.1500 30.0500 0.0000
    endloop
  endfacet
  facet normal 0.000000 0.000000 1.000000
    outer loop
      vertex 27.9500 30.0500 3.0000
      vertex 42.1500 30.0500 3.0000
      vertex 42.1500 34.9000 3.0000
    endloop
  endfacet
  facet normal 0.000000 0.000000 1.000000
    outer loop
      vertex 27.9500 30.0500 3.0000
      vertex 42.1500 34.9000 3.0000
      vertex 27.9500 34.9000 3.0000
    endloop
  endfacet
  facet normal 0.000000 -1.000000 0.000000
    outer loop
      vertex 27.9500 30.0500 0.0000
      vertex 42.1500 30.0500 0.0000
      vertex 42.1500 30.0500 3.0000
    endloop
  endfacet
  facet normal 0.000000 -1.000000 0.000000
    outer loop
      vertex 27.9500 30.0500 0.0000
      vertex 42.1500 30.0500 3.0000
      vertex 27.9500 30.0500 3.0000
    endloop
  endfacet
  facet normal 0.000000 1.000000 0.000000
    outer loop
      vertex 42.1500 34.9000 0.0000
      vertex 27.9500 34.9000 0.0000
      vertex 27.9500 34.9000 3.0000
    endloop
  endfacet
  facet normal 0.000000 1.000000 -0.000000
    outer loop
      vertex 42.1500 34.9000 0.0000
      vertex 27.9500 34.9000 3.0000
      vertex 42.1500 34.9000 3.0000
    endloop
  endfacet
  facet normal 0.000000 0.000000 -1.000000
    outer loop
      vertex 27.9500 49.1000 0.0000
      vertex 27.9500 53.9500 0.0000
      vertex 42.1500 53.9500 0.0000
    endloop
  endfacet
  facet normal 0.000000 0.000000 -1.000000
    outer loop
      vertex 27.9500 49.1000 0.0000
      vertex 42.1500 53.9500 0.0000
      vertex 42.1500 49.1000 0.0000
    endloop
  endfacet
  facet normal 0.000000 0.000000 1.000000
    outer loop
      vertex 27.9500 49.1000 3.0000
      vertex 42.1500 49.1000 3.0000
      vertex 42.1500 53.9500 3.0000
    endloop
  endfacet
  facet normal 0.000000 0.000000 1.000000
    outer loop
      vertex 27.9500 49.1000 3.0000
      vertex 42.1500 53.9500 3.0000
      vertex 27.9500 53.9500 3.0000
    endloop
  endfacet
  facet normal 0.000000 -1.000000 0.000000
    outer loop
      vertex 27.9500 49.1000 0.0000
      vertex 42.1500 49.1000 0.0000
      vertex 42.1500 49.1000 3.0000
    endloop
  endfacet
  facet normal 0.000000 -1.000000 0.000000
    outer loop
      vertex 27.9500 49.1000 0.0000
      vertex 42.1500 49.1000 3.0000
      vertex 27.9500 49.1000 3.0000
    endloop
  endfacet
  facet normal 0.000000 1.000000 0.000000
    outer loop
      vertex 42.1500 53.9500 0.0000
      vertex 27.9500 53.9500 0.0000
      vertex 27.9500 53.9500 3.0000
    endloop
  endfacet
  facet normal 0.000000 1.000000 -0.000000
    outer loop
      vertex 42.1500 53.9500 0.0000
      vertex 27.9500 53.9500 3.0000
      vertex 42.1500 53.9500 3.0000
    endloop
  endfacet
  facet normal 0.000000 0.000000 -1.000000
    outer loop
      vertex 27.9500 68.1500 0.0000
      vertex 27.9500 76.8000 0.0000
      vertex 42.1500 76.8000 0.0000
    endloop
  endfacet
  facet normal 0.000000 0.000000 -1.000000
    outer loop
      vertex 27.9500 68.1500 0.0000
      vertex 42.1500 76.8000 0.0000
      vertex 42.1500 68.1500 0.0000
    endloop
  endfacet
  facet normal 0.000000 0.000000 1.000000
    outer loop
      vertex 27.9500 68.1500 3.0000
      vertex 42.1500 68.1500 3.0000
      vertex 42.1500 76.8000 3.0000
    endloop
  endfacet
  facet normal 0.000000 0.000000 1.000000
    outer loop
      vertex 27.9500 68.1500 3.0000
      vertex 42.1500 76.8000 3.0000
      vertex 27.9500 76.8000 3.0000
    endloop
  endfacet
  facet normal 0.000000 -1.000000 0.000000
    outer loop
      vertex 27.9500 68.1500 0.0000
      vertex 42.1500 68.1500 0.0000
      vertex 42.1500 68.1500 3.0000
    endloop
  endfacet
  facet normal 0.000000 -1.000000 0.000000
    outer loop
      vertex 27.9500 68.1500 0.0000
      vertex 42.1500 68.1500 3.0000
      vertex 27.9500 68.1500 3.0000
    endloop
  endfacet
  facet normal 0.000000 0.000000 -1.000000
    outer loop
      vertex 27.9500 76.8000 0.0000
      vertex 27.9500 80.2000 0.0000
      vertex 42.1500 80.2000 0.0000
    endloop
  endfacet
  facet normal 0.000000 0.000000 -1.000000
    outer loop
      vertex 27.9500 76.8000 0.0000
      vertex 42.1500 80.2000 0.0000
      vertex 42.1500 76.8000 0.0000
    endloop
  endfacet
  facet normal 0.000000 0.000000 1.000000
    outer loop
      vertex 27.9500 76.8000 3.0000
      vertex 42.1500 76.8000 3.0000
      vertex 42.1500 80.2000 3.0000
    endloop
  endfacet
  facet normal 0.000000 0.000000 1.000000
    outer loop
      vertex 27.9500 76.8000 3.0000
      vertex 42.1500 80.2000 3.0000
      vertex 27.9500 80.2000 3.0000
    endloop
  endfacet
  facet normal 0.000000 0.000000 -1.000000
    outer loop
      vertex 27.9500 80.2000 0.0000
      vertex 27.9500 84.0000 0.0000
      vertex 42.1500 84.0000 0.0000
    endloop
  endfacet
  facet normal 0.000000 0.000000 -1.000000
    outer loop
      vertex 27.9500 80.2000 0.0000
      vertex 42.1500 84.0000 0.0000
      vertex 42.1500 80.2000 0.0000
    endloop
  endfacet
  facet normal 0.000000 0.000000 1.000000
    outer loop
      vertex 27.9500 80.2000 3.0000
      vertex 42.1500 80.2000 3.0000
      vertex 42.1500 84.0000 3.0000
    endloop
  endfacet
  facet normal 0.000000 0.000000 1.000000
    outer loop
      vertex 27.9500 80.2000 3.0000
      vertex 42.1500 84.0000 3.0000
      vertex 27.9500 84.0000 3.0000
    endloop
  endfacet
  facet normal 0.000000 1.000000 0.000000
    outer loop
      vertex 42.1500 84.0000 0.0000
      vertex 27.9500 84.0000 0.0000
      vertex 27.9500 84.0000 3.0000
    endloop
  endfacet
  facet normal 0.000000 1.000000 -0.000000
    outer loop
      vertex 42.1500 84.0000 0.0000
      vertex 27.9500 84.0000 3.0000
      vertex 42.1500 84.0000 3.0000
    endloop
  endfacet
  facet normal 0.000000 0.000000 -1.000000
    outer loop
      vertex 42.1500 0.0000 0.0000
      vertex 42.1500 3.8000 0.0000
      vertex 47.0000 3.8000 0.0000
    endloop
  endfacet
  facet normal 0.000000 0.000000 -1.000000
    outer loop
      vertex 42.1500 0.0000 0.0000
      vertex 47.0000 3.8000 0.0000
      vertex 47.0000 0.0000 0.0000
    endloop
  endfacet
  facet normal 0.000000 0.000000 1.000000
    outer loop
      vertex 42.1500 0.0000 3.0000
      vertex 47.0000 0.0000 3.0000
      vertex 47.0000 3.8000 3.0000
    endloop
  endfacet
  facet normal 0.000000 0.000000 1.000000
    outer loop
      vertex 42.1500 0.0000 3.0000
      vertex 47.0000 3.8000 3.0000
      vertex 42.1500 3.8000 3.0000
    endloop
  endfacet
  facet normal 0.000000 -1.000000 0.000000
    outer loop
      vertex 42.1500 0.0000 0.0000
      vertex 47.0000 0.0000 0.0000
      vertex 47.0000 0.0000 3.0000
    endloop
  endfacet
  facet normal 0.000000 -1.000000 0.000000
    outer loop
      vertex 42.1500 0.0000 0.0000
      vertex 47.0000 0.0000 3.0000
      vertex 42.1500 0.0000 3.0000
    endloop
  endfacet
  facet normal 0.000000 0.000000 -1.000000
    outer loop
      vertex 42.1500 3.8000 0.0000
      vertex 42.1500 7.2000 0.0000
      vertex 47.0000 7.2000 0.0000
    endloop
  endfacet
  facet normal 0.000000 0.000000 -1.000000
    outer loop
      vertex 42.1500 3.8000 0.0000
      vertex 47.0000 7.2000 0.0000
      vertex 47.0000 3.8000 0.0000
    endloop
  endfacet
  facet normal 0.000000 0.000000 1.000000
    outer loop
      vertex 42.1500 3.8000 3.0000
      vertex 47.0000 3.8000 3.0000
      vertex 47.0000 7.2000 3.0000
    endloop
  endfacet
  facet normal 0.000000 0.000000 1.000000
    outer loop
      vertex 42.1500 3.8000 3.0000
      vertex 47.0000 7.2000 3.0000
      vertex 42.1500 7.2000 3.0000
    endloop
  endfacet
  facet normal 0.000000 0.000000 -1.000000
    outer loop
      vertex 42.1500 7.2000 0.0000
      vertex 42.1500 15.8500 0.0000
      vertex 47.0000 15.8500 0.0000
    endloop
  endfacet
  facet normal 0.000000 0.000000 -1.000000
    outer loop
      vertex 42.1500 7.2000 0.0000
      vertex 47.0000 15.8500 0.0000
      vertex 47.0000 7.2000 0.0000
    endloop
  endfacet
  facet normal 0.000000 0.000000 1.000000
    outer loop
      vertex 42.1500 7.2000 3.0000
      vertex 47.0000 7.2000 3.0000
      vertex 47.0000 15.8500 3.0000
    endloop
  endfacet
  facet normal 0.000000 0.000000 1.000000
    outer loop
      vertex 42.1500 7.2000 3.0000
      vertex 47.0000 15.8500 3.0000
      vertex 42.1500 15.8500 3.0000
    endloop
  endfacet
  facet normal 0.000000 0.000000 -1.000000
    outer loop
      vertex 42.1500 15.8500 0.0000
      vertex 42.1500 19.2000 0.0000
      vertex 47.0000 19.2000 0.0000
    endloop
  endfacet
  facet normal 0.000000 0.000000 -1.000000
    outer loop
      vertex 42.1500 15.8500 0.0000
      vertex 47.0000 19.2000 0.0000
      vertex 47.0000 15.8500 0.0000
    endloop
  endfacet
  facet normal 0.000000 0.000000 1.000000
    outer loop
      vertex 42.1500 15.8500 3.0000
      vertex 47.0000 15.8500 3.0000
      vertex 47.0000 19.2000 3.0000
    endloop
  endfacet
  facet normal 0.000000 0.000000 1.000000
    outer loop
      vertex 42.1500 15.8500 3.0000
      vertex 47.0000 19.2000 3.0000
      vertex 42.1500 19.2000 3.0000
    endloop
  endfacet
  facet normal -1.000000 0.000000 0.000000
    outer loop
      vertex 42.1500 19.2000 0.0000
      vertex 42.1500 15.8500 0.0000
      vertex 42.1500 15.8500 3.0000
    endloop
  endfacet
  facet normal -1.000000 0.000000 0.000000
    outer loop
      vertex 42.1500 19.2000 0.0000
      vertex 42.1500 15.8500 3.0000
      vertex 42.1500 19.2000 3.0000
    endloop
  endfacet
  facet normal 1.000000 0.000000 0.000000
    outer loop
      vertex 47.0000 15.8500 0.0000
      vertex 47.0000 19.2000 0.0000
      vertex 47.0000 19.2000 3.0000
    endloop
  endfacet
  facet normal 1.000000 0.000000 0.000000
    outer loop
      vertex 47.0000 15.8500 0.0000
      vertex 47.0000 19.2000 3.0000
      vertex 47.0000 15.8500 3.0000
    endloop
  endfacet
  facet normal 0.000000 0.000000 -1.000000
    outer loop
      vertex 42.1500 19.2000 0.0000
      vertex 42.1500 26.7000 0.0000
      vertex 47.0000 26.7000 0.0000
    endloop
  endfacet
  facet normal 0.000000 0.000000 -1.000000
    outer loop
      vertex 42.1500 19.2000 0.0000
      vertex 47.0000 26.7000 0.0000
      vertex 47.0000 19.2000 0.0000
    endloop
  endfacet
  facet normal 0.000000 0.000000 1.000000
    outer loop
      vertex 42.1500 19.2000 3.0000
      vertex 47.0000 19.2000 3.0000
      vertex 47.0000 26.7000 3.0000
    endloop
  endfacet
  facet normal 0.000000 0.000000 1.000000
    outer loop
      vertex 42.1500 19.2000 3.0000
      vertex 47.0000 26.7000 3.0000
      vertex 42.1500 26.7000 3.0000
    endloop
  endfacet
  facet normal -1.000000 0.000000 0.000000
    outer loop
      vertex 42.1500 26.7000 0.0000
      vertex 42.1500 19.2000 0.0000
      vertex 42.1500 19.2000 3.0000
    endloop
  endfacet
  facet normal -1.000000 0.000000 0.000000
    outer loop
      vertex 42.1500 26.7000 0.0000
      vertex 42.1500 19.2000 3.0000
      vertex 42.1500 26.7000 3.0000
    endloop
  endfacet
  facet normal 1.000000 0.000000 0.000000
    outer loop
      vertex 47.0000 19.2000 0.0000
      vertex 47.0000 26.7000 0.0000
      vertex 47.0000 26.7000 3.0000
    endloop
  endfacet
  facet normal 1.000000 0.000000 0.000000
    outer loop
      vertex 47.0000 19.2000 0.0000
      vertex 47.0000 26.7000 3.0000
      vertex 47.0000 19.2000 3.0000
    endloop
  endfacet
  facet normal 0.000000 0.000000 -1.000000
    outer loop
      vertex 42.1500 26.7000 0.0000
      vertex 42.1500 30.0500 0.0000
      vertex 47.0000 30.0500 0.0000
    endloop
  endfacet
  facet normal 0.000000 0.000000 -1.000000
    outer loop
      vertex 42.1500 26.7000 0.0000
      vertex 47.0000 30.0500 0.0000
      vertex 47.0000 26.7000 0.0000
    endloop
  endfacet
  facet normal 0.000000 0.000000 1.000000
    outer loop
      vertex 42.1500 26.7000 3.0000
      vertex 47.0000 26.7000 3.0000
      vertex 47.0000 30.0500 3.0000
    endloop
  endfacet
  facet normal 0.000000 0.000000 1.000000
    outer loop
      vertex 42.1500 26.7000 3.0000
      vertex 47.0000 30.0500 3.0000
      vertex 42.1500 30.0500 3.0000
    endloop
  endfacet
  facet normal -1.000000 0.000000 0.000000
    outer loop
      vertex 42.1500 30.0500 0.0000
      vertex 42.1500 26.7000 0.0000
      vertex 42.1500 26.7000 3.0000
    endloop
  endfacet
  facet normal -1.000000 0.000000 0.000000
    outer loop
      vertex 42.1500 30.0500 0.0000
      vertex 42.1500 26.7000 3.0000
      vertex 42.1500 30.0500 3.0000
    endloop
  endfacet
  facet normal 1.000000 0.000000 0.000000
    outer loop
      vertex 47.0000 26.7000 0.0000
      vertex 47.0000 30.0500 0.0000
      vertex 47.0000 30.0500 3.0000
    endloop
  endfacet
  facet normal 1.000000 0.000000 0.000000
    outer loop
      vertex 47.0000 26.7000 0.0000
      vertex 47.0000 30.0500 3.0000
      vertex 47.0000 26.7000 3.0000
    endloop
  endfacet
  facet normal 0.000000 0.000000 -1.000000
    outer loop
      vertex 42.1500 30.0500 0.0000
      vertex 42.1500 34.9000 0.0000
      vertex 47.0000 34.9000 0.0000
    endloop
  endfacet
  facet normal 0.000000 0.000000 -1.000000
    outer loop
      vertex 42.1500 30.0500 0.0000
      vertex 47.0000 34.9000 0.0000
      vertex 47.0000 30.0500 0.0000
    endloop
  endfacet
  facet normal 0.000000 0.000000 1.000000
    outer loop
      vertex 42.1500 30.0500 3.0000
      vertex 47.0000 30.0500 3.0000
      vertex 47.0000 34.9000 3.0000
    endloop
  endfacet
  facet normal 0.000000 0.000000 1.000000
    outer loop
      vertex 42.1500 30.0500 3.0000
      vertex 47.0000 34.9000 3.0000
      vertex 42.1500 34.9000 3.0000
    endloop
  endfacet
  facet normal 0.000000 0.000000 -1.000000
    outer loop
      vertex 42.1500 34.9000 0.0000
      vertex 42.1500 35.0000 0.0000
      vertex 47.0000 35.0000 0.0000
    endloop
  endfacet
  facet normal 0.000000 0.000000 -1.000000
    outer loop
      vertex 42.1500 34.9000 0.0000
      vertex 47.0000 35.0000 0.0000
      vertex 47.0000 34.9000 0.0000
    endloop
  endfacet
  facet normal 0.000000 0.000000 1.000000
    outer loop
      vertex 42.1500 34.9000 3.0000
      vertex 47.0000 34.9000 3.0000
      vertex 47.0000 35.0000 3.0000
    endloop
  endfacet
  facet normal 0.000000 0.000000 1.000000
    outer loop
      vertex 42.1500 34.9000 3.0000
      vertex 47.0000 35.0000 3.0000
      vertex 42.1500 35.0000 3.0000
    endloop
  endfacet
  facet normal -1.000000 0.000000 0.000000
    outer loop
      vertex 42.1500 35.0000 0.0000
      vertex 42.1500 34.9000 0.0000
      vertex 42.1500 34.9000 3.0000
    endloop
  endfacet
  facet normal -1.000000 0.000000 0.000000
    outer loop
      vertex 42.1500 35.0000 0.0000
      vertex 42.1500 34.9000 3.0000
      vertex 42.1500 35.0000 3.0000
    endloop
  endfacet
  facet normal 1.000000 0.000000 0.000000
    outer loop
      vertex 47.0000 34.9000 0.0000
      vertex 47.0000 35.0000 0.0000
      vertex 47.0000 35.0000 3.0000
    endloop
  endfacet
  facet normal 1.000000 0.000000 0.000000
    outer loop
      vertex 47.0000 34.9000 0.0000
      vertex 47.0000 35.0000 3.0000
      vertex 47.0000 34.9000 3.0000
    endloop
  endfacet
  facet normal 0.000000 0.000000 -1.000000
    outer loop
      vertex 42.1500 35.0000 0.0000
      vertex 42.1500 49.0000 0.0000
      vertex 47.0000 49.0000 0.0000
    endloop
  endfacet
  facet normal 0.000000 0.000000 -1.000000
    outer loop
      vertex 42.1500 35.0000 0.0000
      vertex 47.0000 49.0000 0.0000
      vertex 47.0000 35.0000 0.0000
    endloop
  endfacet
  facet normal 0.000000 0.000000 1.000000
    outer loop
      vertex 42.1500 35.0000 3.0000
      vertex 47.0000 35.0000 3.0000
      vertex 47.0000 49.0000 3.0000
    endloop
  endfacet
  facet normal 0.000000 0.000000 1.000000
    outer loop
      vertex 42.1500 35.0000 3.0000
      vertex 47.0000 49.0000 3.0000
      vertex 42.1500 49.0000 3.0000
    endloop
  endfacet
  facet normal -1.000000 0.000000 0.000000
    outer loop
      vertex 42.1500 49.0000 0.0000
      vertex 42.1500 35.0000 0.0000
      vertex 42.1500 35.0000 3.0000
    endloop
  endfacet
  facet normal -1.000000 0.000000 0.000000
    outer loop
      vertex 42.1500 49.0000 0.0000
      vertex 42.1500 35.0000 3.0000
      vertex 42.1500 49.0000 3.0000
    endloop
  endfacet
  facet normal 1.000000 0.000000 0.000000
    outer loop
      vertex 47.0000 35.0000 0.0000
      vertex 47.0000 49.0000 0.0000
      vertex 47.0000 49.0000 3.0000
    endloop
  endfacet
  facet normal 1.000000 0.000000 0.000000
    outer loop
      vertex 47.0000 35.0000 0.0000
      vertex 47.0000 49.0000 3.0000
      vertex 47.0000 35.0000 3.0000
    endloop
  endfacet
  facet normal 0.000000 0.000000 -1.000000
    outer loop
      vertex 42.1500 49.0000 0.0000
      vertex 42.1500 49.1000 0.0000
      vertex 47.0000 49.1000 0.0000
    endloop
  endfacet
  facet normal 0.000000 0.000000 -1.000000
    outer loop
      vertex 42.1500 49.0000 0.0000
      vertex 47.0000 49.1000 0.0000
      vertex 47.0000 49.0000 0.0000
    endloop
  endfacet
  facet normal 0.000000 0.000000 1.000000
    outer loop
      vertex 42.1500 49.0000 3.0000
      vertex 47.0000 49.0000 3.0000
      vertex 47.0000 49.1000 3.0000
    endloop
  endfacet
  facet normal 0.000000 0.000000 1.000000
    outer loop
      vertex 42.1500 49.0000 3.0000
      vertex 47.0000 49.1000 3.0000
      vertex 42.1500 49.1000 3.0000
    endloop
  endfacet
  facet normal -1.000000 0.000000 0.000000
    outer loop
      vertex 42.1500 49.1000 0.0000
      vertex 42.1500 49.0000 0.0000
      vertex 42.1500 49.0000 3.0000
    endloop
  endfacet
  facet normal -1.000000 0.000000 0.000000
    outer loop
      vertex 42.1500 49.1000 0.0000
      vertex 42.1500 49.0000 3.0000
      vertex 42.1500 49.1000 3.0000
    endloop
  endfacet
  facet normal 1.000000 0.000000 0.000000
    outer loop
      vertex 47.0000 49.0000 0.0000
      vertex 47.0000 49.1000 0.0000
      vertex 47.0000 49.1000 3.0000
    endloop
  endfacet
  facet normal 1.000000 0.000000 0.000000
    outer loop
      vertex 47.0000 49.0000 0.0000
      vertex 47.0000 49.1000 3.0000
      vertex 47.0000 49.0000 3.0000
    endloop
  endfacet
  facet normal 0.000000 0.000000 -1.000000
    outer loop
      vertex 42.1500 49.1000 0.0000
      vertex 42.1500 53.9500 0.0000
      vertex 47.0000 53.9500 0.0000
    endloop
  endfacet
  facet normal 0.000000 0.000000 -1.000000
    outer loop
      vertex 42.1500 49.1000 0.0000
      vertex 47.0000 53.9500 0.0000
      vertex 47.0000 49.1000 0.0000
    endloop
  endfacet
  facet normal 0.000000 0.000000 1.000000
    outer loop
      vertex 42.1500 49.1000 3.0000
      vertex 47.0000 49.1000 3.0000
      vertex 47.0000 53.9500 3.0000
    endloop
  endfacet
  facet normal 0.000000 0.000000 1.000000
    outer loop
      vertex 42.1500 49.1000 3.0000
      vertex 47.0000 53.9500 3.0000
      vertex 42.1500 53.9500 3.0000
    endloop
  endfacet
  facet normal 0.000000 0.000000 -1.000000
    outer loop
      vertex 42.1500 53.9500 0.0000
      vertex 42.1500 57.3000 0.0000
      vertex 47.0000 57.3000 0.0000
    endloop
  endfacet
  facet normal 0.000000 0.000000 -1.000000
    outer loop
      vertex 42.1500 53.9500 0.0000
      vertex 47.0000 57.3000 0.0000
      vertex 47.0000 53.9500 0.0000
    endloop
  endfacet
  facet normal 0.000000 0.000000 1.000000
    outer loop
      vertex 42.1500 53.9500 3.0000
      vertex 47.0000 53.9500 3.0000
      vertex 47.0000 57.3000 3.0000
    endloop
  endfacet
  facet normal 0.000000 0.000000 1.000000
    outer loop
      vertex 42.1500 53.9500 3.0000
      vertex 47.0000 57.3000 3.0000
      vertex 42.1500 57.3000 3.0000
    endloop
  endfacet
  facet normal -1.000000 0.000000 0.000000
    outer loop
      vertex 42.1500 57.3000 0.0000
      vertex 42.1500 53.9500 0.0000
      vertex 42.1500 53.9500 3.0000
    endloop
  endfacet
  facet normal -1.000000 0.000000 0.000000
    outer loop
      vertex 42.1500 57.3000 0.0000
      vertex 42.1500 53.9500 3.0000
      vertex 42.1500 57.3000 3.0000
    endloop
  endfacet
  facet normal 1.000000 0.000000 0.000000
    outer loop
      vertex 47.0000 53.9500 0.0000
      vertex 47.0000 57.3000 0.0000
      vertex 47.0000 57.3000 3.0000
    endloop
  endfacet
  facet normal 1.000000 0.000000 0.000000
    outer loop
      vertex 47.0000 53.9500 0.0000
      vertex 47.0000 57.3000 3.0000
      vertex 47.0000 53.9500 3.0000
    endloop
  endfacet
  facet normal 0.000000 0.000000 -1.000000
    outer loop
      vertex 42.1500 57.3000 0.0000
      vertex 42.1500 64.8000 0.0000
      vertex 47.0000 64.8000 0.0000
    endloop
  endfacet
  facet normal 0.000000 0.000000 -1.000000
    outer loop
      vertex 42.1500 57.3000 0.0000
      vertex 47.0000 64.8000 0.0000
      vertex 47.0000 57.3000 0.0000
    endloop
  endfacet
  facet normal 0.000000 0.000000 1.000000
    outer loop
      vertex 42.1500 57.3000 3.0000
      vertex 47.0000 57.3000 3.0000
      vertex 47.0000 64.8000 3.0000
    endloop
  endfacet
  facet normal 0.000000 0.000000 1.000000
    outer loop
      vertex 42.1500 57.3000 3.0000
      vertex 47.0000 64.8000 3.0000
      vertex 42.1500 64.8000 3.0000
    endloop
  endfacet
  facet normal -1.000000 0.000000 0.000000
    outer loop
      vertex 42.1500 64.8000 0.0000
      vertex 42.1500 57.3000 0.0000
      vertex 42.1500 57.3000 3.0000
    endloop
  endfacet
  facet normal -1.000000 0.000000 0.000000
    outer loop
      vertex 42.1500 64.8000 0.0000
      vertex 42.1500 57.3000 3.0000
      vertex 42.1500 64.8000 3.0000
    endloop
  endfacet
  facet normal 1.000000 0.000000 0.000000
    outer loop
      vertex 47.0000 57.3000 0.0000
      vertex 47.0000 64.8000 0.0000
      vertex 47.0000 64.8000 3.0000
    endloop
  endfacet
  facet normal 1.000000 0.000000 0.000000
    outer loop
      vertex 47.0000 57.3000 0.0000
      vertex 47.0000 64.8000 3.0000
      vertex 47.0000 57.3000 3.0000
    endloop
  endfacet
  facet normal 0.000000 0.000000 -1.000000
    outer loop
      vertex 42.1500 64.8000 0.0000
      vertex 42.1500 68.1500 0.0000
      vertex 47.0000 68.1500 0.0000
    endloop
  endfacet
  facet normal 0.000000 0.000000 -1.000000
    outer loop
      vertex 42.1500 64.8000 0.0000
      vertex 47.0000 68.1500 0.0000
      vertex 47.0000 64.8000 0.0000
    endloop
  endfacet
  facet normal 0.000000 0.000000 1.000000
    outer loop
      vertex 42.1500 64.8000 3.0000
      vertex 47.0000 64.8000 3.0000
      vertex 47.0000 68.1500 3.0000
    endloop
  endfacet
  facet normal 0.000000 0.000000 1.000000
    outer loop
      vertex 42.1500 64.8000 3.0000
      vertex 47.0000 68.1500 3.0000
      vertex 42.1500 68.1500 3.0000
    endloop
  endfacet
  facet normal -1.000000 0.000000 0.000000
    outer loop
      vertex 42.1500 68.1500 0.0000
      vertex 42.1500 64.8000 0.0000
      vertex 42.1500 64.8000 3.0000
    endloop
  endfacet
  facet normal -1.000000 0.000000 0.000000
    outer loop
      vertex 42.1500 68.1500 0.0000
      vertex 42.1500 64.8000 3.0000
      vertex 42.1500 68.1500 3.0000
    endloop
  endfacet
  facet normal 1.000000 0.000000 0.000000
    outer loop
      vertex 47.0000 64.8000 0.0000
      vertex 47.0000 68.1500 0.0000
      vertex 47.0000 68.1500 3.0000
    endloop
  endfacet
  facet normal 1.000000 0.000000 0.000000
    outer loop
      vertex 47.0000 64.8000 0.0000
      vertex 47.0000 68.1500 3.0000
      vertex 47.0000 64.8000 3.0000
    endloop
  endfacet
  facet normal 0.000000 0.000000 -1.000000
    outer loop
      vertex 42.1500 68.1500 0.0000
      vertex 42.1500 76.8000 0.0000
      vertex 47.0000 76.8000 0.0000
    endloop
  endfacet
  facet normal 0.000000 0.000000 -1.000000
    outer loop
      vertex 42.1500 68.1500 0.0000
      vertex 47.0000 76.8000 0.0000
      vertex 47.0000 68.1500 0.0000
    endloop
  endfacet
  facet normal 0.000000 0.000000 1.000000
    outer loop
      vertex 42.1500 68.1500 3.0000
      vertex 47.0000 68.1500 3.0000
      vertex 47.0000 76.8000 3.0000
    endloop
  endfacet
  facet normal 0.000000 0.000000 1.000000
    outer loop
      vertex 42.1500 68.1500 3.0000
      vertex 47.0000 76.8000 3.0000
      vertex 42.1500 76.8000 3.0000
    endloop
  endfacet
  facet normal 0.000000 0.000000 -1.000000
    outer loop
      vertex 42.1500 76.8000 0.0000
      vertex 42.1500 80.2000 0.0000
      vertex 47.0000 80.2000 0.0000
    endloop
  endfacet
  facet normal 0.000000 0.000000 -1.000000
    outer loop
      vertex 42.1500 76.8000 0.0000
      vertex 47.0000 80.2000 0.0000
      vertex 47.0000 76.8000 0.0000
    endloop
  endfacet
  facet normal 0.000000 0.000000 1.000000
    outer loop
      vertex 42.1500 76.8000 3.0000
      vertex 47.0000 76.8000 3.0000
      vertex 47.0000 80.2000 3.0000
    endloop
  endfacet
  facet normal 0.000000 0.000000 1.000000
    outer loop
      vertex 42.1500 76.8000 3.0000
      vertex 47.0000 80.2000 3.0000
      vertex 42.1500 80.2000 3.0000
    endloop
  endfacet
  facet normal 0.000000 0.000000 -1.000000
    outer loop
      vertex 42.1500 80.2000 0.0000
      vertex 42.1500 84.0000 0.0000
      vertex 47.0000 84.0000 0.0000
    endloop
  endfacet
  facet normal 0.000000 0.000000 -1.000000
    outer loop
      vertex 42.1500 80.2000 0.0000
      vertex 47.0000 84.0000 0.0000
      vertex 47.0000 80.2000 0.0000
    endloop
  endfacet
  facet normal 0.000000 0.000000 1.000000
    outer loop
      vertex 42.1500 80.2000 3.0000
      vertex 47.0000 80.2000 3.0000
      vertex 47.0000 84.0000 3.0000
    endloop
  endfacet
  facet normal 0.000000 0.000000 1.000000
    outer loop
      vertex 42.1500 80.2000 3.0000
      vertex 47.0000 84.0000 3.0000
      vertex 42.1500 84.0000 3.0000
    endloop
  endfacet
  facet normal 0.000000 1.000000 0.000000
    outer loop
      vertex 47.0000 84.0000 0.0000
      vertex 42.1500 84.0000 0.0000
      vertex 42.1500 84.0000 3.0000
    endloop
  endfacet
  facet normal 0.000000 1.000000 -0.000000
    outer loop
      vertex 47.0000 84.0000 0.0000
      vertex 42.1500 84.0000 3.0000
      vertex 47.0000 84.0000 3.0000
    endloop
  endfacet
  facet normal 0.000000 0.000000 -1.000000
    outer loop
      vertex 47.0000 0.0000 0.0000
      vertex 47.0000 3.8000 0.0000
      vertex 61.2000 3.8000 0.0000
    endloop
  endfacet
  facet normal 0.000000 0.000000 -1.000000
    outer loop
      vertex 47.0000 0.0000 0.0000
      vertex 61.2000 3.8000 0.0000
      vertex 61.2000 0.0000 0.0000
    endloop
  endfacet
  facet normal 0.000000 0.000000 1.000000
    outer loop
      vertex 47.0000 0.0000 3.0000
      vertex 61.2000 0.0000 3.0000
      vertex 61.2000 3.8000 3.0000
    endloop
  endfacet
  facet normal 0.000000 0.000000 1.000000
    outer loop
      vertex 47.0000 0.0000 3.0000
      vertex 61.2000 3.8000 3.0000
      vertex 47.0000 3.8000 3.0000
    endloop
  endfacet
  facet normal 0.000000 -1.000000 0.000000
    outer loop
      vertex 47.0000 0.0000 0.0000
      vertex 61.2000 0.0000 0.0000
      vertex 61.2000 0.0000 3.0000
    endloop
  endfacet
  facet normal 0.000000 -1.000000 0.000000
    outer loop
      vertex 47.0000 0.0000 0.0000
      vertex 61.2000 0.0000 3.0000
      vertex 47.0000 0.0000 3.0000
    endloop
  endfacet
  facet normal 0.000000 0.000000 -1.000000
    outer loop
      vertex 47.0000 3.8000 0.0000
      vertex 47.0000 7.2000 0.0000
      vertex 61.2000 7.2000 0.0000
    endloop
  endfacet
  facet normal 0.000000 0.000000 -1.000000
    outer loop
      vertex 47.0000 3.8000 0.0000
      vertex 61.2000 7.2000 0.0000
      vertex 61.2000 3.8000 0.0000
    endloop
  endfacet
  facet normal 0.000000 0.000000 1.000000
    outer loop
      vertex 47.0000 3.8000 3.0000
      vertex 61.2000 3.8000 3.0000
      vertex 61.2000 7.2000 3.0000
    endloop
  endfacet
  facet normal 0.000000 0.000000 1.000000
    outer loop
      vertex 47.0000 3.8000 3.0000
      vertex 61.2000 7.2000 3.0000
      vertex 47.0000 7.2000 3.0000
    endloop
  endfacet
  facet normal 0.000000 0.000000 -1.000000
    outer loop
      vertex 47.0000 7.2000 0.0000
      vertex 47.0000 15.8500 0.0000
      vertex 61.2000 15.8500 0.0000
    endloop
  endfacet
  facet normal 0.000000 0.000000 -1.000000
    outer loop
      vertex 47.0000 7.2000 0.0000
      vertex 61.2000 15.8500 0.0000
      vertex 61.2000 7.2000 0.0000
    endloop
  endfacet
  facet normal 0.000000 0.000000 1.000000
    outer loop
      vertex 47.0000 7.2000 3.0000
      vertex 61.2000 7.2000 3.0000
      vertex 61.2000 15.8500 3.0000
    endloop
  endfacet
  facet normal 0.000000 0.000000 1.000000
    outer loop
      vertex 47.0000 7.2000 3.0000
      vertex 61.2000 15.8500 3.0000
      vertex 47.0000 15.8500 3.0000
    endloop
  endfacet
  facet normal 0.000000 1.000000 0.000000
    outer loop
      vertex 61.2000 15.8500 0.0000
      vertex 47.0000 15.8500 0.0000
      vertex 47.0000 15.8500 3.0000
    endloop
  endfacet
  facet normal 0.000000 1.000000 -0.000000
    outer loop
      vertex 61.2000 15.8500 0.0000
      vertex 47.0000 15.8500 3.0000
      vertex 61.2000 15.8500 3.0000
    endloop
  endfacet
  facet normal 0.000000 0.000000 -1.000000
    outer loop
      vertex 47.0000 30.0500 0.0000
      vertex 47.0000 34.9000 0.0000
      vertex 61.2000 34.9000 0.0000
    endloop
  endfacet
  facet normal 0.000000 0.000000 -1.000000
    outer loop
      vertex 47.0000 30.0500 0.0000
      vertex 61.2000 34.9000 0.0000
      vertex 61.2000 30.0500 0.0000
    endloop
  endfacet
  facet normal 0.000000 0.000000 1.000000
    outer loop
      vertex 47.0000 30.0500 3.0000
      vertex 61.2000 30.0500 3.0000
      vertex 61.2000 34.9000 3.0000
    endloop
  endfacet
  facet normal 0.000000 0.000000 1.000000
    outer loop
      vertex 47.0000 30.0500 3.0000
      vertex 61.2000 34.9000 3.0000
      vertex 47.0000 34.9000 3.0000
    endloop
  endfacet
  facet normal 0.000000 -1.000000 0.000000
    outer loop
      vertex 47.0000 30.0500 0.0000
      vertex 61.2000 30.0500 0.0000
      vertex 61.2000 30.0500 3.0000
    endloop
  endfacet
  facet normal 0.000000 -1.000000 0.000000
    outer loop
      vertex 47.0000 30.0500 0.0000
      vertex 61.2000 30.0500 3.0000
      vertex 47.0000 30.0500 3.0000
    endloop
  endfacet
  facet normal 0.000000 1.000000 0.000000
    outer loop
      vertex 61.2000 34.9000 0.0000
      vertex 47.0000 34.9000 0.0000
      vertex 47.0000 34.9000 3.0000
    endloop
  endfacet
  facet normal 0.000000 1.000000 -0.000000
    outer loop
      vertex 61.2000 34.9000 0.0000
      vertex 47.0000 34.9000 3.0000
      vertex 61.2000 34.9000 3.0000
    endloop
  endfacet
  facet normal 0.000000 0.000000 -1.000000
    outer loop
      vertex 47.0000 49.1000 0.0000
      vertex 47.0000 53.9500 0.0000
      vertex 61.2000 53.9500 0.0000
    endloop
  endfacet
  facet normal 0.000000 0.000000 -1.000000
    outer loop
      vertex 47.0000 49.1000 0.0000
      vertex 61.2000 53.9500 0.0000
      vertex 61.2000 49.1000 0.0000
    endloop
  endfacet
  facet normal 0.000000 0.000000 1.000000
    outer loop
      vertex 47.0000 49.1000 3.0000
      vertex 61.2000 49.1000 3.0000
      vertex 61.2000 53.9500 3.0000
    endloop
  endfacet
  facet normal 0.000000 0.000000 1.000000
    outer loop
      vertex 47.0000 49.1000 3.0000
      vertex 61.2000 53.9500 3.0000
      vertex 47.0000 53.9500 3.0000
    endloop
  endfacet
  facet normal 0.000000 -1.000000 0.000000
    outer loop
      vertex 47.0000 49.1000 0.0000
      vertex 61.2000 49.1000 0.0000
      vertex 61.2000 49.1000 3.0000
    endloop
  endfacet
  facet normal 0.000000 -1.000000 0.000000
    outer loop
      vertex 47.0000 49.1000 0.0000
      vertex 61.2000 49.1000 3.0000
      vertex 47.0000 49.1000 3.0000
    endloop
  endfacet
  facet normal 0.000000 1.000000 0.000000
    outer loop
      vertex 61.2000 53.9500 0.0000
      vertex 47.0000 53.9500 0.0000
      vertex 47.0000 53.9500 3.0000
    endloop
  endfacet
  facet normal 0.000000 1.000000 -0.000000
    outer loop
      vertex 61.2000 53.9500 0.0000
      vertex 47.0000 53.9500 3.0000
      vertex 61.2000 53.9500 3.0000
    endloop
  endfacet
  facet normal 0.000000 0.000000 -1.000000
    outer loop
      vertex 47.0000 68.1500 0.0000
      vertex 47.0000 76.8000 0.0000
      vertex 61.2000 76.8000 0.0000
    endloop
  endfacet
  facet normal 0.000000 0.000000 -1.000000
    outer loop
      vertex 47.0000 68.1500 0.0000
      vertex 61.2000 76.8000 0.0000
      vertex 61.2000 68.1500 0.0000
    endloop
  endfacet
  facet normal 0.000000 0.000000 1.000000
    outer loop
      vertex 47.0000 68.1500 3.0000
      vertex 61.2000 68.1500 3.0000
      vertex 61.2000 76.8000 3.0000
    endloop
  endfacet
  facet normal 0.000000 0.000000 1.000000
    outer loop
      vertex 47.0000 68.1500 3.0000
      vertex 61.2000 76.8000 3.0000
      vertex 47.0000 76.8000 3.0000
    endloop
  endfacet
  facet normal 0.000000 -1.000000 0.000000
    outer loop
      vertex 47.0000 68.1500 0.0000
      vertex 61.2000 68.1500 0.0000
      vertex 61.2000 68.1500 3.0000
    endloop
  endfacet
  facet normal 0.000000 -1.000000 0.000000
    outer loop
      vertex 47.0000 68.1500 0.0000
      vertex 61.2000 68.1500 3.0000
      vertex 47.0000 68.1500 3.0000
    endloop
  endfacet
  facet normal 0.000000 0.000000 -1.000000
    outer loop
      vertex 47.0000 76.8000 0.0000
      vertex 47.0000 80.2000 0.0000
      vertex 61.2000 80.2000 0.0000
    endloop
  endfacet
  facet normal 0.000000 0.000000 -1.000000
    outer loop
      vertex 47.0000 76.8000 0.0000
      vertex 61.2000 80.2000 0.0000
      vertex 61.2000 76.8000 0.0000
    endloop
  endfacet
  facet normal 0.000000 0.000000 1.000000
    outer loop
      vertex 47.0000 76.8000 3.0000
      vertex 61.2000 76.8000 3.0000
      vertex 61.2000 80.2000 3.0000
    endloop
  endfacet
  facet normal 0.000000 0.000000 1.000000
    outer loop
      vertex 47.0000 76.8000 3.0000
      vertex 61.2000 80.2000 3.0000
      vertex 47.0000 80.2000 3.0000
    endloop
  endfacet
  facet normal 0.000000 0.000000 -1.000000
    outer loop
      vertex 47.0000 80.2000 0.0000
      vertex 47.0000 84.0000 0.0000
      vertex 61.2000 84.0000 0.0000
    endloop
  endfacet
  facet normal 0.000000 0.000000 -1.000000
    outer loop
      vertex 47.0000 80.2000 0.0000
      vertex 61.2000 84.0000 0.0000
      vertex 61.2000 80.2000 0.0000
    endloop
  endfacet
  facet normal 0.000000 0.000000 1.000000
    outer loop
      vertex 47.0000 80.2000 3.0000
      vertex 61.2000 80.2000 3.0000
      vertex 61.2000 84.0000 3.0000
    endloop
  endfacet
  facet normal 0.000000 0.000000 1.000000
    outer loop
      vertex 47.0000 80.2000 3.0000
      vertex 61.2000 84.0000 3.0000
      vertex 47.0000 84.0000 3.0000
    endloop
  endfacet
  facet normal 0.000000 1.000000 0.000000
    outer loop
      vertex 61.2000 84.0000 0.0000
      vertex 47.0000 84.0000 0.0000
      vertex 47.0000 84.0000 3.0000
    endloop
  endfacet
  facet normal 0.000000 1.000000 -0.000000
    outer loop
      vertex 61.2000 84.0000 0.0000
      vertex 47.0000 84.0000 3.0000
      vertex 61.2000 84.0000 3.0000
    endloop
  endfacet
  facet normal 0.000000 0.000000 -1.000000
    outer loop
      vertex 61.2000 0.0000 0.0000
      vertex 61.2000 3.8000 0.0000
      vertex 66.0500 3.8000 0.0000
    endloop
  endfacet
  facet normal 0.000000 0.000000 -1.000000
    outer loop
      vertex 61.2000 0.0000 0.0000
      vertex 66.0500 3.8000 0.0000
      vertex 66.0500 0.0000 0.0000
    endloop
  endfacet
  facet normal 0.000000 0.000000 1.000000
    outer loop
      vertex 61.2000 0.0000 3.0000
      vertex 66.0500 0.0000 3.0000
      vertex 66.0500 3.8000 3.0000
    endloop
  endfacet
  facet normal 0.000000 0.000000 1.000000
    outer loop
      vertex 61.2000 0.0000 3.0000
      vertex 66.0500 3.8000 3.0000
      vertex 61.2000 3.8000 3.0000
    endloop
  endfacet
  facet normal 0.000000 -1.000000 0.000000
    outer loop
      vertex 61.2000 0.0000 0.0000
      vertex 66.0500 0.0000 0.0000
      vertex 66.0500 0.0000 3.0000
    endloop
  endfacet
  facet normal 0.000000 -1.000000 0.000000
    outer loop
      vertex 61.2000 0.0000 0.0000
      vertex 66.0500 0.0000 3.0000
      vertex 61.2000 0.0000 3.0000
    endloop
  endfacet
  facet normal 0.000000 0.000000 -1.000000
    outer loop
      vertex 61.2000 3.8000 0.0000
      vertex 61.2000 7.2000 0.0000
      vertex 66.0500 7.2000 0.0000
    endloop
  endfacet
  facet normal 0.000000 0.000000 -1.000000
    outer loop
      vertex 61.2000 3.8000 0.0000
      vertex 66.0500 7.2000 0.0000
      vertex 66.0500 3.8000 0.0000
    endloop
  endfacet
  facet normal 0.000000 0.000000 1.000000
    outer loop
      vertex 61.2000 3.8000 3.0000
      vertex 66.0500 3.8000 3.0000
      vertex 66.0500 7.2000 3.0000
    endloop
  endfacet
  facet normal 0.000000 0.000000 1.000000
    outer loop
      vertex 61.2000 3.8000 3.0000
      vertex 66.0500 7.2000 3.0000
      vertex 61.2000 7.2000 3.0000
    endloop
  endfacet
  facet normal 0.000000 0.000000 -1.000000
    outer loop
      vertex 61.2000 7.2000 0.0000
      vertex 61.2000 15.8500 0.0000
      vertex 66.0500 15.8500 0.0000
    endloop
  endfacet
  facet normal 0.000000 0.000000 -1.000000
    outer loop
      vertex 61.2000 7.2000 0.0000
      vertex 66.0500 15.8500 0.0000
      vertex 66.0500 7.2000 0.0000
    endloop
  endfacet
  facet normal 0.000000 0.000000 1.000000
    outer loop
      vertex 61.2000 7.2000 3.0000
      vertex 66.0500 7.2000 3.0000
      vertex 66.0500 15.8500 3.0000
    endloop
  endfacet
  facet normal 0.000000 0.000000 1.000000
    outer loop
      vertex 61.2000 7.2000 3.0000
      vertex 66.0500 15.8500 3.0000
      vertex 61.2000 15.8500 3.0000
    endloop
  endfacet
  facet normal 0.000000 0.000000 -1.000000
    outer loop
      vertex 61.2000 15.8500 0.0000
      vertex 61.2000 19.2000 0.0000
      vertex 66.0500 19.2000 0.0000
    endloop
  endfacet
  facet normal 0.000000 0.000000 -1.000000
    outer loop
      vertex 61.2000 15.8500 0.0000
      vertex 66.0500 19.2000 0.0000
      vertex 66.0500 15.8500 0.0000
    endloop
  endfacet
  facet normal 0.000000 0.000000 1.000000
    outer loop
      vertex 61.2000 15.8500 3.0000
      vertex 66.0500 15.8500 3.0000
      vertex 66.0500 19.2000 3.0000
    endloop
  endfacet
  facet normal 0.000000 0.000000 1.000000
    outer loop
      vertex 61.2000 15.8500 3.0000
      vertex 66.0500 19.2000 3.0000
      vertex 61.2000 19.2000 3.0000
    endloop
  endfacet
  facet normal -1.000000 0.000000 0.000000
    outer loop
      vertex 61.2000 19.2000 0.0000
      vertex 61.2000 15.8500 0.0000
      vertex 61.2000 15.8500 3.0000
    endloop
  endfacet
  facet normal -1.000000 0.000000 0.000000
    outer loop
      vertex 61.2000 19.2000 0.0000
      vertex 61.2000 15.8500 3.0000
      vertex 61.2000 19.2000 3.0000
    endloop
  endfacet
  facet normal 1.000000 0.000000 0.000000
    outer loop
      vertex 66.0500 15.8500 0.0000
      vertex 66.0500 19.2000 0.0000
      vertex 66.0500 19.2000 3.0000
    endloop
  endfacet
  facet normal 1.000000 0.000000 0.000000
    outer loop
      vertex 66.0500 15.8500 0.0000
      vertex 66.0500 19.2000 3.0000
      vertex 66.0500 15.8500 3.0000
    endloop
  endfacet
  facet normal 0.000000 0.000000 -1.000000
    outer loop
      vertex 61.2000 19.2000 0.0000
      vertex 61.2000 26.7000 0.0000
      vertex 66.0500 26.7000 0.0000
    endloop
  endfacet
  facet normal 0.000000 0.000000 -1.000000
    outer loop
      vertex 61.2000 19.2000 0.0000
      vertex 66.0500 26.7000 0.0000
      vertex 66.0500 19.2000 0.0000
    endloop
  endfacet
  facet normal 0.000000 0.000000 1.000000
    outer loop
      vertex 61.2000 19.2000 3.0000
      vertex 66.0500 19.2000 3.0000
      vertex 66.0500 26.7000 3.0000
    endloop
  endfacet
  facet normal 0.000000 0.000000 1.000000
    outer loop
      vertex 61.2000 19.2000 3.0000
      vertex 66.0500 26.7000 3.0000
      vertex 61.2000 26.7000 3.0000
    endloop
  endfacet
  facet normal -1.000000 0.000000 0.000000
    outer loop
      vertex 61.2000 26.7000 0.0000
      vertex 61.2000 19.2000 0.0000
      vertex 61.2000 19.2000 3.0000
    endloop
  endfacet
  facet normal -1.000000 0.000000 0.000000
    outer loop
      vertex 61.2000 26.7000 0.0000
      vertex 61.2000 19.2000 3.0000
      vertex 61.2000 26.7000 3.0000
    endloop
  endfacet
  facet normal 1.000000 0.000000 0.000000
    outer loop
      vertex 66.0500 19.2000 0.0000
      vertex 66.0500 26.7000 0.0000
      vertex 66.0500 26.7000 3.0000
    endloop
  endfacet
  facet normal 1.000000 0.000000 0.000000
    outer loop
      vertex 66.0500 19.2000 0.0000
      vertex 66.0500 26.7000 3.0000
      vertex 66.0500 19.2000 3.0000
    endloop
  endfacet
  facet normal 0.000000 0.000000 -1.000000
    outer loop
      vertex 61.2000 26.7000 0.0000
      vertex 61.2000 30.0500 0.0000
      vertex 66.0500 30.0500 0.0000
    endloop
  endfacet
  facet normal 0.000000 0.000000 -1.000000
    outer loop
      vertex 61.2000 26.7000 0.0000
      vertex 66.0500 30.0500 0.0000
      vertex 66.0500 26.7000 0.0000
    endloop
  endfacet
  facet normal 0.000000 0.000000 1.000000
    outer loop
      vertex 61.2000 26.7000 3.0000
      vertex 66.0500 26.7000 3.0000
      vertex 66.0500 30.0500 3.0000
    endloop
  endfacet
  facet normal 0.000000 0.000000 1.000000
    outer loop
      vertex 61.2000 26.7000 3.0000
      vertex 66.0500 30.0500 3.0000
      vertex 61.2000 30.0500 3.0000
    endloop
  endfacet
  facet normal -1.000000 0.000000 0.000000
    outer loop
      vertex 61.2000 30.0500 0.0000
      vertex 61.2000 26.7000 0.0000
      vertex 61.2000 26.7000 3.0000
    endloop
  endfacet
  facet normal -1.000000 0.000000 0.000000
    outer loop
      vertex 61.2000 30.0500 0.0000
      vertex 61.2000 26.7000 3.0000
      vertex 61.2000 30.0500 3.0000
    endloop
  endfacet
  facet normal 1.000000 0.000000 0.000000
    outer loop
      vertex 66.0500 26.7000 0.0000
      vertex 66.0500 30.0500 0.0000
      vertex 66.0500 30.0500 3.0000
    endloop
  endfacet
  facet normal 1.000000 0.000000 0.000000
    outer loop
      vertex 66.0500 26.7000 0.0000
      vertex 66.0500 30.0500 3.0000
      vertex 66.0500 26.7000 3.0000
    endloop
  endfacet
  facet normal 0.000000 0.000000 -1.000000
    outer loop
      vertex 61.2000 30.0500 0.0000
      vertex 61.2000 34.9000 0.0000
      vertex 66.0500 34.9000 0.0000
    endloop
  endfacet
  facet normal 0.000000 0.000000 -1.000000
    outer loop
      vertex 61.2000 30.0500 0.0000
      vertex 66.0500 34.9000 0.0000
      vertex 66.0500 30.0500 0.0000
    endloop
  endfacet
  facet normal 0.000000 0.000000 1.000000
    outer loop
      vertex 61.2000 30.0500 3.0000
      vertex 66.0500 30.0500 3.0000
      vertex 66.0500 34.9000 3.0000
    endloop
  endfacet
  facet normal 0.000000 0.000000 1.000000
    outer loop
      vertex 61.2000 30.0500 3.0000
      vertex 66.0500 34.9000 3.0000
      vertex 61.2000 34.9000 3.0000
    endloop
  endfacet
  facet normal 0.000000 0.000000 -1.000000
    outer loop
      vertex 61.2000 34.9000 0.0000
      vertex 61.2000 35.0000 0.0000
      vertex 66.0500 35.0000 0.0000
    endloop
  endfacet
  facet normal 0.000000 0.000000 -1.000000
    outer loop
      vertex 61.2000 34.9000 0.0000
      vertex 66.0500 35.0000 0.0000
      vertex 66.0500 34.9000 0.0000
    endloop
  endfacet
  facet normal 0.000000 0.000000 1.000000
    outer loop
      vertex 61.2000 34.9000 3.0000
      vertex 66.0500 34.9000 3.0000
      vertex 66.0500 35.0000 3.0000
    endloop
  endfacet
  facet normal 0.000000 0.000000 1.000000
    outer loop
      vertex 61.2000 34.9000 3.0000
      vertex 66.0500 35.0000 3.0000
      vertex 61.2000 35.0000 3.0000
    endloop
  endfacet
  facet normal -1.000000 0.000000 0.000000
    outer loop
      vertex 61.2000 35.0000 0.0000
      vertex 61.2000 34.9000 0.0000
      vertex 61.2000 34.9000 3.0000
    endloop
  endfacet
  facet normal -1.000000 0.000000 0.000000
    outer loop
      vertex 61.2000 35.0000 0.0000
      vertex 61.2000 34.9000 3.0000
      vertex 61.2000 35.0000 3.0000
    endloop
  endfacet
  facet normal 1.000000 0.000000 0.000000
    outer loop
      vertex 66.0500 34.9000 0.0000
      vertex 66.0500 35.0000 0.0000
      vertex 66.0500 35.0000 3.0000
    endloop
  endfacet
  facet normal 1.000000 0.000000 0.000000
    outer loop
      vertex 66.0500 34.9000 0.0000
      vertex 66.0500 35.0000 3.0000
      vertex 66.0500 34.9000 3.0000
    endloop
  endfacet
  facet normal 0.000000 0.000000 -1.000000
    outer loop
      vertex 61.2000 35.0000 0.0000
      vertex 61.2000 49.0000 0.0000
      vertex 66.0500 49.0000 0.0000
    endloop
  endfacet
  facet normal 0.000000 0.000000 -1.000000
    outer loop
      vertex 61.2000 35.0000 0.0000
      vertex 66.0500 49.0000 0.0000
      vertex 66.0500 35.0000 0.0000
    endloop
  endfacet
  facet normal 0.000000 0.000000 1.000000
    outer loop
      vertex 61.2000 35.0000 3.0000
      vertex 66.0500 35.0000 3.0000
      vertex 66.0500 49.0000 3.0000
    endloop
  endfacet
  facet normal 0.000000 0.000000 1.000000
    outer loop
      vertex 61.2000 35.0000 3.0000
      vertex 66.0500 49.0000 3.0000
      vertex 61.2000 49.0000 3.0000
    endloop
  endfacet
  facet normal -1.000000 0.000000 0.000000
    outer loop
      vertex 61.2000 49.0000 0.0000
      vertex 61.2000 35.0000 0.0000
      vertex 61.2000 35.0000 3.0000
    endloop
  endfacet
  facet normal -1.000000 0.000000 0.000000
    outer loop
      vertex 61.2000 49.0000 0.0000
      vertex 61.2000 35.0000 3.0000
      vertex 61.2000 49.0000 3.0000
    endloop
  endfacet
  facet normal 1.000000 0.000000 0.000000
    outer loop
      vertex 66.0500 35.0000 0.0000
      vertex 66.0500 49.0000 0.0000
      vertex 66.0500 49.0000 3.0000
    endloop
  endfacet
  facet normal 1.000000 0.000000 0.000000
    outer loop
      vertex 66.0500 35.0000 0.0000
      vertex 66.0500 49.0000 3.0000
      vertex 66.0500 35.0000 3.0000
    endloop
  endfacet
  facet normal 0.000000 0.000000 -1.000000
    outer loop
      vertex 61.2000 49.0000 0.0000
      vertex 61.2000 49.1000 0.0000
      vertex 66.0500 49.1000 0.0000
    endloop
  endfacet
  facet normal 0.000000 0.000000 -1.000000
    outer loop
      vertex 61.2000 49.0000 0.0000
      vertex 66.0500 49.1000 0.0000
      vertex 66.0500 49.0000 0.0000
    endloop
  endfacet
  facet normal 0.000000 0.000000 1.000000
    outer loop
      vertex 61.2000 49.0000 3.0000
      vertex 66.0500 49.0000 3.0000
      vertex 66.0500 49.1000 3.0000
    endloop
  endfacet
  facet normal 0.000000 0.000000 1.000000
    outer loop
      vertex 61.2000 49.0000 3.0000
      vertex 66.0500 49.1000 3.0000
      vertex 61.2000 49.1000 3.0000
    endloop
  endfacet
  facet normal -1.000000 0.000000 0.000000
    outer loop
      vertex 61.2000 49.1000 0.0000
      vertex 61.2000 49.0000 0.0000
      vertex 61.2000 49.0000 3.0000
    endloop
  endfacet
  facet normal -1.000000 0.000000 0.000000
    outer loop
      vertex 61.2000 49.1000 0.0000
      vertex 61.2000 49.0000 3.0000
      vertex 61.2000 49.1000 3.0000
    endloop
  endfacet
  facet normal 1.000000 0.000000 0.000000
    outer loop
      vertex 66.0500 49.0000 0.0000
      vertex 66.0500 49.1000 0.0000
      vertex 66.0500 49.1000 3.0000
    endloop
  endfacet
  facet normal 1.000000 0.000000 0.000000
    outer loop
      vertex 66.0500 49.0000 0.0000
      vertex 66.0500 49.1000 3.0000
      vertex 66.0500 49.0000 3.0000
    endloop
  endfacet
  facet normal 0.000000 0.000000 -1.000000
    outer loop
      vertex 61.2000 49.1000 0.0000
      vertex 61.2000 53.9500 0.0000
      vertex 66.0500 53.9500 0.0000
    endloop
  endfacet
  facet normal 0.000000 0.000000 -1.000000
    outer loop
      vertex 61.2000 49.1000 0.0000
      vertex 66.0500 53.9500 0.0000
      vertex 66.0500 49.1000 0.0000
    endloop
  endfacet
  facet normal 0.000000 0.000000 1.000000
    outer loop
      vertex 61.2000 49.1000 3.0000
      vertex 66.0500 49.1000 3.0000
      vertex 66.0500 53.9500 3.0000
    endloop
  endfacet
  facet normal 0.000000 0.000000 1.000000
    outer loop
      vertex 61.2000 49.1000 3.0000
      vertex 66.0500 53.9500 3.0000
      vertex 61.2000 53.9500 3.0000
    endloop
  endfacet
  facet normal 0.000000 0.000000 -1.000000
    outer loop
      vertex 61.2000 53.9500 0.0000
      vertex 61.2000 57.3000 0.0000
      vertex 66.0500 57.3000 0.0000
    endloop
  endfacet
  facet normal 0.000000 0.000000 -1.000000
    outer loop
      vertex 61.2000 53.9500 0.0000
      vertex 66.0500 57.3000 0.0000
      vertex 66.0500 53.9500 0.0000
    endloop
  endfacet
  facet normal 0.000000 0.000000 1.000000
    outer loop
      vertex 61.2000 53.9500 3.0000
      vertex 66.0500 53.9500 3.0000
      vertex 66.0500 57.3000 3.0000
    endloop
  endfacet
  facet normal 0.000000 0.000000 1.000000
    outer loop
      vertex 61.2000 53.9500 3.0000
      vertex 66.0500 57.3000 3.0000
      vertex 61.2000 57.3000 3.0000
    endloop
  endfacet
  facet normal -1.000000 0.000000 0.000000
    outer loop
      vertex 61.2000 57.3000 0.0000
      vertex 61.2000 53.9500 0.0000
      vertex 61.2000 53.9500 3.0000
    endloop
  endfacet
  facet normal -1.000000 0.000000 0.000000
    outer loop
      vertex 61.2000 57.3000 0.0000
      vertex 61.2000 53.9500 3.0000
      vertex 61.2000 57.3000 3.0000
    endloop
  endfacet
  facet normal 1.000000 0.000000 0.000000
    outer loop
      vertex 66.0500 53.9500 0.0000
      vertex 66.0500 57.3000 0.0000
      vertex 66.0500 57.3000 3.0000
    endloop
  endfacet
  facet normal 1.000000 0.000000 0.000000
    outer loop
      vertex 66.0500 53.9500 0.0000
      vertex 66.0500 57.3000 3.0000
      vertex 66.0500 53.9500 3.0000
    endloop
  endfacet
  facet normal 0.000000 0.000000 -1.000000
    outer loop
      vertex 61.2000 57.3000 0.0000
      vertex 61.2000 64.8000 0.0000
      vertex 66.0500 64.8000 0.0000
    endloop
  endfacet
  facet normal 0.000000 0.000000 -1.000000
    outer loop
      vertex 61.2000 57.3000 0.0000
      vertex 66.0500 64.8000 0.0000
      vertex 66.0500 57.3000 0.0000
    endloop
  endfacet
  facet normal 0.000000 0.000000 1.000000
    outer loop
      vertex 61.2000 57.3000 3.0000
      vertex 66.0500 57.3000 3.0000
      vertex 66.0500 64.8000 3.0000
    endloop
  endfacet
  facet normal 0.000000 0.000000 1.000000
    outer loop
      vertex 61.2000 57.3000 3.0000
      vertex 66.0500 64.8000 3.0000
      vertex 61.2000 64.8000 3.0000
    endloop
  endfacet
  facet normal -1.000000 0.000000 0.000000
    outer loop
      vertex 61.2000 64.8000 0.0000
      vertex 61.2000 57.3000 0.0000
      vertex 61.2000 57.3000 3.0000
    endloop
  endfacet
  facet normal -1.000000 0.000000 0.000000
    outer loop
      vertex 61.2000 64.8000 0.0000
      vertex 61.2000 57.3000 3.0000
      vertex 61.2000 64.8000 3.0000
    endloop
  endfacet
  facet normal 1.000000 0.000000 0.000000
    outer loop
      vertex 66.0500 57.3000 0.0000
      vertex 66.0500 64.8000 0.0000
      vertex 66.0500 64.8000 3.0000
    endloop
  endfacet
  facet normal 1.000000 0.000000 0.000000
    outer loop
      vertex 66.0500 57.3000 0.0000
      vertex 66.0500 64.8000 3.0000
      vertex 66.0500 57.3000 3.0000
    endloop
  endfacet
  facet normal 0.000000 0.000000 -1.000000
    outer loop
      vertex 61.2000 64.8000 0.0000
      vertex 61.2000 68.1500 0.0000
      vertex 66.0500 68.1500 0.0000
    endloop
  endfacet
  facet normal 0.000000 0.000000 -1.000000
    outer loop
      vertex 61.2000 64.8000 0.0000
      vertex 66.0500 68.1500 0.0000
      vertex 66.0500 64.8000 0.0000
    endloop
  endfacet
  facet normal 0.000000 0.000000 1.000000
    outer loop
      vertex 61.2000 64.8000 3.0000
      vertex 66.0500 64.8000 3.0000
      vertex 66.0500 68.1500 3.0000
    endloop
  endfacet
  facet normal 0.000000 0.000000 1.000000
    outer loop
      vertex 61.2000 64.8000 3.0000
      vertex 66.0500 68.1500 3.0000
      vertex 61.2000 68.1500 3.0000
    endloop
  endfacet
  facet normal -1.000000 0.000000 0.000000
    outer loop
      vertex 61.2000 68.1500 0.0000
      vertex 61.2000 64.8000 0.0000
      vertex 61.2000 64.8000 3.0000
    endloop
  endfacet
  facet normal -1.000000 0.000000 0.000000
    outer loop
      vertex 61.2000 68.1500 0.0000
      vertex 61.2000 64.8000 3.0000
      vertex 61.2000 68.1500 3.0000
    endloop
  endfacet
  facet normal 1.000000 0.000000 0.000000
    outer loop
      vertex 66.0500 64.8000 0.0000
      vertex 66.0500 68.1500 0.0000
      vertex 66.0500 68.1500 3.0000
    endloop
  endfacet
  facet normal 1.000000 0.000000 0.000000
    outer loop
      vertex 66.0500 64.8000 0.0000
      vertex 66.0500 68.1500 3.0000
      vertex 66.0500 64.8000 3.0000
    endloop
  endfacet
  facet normal 0.000000 0.000000 -1.000000
    outer loop
      vertex 61.2000 68.1500 0.0000
      vertex 61.2000 76.8000 0.0000
      vertex 66.0500 76.8000 0.0000
    endloop
  endfacet
  facet normal 0.000000 0.000000 -1.000000
    outer loop
      vertex 61.2000 68.1500 0.0000
      vertex 66.0500 76.8000 0.0000
      vertex 66.0500 68.1500 0.0000
    endloop
  endfacet
  facet normal 0.000000 0.000000 1.000000
    outer loop
      vertex 61.2000 68.1500 3.0000
      vertex 66.0500 68.1500 3.0000
      vertex 66.0500 76.8000 3.0000
    endloop
  endfacet
  facet normal 0.000000 0.000000 1.000000
    outer loop
      vertex 61.2000 68.1500 3.0000
      vertex 66.0500 76.8000 3.0000
      vertex 61.2000 76.8000 3.0000
    endloop
  endfacet
  facet normal 0.000000 0.000000 -1.000000
    outer loop
      vertex 61.2000 76.8000 0.0000
      vertex 61.2000 80.2000 0.0000
      vertex 66.0500 80.2000 0.0000
    endloop
  endfacet
  facet normal 0.000000 0.000000 -1.000000
    outer loop
      vertex 61.2000 76.8000 0.0000
      vertex 66.0500 80.2000 0.0000
      vertex 66.0500 76.8000 0.0000
    endloop
  endfacet
  facet normal 0.000000 0.000000 1.000000
    outer loop
      vertex 61.2000 76.8000 3.0000
      vertex 66.0500 76.8000 3.0000
      vertex 66.0500 80.2000 3.0000
    endloop
  endfacet
  facet normal 0.000000 0.000000 1.000000
    outer loop
      vertex 61.2000 76.8000 3.0000
      vertex 66.0500 80.2000 3.0000
      vertex 61.2000 80.2000 3.0000
    endloop
  endfacet
  facet normal 0.000000 0.000000 -1.000000
    outer loop
      vertex 61.2000 80.2000 0.0000
      vertex 61.2000 84.0000 0.0000
      vertex 66.0500 84.0000 0.0000
    endloop
  endfacet
  facet normal 0.000000 0.000000 -1.000000
    outer loop
      vertex 61.2000 80.2000 0.0000
      vertex 66.0500 84.0000 0.0000
      vertex 66.0500 80.2000 0.0000
    endloop
  endfacet
  facet normal 0.000000 0.000000 1.000000
    outer loop
      vertex 61.2000 80.2000 3.0000
      vertex 66.0500 80.2000 3.0000
      vertex 66.0500 84.0000 3.0000
    endloop
  endfacet
  facet normal 0.000000 0.000000 1.000000
    outer loop
      vertex 61.2000 80.2000 3.0000
      vertex 66.0500 84.0000 3.0000
      vertex 61.2000 84.0000 3.0000
    endloop
  endfacet
  facet normal 0.000000 1.000000 0.000000
    outer loop
      vertex 66.0500 84.0000 0.0000
      vertex 61.2000 84.0000 0.0000
      vertex 61.2000 84.0000 3.0000
    endloop
  endfacet
  facet normal 0.000000 1.000000 -0.000000
    outer loop
      vertex 66.0500 84.0000 0.0000
      vertex 61.2000 84.0000 3.0000
      vertex 66.0500 84.0000 3.0000
    endloop
  endfacet
  facet normal 0.000000 0.000000 -1.000000
    outer loop
      vertex 66.0500 0.0000 0.0000
      vertex 66.0500 3.8000 0.0000
      vertex 80.2500 3.8000 0.0000
    endloop
  endfacet
  facet normal 0.000000 0.000000 -1.000000
    outer loop
      vertex 66.0500 0.0000 0.0000
      vertex 80.2500 3.8000 0.0000
      vertex 80.2500 0.0000 0.0000
    endloop
  endfacet
  facet normal 0.000000 0.000000 1.000000
    outer loop
      vertex 66.0500 0.0000 3.0000
      vertex 80.2500 0.0000 3.0000
      vertex 80.2500 3.8000 3.0000
    endloop
  endfacet
  facet normal 0.000000 0.000000 1.000000
    outer loop
      vertex 66.0500 0.0000 3.0000
      vertex 80.2500 3.8000 3.0000
      vertex 66.0500 3.8000 3.0000
    endloop
  endfacet
  facet normal 0.000000 -1.000000 0.000000
    outer loop
      vertex 66.0500 0.0000 0.0000
      vertex 80.2500 0.0000 0.0000
      vertex 80.2500 0.0000 3.0000
    endloop
  endfacet
  facet normal 0.000000 -1.000000 0.000000
    outer loop
      vertex 66.0500 0.0000 0.0000
      vertex 80.2500 0.0000 3.0000
      vertex 66.0500 0.0000 3.0000
    endloop
  endfacet
  facet normal 0.000000 0.000000 -1.000000
    outer loop
      vertex 66.0500 3.8000 0.0000
      vertex 66.0500 7.2000 0.0000
      vertex 80.2500 7.2000 0.0000
    endloop
  endfacet
  facet normal 0.000000 0.000000 -1.000000
    outer loop
      vertex 66.0500 3.8000 0.0000
      vertex 80.2500 7.2000 0.0000
      vertex 80.2500 3.8000 0.0000
    endloop
  endfacet
  facet normal 0.000000 0.000000 1.000000
    outer loop
      vertex 66.0500 3.8000 3.0000
      vertex 80.2500 3.8000 3.0000
      vertex 80.2500 7.2000 3.0000
    endloop
  endfacet
  facet normal 0.000000 0.000000 1.000000
    outer loop
      vertex 66.0500 3.8000 3.0000
      vertex 80.2500 7.2000 3.0000
      vertex 66.0500 7.2000 3.0000
    endloop
  endfacet
  facet normal 0.000000 0.000000 -1.000000
    outer loop
      vertex 66.0500 7.2000 0.0000
      vertex 66.0500 15.8500 0.0000
      vertex 80.2500 15.8500 0.0000
    endloop
  endfacet
  facet normal 0.000000 0.000000 -1.000000
    outer loop
      vertex 66.0500 7.2000 0.0000
      vertex 80.2500 15.8500 0.0000
      vertex 80.2500 7.2000 0.0000
    endloop
  endfacet
  facet normal 0.000000 0.000000 1.000000
    outer loop
      vertex 66.0500 7.2000 3.0000
      vertex 80.2500 7.2000 3.0000
      vertex 80.2500 15.8500 3.0000
    endloop
  endfacet
  facet normal 0.000000 0.000000 1.000000
    outer loop
      vertex 66.0500 7.2000 3.0000
      vertex 80.2500 15.8500 3.0000
      vertex 66.0500 15.8500 3.0000
    endloop
  endfacet
  facet normal 0.000000 1.000000 0.000000
    outer loop
      vertex 80.2500 15.8500 0.0000
      vertex 66.0500 15.8500 0.0000
      vertex 66.0500 15.8500 3.0000
    endloop
  endfacet
  facet normal 0.000000 1.000000 -0.000000
    outer loop
      vertex 80.2500 15.8500 0.0000
      vertex 66.0500 15.8500 3.0000
      vertex 80.2500 15.8500 3.0000
    endloop
  endfacet
  facet normal 0.000000 0.000000 -1.000000
    outer loop
      vertex 66.0500 30.0500 0.0000
      vertex 66.0500 34.9000 0.0000
      vertex 80.2500 34.9000 0.0000
    endloop
  endfacet
  facet normal 0.000000 0.000000 -1.000000
    outer loop
      vertex 66.0500 30.0500 0.0000
      vertex 80.2500 34.9000 0.0000
      vertex 80.2500 30.0500 0.0000
    endloop
  endfacet
  facet normal 0.000000 0.000000 1.000000
    outer loop
      vertex 66.0500 30.0500 3.0000
      vertex 80.2500 30.0500 3.0000
      vertex 80.2500 34.9000 3.0000
    endloop
  endfacet
  facet normal 0.000000 0.000000 1.000000
    outer loop
      vertex 66.0500 30.0500 3.0000
      vertex 80.2500 34.9000 3.0000
      vertex 66.0500 34.9000 3.0000
    endloop
  endfacet
  facet normal 0.000000 -1.000000 0.000000
    outer loop
      vertex 66.0500 30.0500 0.0000
      vertex 80.2500 30.0500 0.0000
      vertex 80.2500 30.0500 3.0000
    endloop
  endfacet
  facet normal 0.000000 -1.000000 0.000000
    outer loop
      vertex 66.0500 30.0500 0.0000
      vertex 80.2500 30.0500 3.0000
      vertex 66.0500 30.0500 3.0000
    endloop
  endfacet
  facet normal 0.000000 1.000000 0.000000
    outer loop
      vertex 80.2500 34.9000 0.0000
      vertex 66.0500 34.9000 0.0000
      vertex 66.0500 34.9000 3.0000
    endloop
  endfacet
  facet normal 0.000000 1.000000 -0.000000
    outer loop
      vertex 80.2500 34.9000 0.0000
      vertex 66.0500 34.9000 3.0000
      vertex 80.2500 34.9000 3.0000
    endloop
  endfacet
  facet normal 0.000000 0.000000 -1.000000
    outer loop
      vertex 66.0500 49.1000 0.0000
      vertex 66.0500 53.9500 0.0000
      vertex 80.2500 53.9500 0.0000
    endloop
  endfacet
  facet normal 0.000000 0.000000 -1.000000
    outer loop
      vertex 66.0500 49.1000 0.0000
      vertex 80.2500 53.9500 0.0000
      vertex 80.2500 49.1000 0.0000
    endloop
  endfacet
  facet normal 0.000000 0.000000 1.000000
    outer loop
      vertex 66.0500 49.1000 3.0000
      vertex 80.2500 49.1000 3.0000
      vertex 80.2500 53.9500 3.0000
    endloop
  endfacet
  facet normal 0.000000 0.000000 1.000000
    outer loop
      vertex 66.0500 49.1000 3.0000
      vertex 80.2500 53.9500 3.0000
      vertex 66.0500 53.9500 3.0000
    endloop
  endfacet
  facet normal 0.000000 -1.000000 0.000000
    outer loop
      vertex 66.0500 49.1000 0.0000
      vertex 80.2500 49.1000 0.0000
      vertex 80.2500 49.1000 3.0000
    endloop
  endfacet
  facet normal 0.000000 -1.000000 0.000000
    outer loop
      vertex 66.0500 49.1000 0.0000
      vertex 80.2500 49.1000 3.0000
      vertex 66.0500 49.1000 3.0000
    endloop
  endfacet
  facet normal 0.000000 1.000000 0.000000
    outer loop
      vertex 80.2500 53.9500 0.0000
      vertex 66.0500 53.9500 0.0000
      vertex 66.0500 53.9500 3.0000
    endloop
  endfacet
  facet normal 0.000000 1.000000 -0.000000
    outer loop
      vertex 80.2500 53.9500 0.0000
      vertex 66.0500 53.9500 3.0000
      vertex 80.2500 53.9500 3.0000
    endloop
  endfacet
  facet normal 0.000000 0.000000 -1.000000
    outer loop
      vertex 66.0500 68.1500 0.0000
      vertex 66.0500 76.8000 0.0000
      vertex 80.2500 76.8000 0.0000
    endloop
  endfacet
  facet normal 0.000000 0.000000 -1.000000
    outer loop
      vertex 66.0500 68.1500 0.0000
      vertex 80.2500 76.8000 0.0000
      vertex 80.2500 68.1500 0.0000
    endloop
  endfacet
  facet normal 0.000000 0.000000 1.000000
    outer loop
      vertex 66.0500 68.1500 3.0000
      vertex 80.2500 68.1500 3.0000
      vertex 80.2500 76.8000 3.0000
    endloop
  endfacet
  facet normal 0.000000 0.000000 1.000000
    outer loop
      vertex 66.0500 68.1500 3.0000
      vertex 80.2500 76.8000 3.0000
      vertex 66.0500 76.8000 3.0000
    endloop
  endfacet
  facet normal 0.000000 -1.000000 0.000000
    outer loop
      vertex 66.0500 68.1500 0.0000
      vertex 80.2500 68.1500 0.0000
      vertex 80.2500 68.1500 3.0000
    endloop
  endfacet
  facet normal 0.000000 -1.000000 0.000000
    outer loop
      vertex 66.0500 68.1500 0.0000
      vertex 80.2500 68.1500 3.0000
      vertex 66.0500 68.1500 3.0000
    endloop
  endfacet
  facet normal 0.000000 0.000000 -1.000000
    outer loop
      vertex 66.0500 76.8000 0.0000
      vertex 66.0500 80.2000 0.0000
      vertex 80.2500 80.2000 0.0000
    endloop
  endfacet
  facet normal 0.000000 0.000000 -1.000000
    outer loop
      vertex 66.0500 76.8000 0.0000
      vertex 80.2500 80.2000 0.0000
      vertex 80.2500 76.8000 0.0000
    endloop
  endfacet
  facet normal 0.000000 0.000000 1.000000
    outer loop
      vertex 66.0500 76.8000 3.0000
      vertex 80.2500 76.8000 3.0000
      vertex 80.2500 80.2000 3.0000
    endloop
  endfacet
  facet normal 0.000000 0.000000 1.000000
    outer loop
      vertex 66.0500 76.8000 3.0000
      vertex 80.2500 80.2000 3.0000
      vertex 66.0500 80.2000 3.0000
    endloop
  endfacet
  facet normal 0.000000 0.000000 -1.000000
    outer loop
      vertex 66.0500 80.2000 0.0000
      vertex 66.0500 84.0000 0.0000
      vertex 80.2500 84.0000 0.0000
    endloop
  endfacet
  facet normal 0.000000 0.000000 -1.000000
    outer loop
      vertex 66.0500 80.2000 0.0000
      vertex 80.2500 84.0000 0.0000
      vertex 80.2500 80.2000 0.0000
    endloop
  endfacet
  facet normal 0.000000 0.000000 1.000000
    outer loop
      vertex 66.0500 80.2000 3.0000
      vertex 80.2500 80.2000 3.0000
      vertex 80.2500 84.0000 3.0000
    endloop
  endfacet
  facet normal 0.000000 0.000000 1.000000
    outer loop
      vertex 66.0500 80.2000 3.0000
      vertex 80.2500 84.0000 3.0000
      vertex 66.0500 84.0000 3.0000
    endloop
  endfacet
  facet normal 0.000000 1.000000 0.000000
    outer loop
      vertex 80.2500 84.0000 0.0000
      vertex 66.0500 84.0000 0.0000
      vertex 66.0500 84.0000 3.0000
    endloop
  endfacet
  facet normal 0.000000 1.000000 -0.000000
    outer loop
      vertex 80.2500 84.0000 0.0000
      vertex 66.0500 84.0000 3.0000
      vertex 80.2500 84.0000 3.0000
    endloop
  endfacet
  facet normal 0.000000 0.000000 -1.000000
    outer loop
      vertex 80.2500 0.0000 0.0000
      vertex 80.2500 3.8000 0.0000
      vertex 99.2500 3.8000 0.0000
    endloop
  endfacet
  facet normal 0.000000 0.000000 -1.000000
    outer loop
      vertex 80.2500 0.0000 0.0000
      vertex 99.2500 3.8000 0.0000
      vertex 99.2500 0.0000 0.0000
    endloop
  endfacet
  facet normal 0.000000 0.000000 1.000000
    outer loop
      vertex 80.2500 0.0000 3.0000
      vertex 99.2500 0.0000 3.0000
      vertex 99.2500 3.8000 3.0000
    endloop
  endfacet
  facet normal 0.000000 0.000000 1.000000
    outer loop
      vertex 80.2500 0.0000 3.0000
      vertex 99.2500 3.8000 3.0000
      vertex 80.2500 3.8000 3.0000
    endloop
  endfacet
  facet normal 0.000000 -1.000000 0.000000
    outer loop
      vertex 80.2500 0.0000 0.0000
      vertex 99.2500 0.0000 0.0000
      vertex 99.2500 0.0000 3.0000
    endloop
  endfacet
  facet normal 0.000000 -1.000000 0.000000
    outer loop
      vertex 80.2500 0.0000 0.0000
      vertex 99.2500 0.0000 3.0000
      vertex 80.2500 0.0000 3.0000
    endloop
  endfacet
  facet normal 0.000000 0.000000 -1.000000
    outer loop
      vertex 80.2500 3.8000 0.0000
      vertex 80.2500 7.2000 0.0000
      vertex 99.2500 7.2000 0.0000
    endloop
  endfacet
  facet normal 0.000000 0.000000 -1.000000
    outer loop
      vertex 80.2500 3.8000 0.0000
      vertex 99.2500 7.2000 0.0000
      vertex 99.2500 3.8000 0.0000
    endloop
  endfacet
  facet normal 0.000000 0.000000 1.000000
    outer loop
      vertex 80.2500 3.8000 3.0000
      vertex 99.2500 3.8000 3.0000
      vertex 99.2500 7.2000 3.0000
    endloop
  endfacet
  facet normal 0.000000 0.000000 1.000000
    outer loop
      vertex 80.2500 3.8000 3.0000
      vertex 99.2500 7.2000 3.0000
      vertex 80.2500 7.2000 3.0000
    endloop
  endfacet
  facet normal 0.000000 0.000000 -1.000000
    outer loop
      vertex 80.2500 7.2000 0.0000
      vertex 80.2500 15.8500 0.0000
      vertex 99.2500 15.8500 0.0000
    endloop
  endfacet
  facet normal 0.000000 0.000000 -1.000000
    outer loop
      vertex 80.2500 7.2000 0.0000
      vertex 99.2500 15.8500 0.0000
      vertex 99.2500 7.2000 0.0000
    endloop
  endfacet
  facet normal 0.000000 0.000000 1.000000
    outer loop
      vertex 80.2500 7.2000 3.0000
      vertex 99.2500 7.2000 3.0000
      vertex 99.2500 15.8500 3.0000
    endloop
  endfacet
  facet normal 0.000000 0.000000 1.000000
    outer loop
      vertex 80.2500 7.2000 3.0000
      vertex 99.2500 15.8500 3.0000
      vertex 80.2500 15.8500 3.0000
    endloop
  endfacet
  facet normal 0.000000 0.000000 -1.000000
    outer loop
      vertex 80.2500 15.8500 0.0000
      vertex 80.2500 19.2000 0.0000
      vertex 99.2500 19.2000 0.0000
    endloop
  endfacet
  facet normal 0.000000 0.000000 -1.000000
    outer loop
      vertex 80.2500 15.8500 0.0000
      vertex 99.2500 19.2000 0.0000
      vertex 99.2500 15.8500 0.0000
    endloop
  endfacet
  facet normal 0.000000 0.000000 1.000000
    outer loop
      vertex 80.2500 15.8500 3.0000
      vertex 99.2500 15.8500 3.0000
      vertex 99.2500 19.2000 3.0000
    endloop
  endfacet
  facet normal 0.000000 0.000000 1.000000
    outer loop
      vertex 80.2500 15.8500 3.0000
      vertex 99.2500 19.2000 3.0000
      vertex 80.2500 19.2000 3.0000
    endloop
  endfacet
  facet normal -1.000000 0.000000 0.000000
    outer loop
      vertex 80.2500 19.2000 0.0000
      vertex 80.2500 15.8500 0.0000
      vertex 80.2500 15.8500 3.0000
    endloop
  endfacet
  facet normal -1.000000 0.000000 0.000000
    outer loop
      vertex 80.2500 19.2000 0.0000
      vertex 80.2500 15.8500 3.0000
      vertex 80.2500 19.2000 3.0000
    endloop
  endfacet
  facet normal 0.000000 0.000000 -1.000000
    outer loop
      vertex 80.2500 19.2000 0.0000
      vertex 80.2500 26.7000 0.0000
      vertex 99.2500 26.7000 0.0000
    endloop
  endfacet
  facet normal 0.000000 0.000000 -1.000000
    outer loop
      vertex 80.2500 19.2000 0.0000
      vertex 99.2500 26.7000 0.0000
      vertex 99.2500 19.2000 0.0000
    endloop
  endfacet
  facet normal 0.000000 0.000000 1.000000
    outer loop
      vertex 80.2500 19.2000 3.0000
      vertex 99.2500 19.2000 3.0000
      vertex 99.2500 26.7000 3.0000
    endloop
  endfacet
  facet normal 0.000000 0.000000 1.000000
    outer loop
      vertex 80.2500 19.2000 3.0000
      vertex 99.2500 26.7000 3.0000
      vertex 80.2500 26.7000 3.0000
    endloop
  endfacet
  facet normal -1.000000 0.000000 0.000000
    outer loop
      vertex 80.2500 26.7000 0.0000
      vertex 80.2500 19.2000 0.0000
      vertex 80.2500 19.2000 3.0000
    endloop
  endfacet
  facet normal -1.000000 0.000000 0.000000
    outer loop
      vertex 80.2500 26.7000 0.0000
      vertex 80.2500 19.2000 3.0000
      vertex 80.2500 26.7000 3.0000
    endloop
  endfacet
  facet normal 1.000000 0.000000 0.000000
    outer loop
      vertex 99.2500 19.2000 0.0000
      vertex 99.2500 26.7000 0.0000
      vertex 99.2500 26.7000 3.0000
    endloop
  endfacet
  facet normal 1.000000 0.000000 0.000000
    outer loop
      vertex 99.2500 19.2000 0.0000
      vertex 99.2500 26.7000 3.0000
      vertex 99.2500 19.2000 3.0000
    endloop
  endfacet
  facet normal 0.000000 0.000000 -1.000000
    outer loop
      vertex 80.2500 26.7000 0.0000
      vertex 80.2500 30.0500 0.0000
      vertex 99.2500 30.0500 0.0000
    endloop
  endfacet
  facet normal 0.000000 0.000000 -1.000000
    outer loop
      vertex 80.2500 26.7000 0.0000
      vertex 99.2500 30.0500 0.0000
      vertex 99.2500 26.7000 0.0000
    endloop
  endfacet
  facet normal 0.000000 0.000000 1.000000
    outer loop
      vertex 80.2500 26.7000 3.0000
      vertex 99.2500 26.7000 3.0000
      vertex 99.2500 30.0500 3.0000
    endloop
  endfacet
  facet normal 0.000000 0.000000 1.000000
    outer loop
      vertex 80.2500 26.7000 3.0000
      vertex 99.2500 30.0500 3.0000
      vertex 80.2500 30.0500 3.0000
    endloop
  endfacet
  facet normal -1.000000 0.000000 0.000000
    outer loop
      vertex 80.2500 30.0500 0.0000
      vertex 80.2500 26.7000 0.0000
      vertex 80.2500 26.7000 3.0000
    endloop
  endfacet
  facet normal -1.000000 0.000000 0.000000
    outer loop
      vertex 80.2500 30.0500 0.0000
      vertex 80.2500 26.7000 3.0000
      vertex 80.2500 30.0500 3.0000
    endloop
  endfacet
  facet normal 0.000000 0.000000 -1.000000
    outer loop
      vertex 80.2500 30.0500 0.0000
      vertex 80.2500 34.9000 0.0000
      vertex 99.2500 34.9000 0.0000
    endloop
  endfacet
  facet normal 0.000000 0.000000 -1.000000
    outer loop
      vertex 80.2500 30.0500 0.0000
      vertex 99.2500 34.9000 0.0000
      vertex 99.2500 30.0500 0.0000
    endloop
  endfacet
  facet normal 0.000000 0.000000 1.000000
    outer loop
      vertex 80.2500 30.0500 3.0000
      vertex 99.2500 30.0500 3.0000
      vertex 99.2500 34.9000 3.0000
    endloop
  endfacet
  facet normal 0.000000 0.000000 1.000000
    outer loop
      vertex 80.2500 30.0500 3.0000
      vertex 99.2500 34.9000 3.0000
      vertex 80.2500 34.9000 3.0000
    endloop
  endfacet
  facet normal 0.000000 0.000000 -1.000000
    outer loop
      vertex 80.2500 34.9000 0.0000
      vertex 80.2500 35.0000 0.0000
      vertex 99.2500 35.0000 0.0000
    endloop
  endfacet
  facet normal 0.000000 0.000000 -1.000000
    outer loop
      vertex 80.2500 34.9000 0.0000
      vertex 99.2500 35.0000 0.0000
      vertex 99.2500 34.9000 0.0000
    endloop
  endfacet
  facet normal 0.000000 0.000000 1.000000
    outer loop
      vertex 80.2500 34.9000 3.0000
      vertex 99.2500 34.9000 3.0000
      vertex 99.2500 35.0000 3.0000
    endloop
  endfacet
  facet normal 0.000000 0.000000 1.000000
    outer loop
      vertex 80.2500 34.9000 3.0000
      vertex 99.2500 35.0000 3.0000
      vertex 80.2500 35.0000 3.0000
    endloop
  endfacet
  facet normal -1.000000 0.000000 0.000000
    outer loop
      vertex 80.2500 35.0000 0.0000
      vertex 80.2500 34.9000 0.0000
      vertex 80.2500 34.9000 3.0000
    endloop
  endfacet
  facet normal -1.000000 0.000000 0.000000
    outer loop
      vertex 80.2500 35.0000 0.0000
      vertex 80.2500 34.9000 3.0000
      vertex 80.2500 35.0000 3.0000
    endloop
  endfacet
  facet normal 0.000000 0.000000 -1.000000
    outer loop
      vertex 80.2500 35.0000 0.0000
      vertex 80.2500 49.0000 0.0000
      vertex 99.2500 49.0000 0.0000
    endloop
  endfacet
  facet normal 0.000000 0.000000 -1.000000
    outer loop
      vertex 80.2500 35.0000 0.0000
      vertex 99.2500 49.0000 0.0000
      vertex 99.2500 35.0000 0.0000
    endloop
  endfacet
  facet normal 0.000000 0.000000 1.000000
    outer loop
      vertex 80.2500 35.0000 3.0000
      vertex 99.2500 35.0000 3.0000
      vertex 99.2500 49.0000 3.0000
    endloop
  endfacet
  facet normal 0.000000 0.000000 1.000000
    outer loop
      vertex 80.2500 35.0000 3.0000
      vertex 99.2500 49.0000 3.0000
      vertex 80.2500 49.0000 3.0000
    endloop
  endfacet
  facet normal -1.000000 0.000000 0.000000
    outer loop
      vertex 80.2500 49.0000 0.0000
      vertex 80.2500 35.0000 0.0000
      vertex 80.2500 35.0000 3.0000
    endloop
  endfacet
  facet normal -1.000000 0.000000 0.000000
    outer loop
      vertex 80.2500 49.0000 0.0000
      vertex 80.2500 35.0000 3.0000
      vertex 80.2500 49.0000 3.0000
    endloop
  endfacet
  facet normal 0.000000 0.000000 -1.000000
    outer loop
      vertex 80.2500 49.0000 0.0000
      vertex 80.2500 49.1000 0.0000
      vertex 99.2500 49.1000 0.0000
    endloop
  endfacet
  facet normal 0.000000 0.000000 -1.000000
    outer loop
      vertex 80.2500 49.0000 0.0000
      vertex 99.2500 49.1000 0.0000
      vertex 99.2500 49.0000 0.0000
    endloop
  endfacet
  facet normal 0.000000 0.000000 1.000000
    outer loop
      vertex 80.2500 49.0000 3.0000
      vertex 99.2500 49.0000 3.0000
      vertex 99.2500 49.1000 3.0000
    endloop
  endfacet
  facet normal 0.000000 0.000000 1.000000
    outer loop
      vertex 80.2500 49.0000 3.0000
      vertex 99.2500 49.1000 3.0000
      vertex 80.2500 49.1000 3.0000
    endloop
  endfacet
  facet normal -1.000000 0.000000 0.000000
    outer loop
      vertex 80.2500 49.1000 0.0000
      vertex 80.2500 49.0000 0.0000
      vertex 80.2500 49.0000 3.0000
    endloop
  endfacet
  facet normal -1.000000 0.000000 0.000000
    outer loop
      vertex 80.2500 49.1000 0.0000
      vertex 80.2500 49.0000 3.0000
      vertex 80.2500 49.1000 3.0000
    endloop
  endfacet
  facet normal 0.000000 0.000000 -1.000000
    outer loop
      vertex 80.2500 49.1000 0.0000
      vertex 80.2500 53.9500 0.0000
      vertex 99.2500 53.9500 0.0000
    endloop
  endfacet
  facet normal 0.000000 0.000000 -1.000000
    outer loop
      vertex 80.2500 49.1000 0.0000
      vertex 99.2500 53.9500 0.0000
      vertex 99.2500 49.1000 0.0000
    endloop
  endfacet
  facet normal 0.000000 0.000000 1.000000
    outer loop
      vertex 80.2500 49.1000 3.0000
      vertex 99.2500 49.1000 3.0000
      vertex 99.2500 53.9500 3.0000
    endloop
  endfacet
  facet normal 0.000000 0.000000 1.000000
    outer loop
      vertex 80.2500 49.1000 3.0000
      vertex 99.2500 53.9500 3.0000
      vertex 80.2500 53.9500 3.0000
    endloop
  endfacet
  facet normal 0.000000 0.000000 -1.000000
    outer loop
      vertex 80.2500 53.9500 0.0000
      vertex 80.2500 57.3000 0.0000
      vertex 99.2500 57.3000 0.0000
    endloop
  endfacet
  facet normal 0.000000 0.000000 -1.000000
    outer loop
      vertex 80.2500 53.9500 0.0000
      vertex 99.2500 57.3000 0.0000
      vertex 99.2500 53.9500 0.0000
    endloop
  endfacet
  facet normal 0.000000 0.000000 1.000000
    outer loop
      vertex 80.2500 53.9500 3.0000
      vertex 99.2500 53.9500 3.0000
      vertex 99.2500 57.3000 3.0000
    endloop
  endfacet
  facet normal 0.000000 0.000000 1.000000
    outer loop
      vertex 80.2500 53.9500 3.0000
      vertex 99.2500 57.3000 3.0000
      vertex 80.2500 57.3000 3.0000
    endloop
  endfacet
  facet normal -1.000000 0.000000 0.000000
    outer loop
      vertex 80.2500 57.3000 0.0000
      vertex 80.2500 53.9500 0.0000
      vertex 80.2500 53.9500 3.0000
    endloop
  endfacet
  facet normal -1.000000 0.000000 0.000000
    outer loop
      vertex 80.2500 57.3000 0.0000
      vertex 80.2500 53.9500 3.0000
      vertex 80.2500 57.3000 3.0000
    endloop
  endfacet
  facet normal 0.000000 0.000000 -1.000000
    outer loop
      vertex 80.2500 57.3000 0.0000
      vertex 80.2500 64.8000 0.0000
      vertex 99.2500 64.8000 0.0000
    endloop
  endfacet
  facet normal 0.000000 0.000000 -1.000000
    outer loop
      vertex 80.2500 57.3000 0.0000
      vertex 99.2500 64.8000 0.0000
      vertex 99.2500 57.3000 0.0000
    endloop
  endfacet
  facet normal 0.000000 0.000000 1.000000
    outer loop
      vertex 80.2500 57.3000 3.0000
      vertex 99.2500 57.3000 3.0000
      vertex 99.2500 64.8000 3.0000
    endloop
  endfacet
  facet normal 0.000000 0.000000 1.000000
    outer loop
      vertex 80.2500 57.3000 3.0000
      vertex 99.2500 64.8000 3.0000
      vertex 80.2500 64.8000 3.0000
    endloop
  endfacet
  facet normal -1.000000 0.000000 0.000000
    outer loop
      vertex 80.2500 64.8000 0.0000
      vertex 80.2500 57.3000 0.0000
      vertex 80.2500 57.3000 3.0000
    endloop
  endfacet
  facet normal -1.000000 0.000000 0.000000
    outer loop
      vertex 80.2500 64.8000 0.0000
      vertex 80.2500 57.3000 3.0000
      vertex 80.2500 64.8000 3.0000
    endloop
  endfacet
  facet normal 1.000000 0.000000 0.000000
    outer loop
      vertex 99.2500 57.3000 0.0000
      vertex 99.2500 64.8000 0.0000
      vertex 99.2500 64.8000 3.0000
    endloop
  endfacet
  facet normal 1.000000 0.000000 0.000000
    outer loop
      vertex 99.2500 57.3000 0.0000
      vertex 99.2500 64.8000 3.0000
      vertex 99.2500 57.3000 3.0000
    endloop
  endfacet
  facet normal 0.000000 0.000000 -1.000000
    outer loop
      vertex 80.2500 64.8000 0.0000
      vertex 80.2500 68.1500 0.0000
      vertex 99.2500 68.1500 0.0000
    endloop
  endfacet
  facet normal 0.000000 0.000000 -1.000000
    outer loop
      vertex 80.2500 64.8000 0.0000
      vertex 99.2500 68.1500 0.0000
      vertex 99.2500 64.8000 0.0000
    endloop
  endfacet
  facet normal 0.000000 0.000000 1.000000
    outer loop
      vertex 80.2500 64.8000 3.0000
      vertex 99.2500 64.8000 3.0000
      vertex 99.2500 68.1500 3.0000
    endloop
  endfacet
  facet normal 0.000000 0.000000 1.000000
    outer loop
      vertex 80.2500 64.8000 3.0000
      vertex 99.2500 68.1500 3.0000
      vertex 80.2500 68.1500 3.0000
    endloop
  endfacet
  facet normal -1.000000 0.000000 0.000000
    outer loop
      vertex 80.2500 68.1500 0.0000
      vertex 80.2500 64.8000 0.0000
      vertex 80.2500 64.8000 3.0000
    endloop
  endfacet
  facet normal -1.000000 0.000000 0.000000
    outer loop
      vertex 80.2500 68.1500 0.0000
      vertex 80.2500 64.8000 3.0000
      vertex 80.2500 68.1500 3.0000
    endloop
  endfacet
  facet normal 0.000000 0.000000 -1.000000
    outer loop
      vertex 80.2500 68.1500 0.0000
      vertex 80.2500 76.8000 0.0000
      vertex 99.2500 76.8000 0.0000
    endloop
  endfacet
  facet normal 0.000000 0.000000 -1.000000
    outer loop
      vertex 80.2500 68.1500 0.0000
      vertex 99.2500 76.8000 0.0000
      vertex 99.2500 68.1500 0.0000
    endloop
  endfacet
  facet normal 0.000000 0.000000 1.000000
    outer loop
      vertex 80.2500 68.1500 3.0000
      vertex 99.2500 68.1500 3.0000
      vertex 99.2500 76.8000 3.0000
    endloop
  endfacet
  facet normal 0.000000 0.000000 1.000000
    outer loop
      vertex 80.2500 68.1500 3.0000
      vertex 99.2500 76.8000 3.0000
      vertex 80.2500 76.8000 3.0000
    endloop
  endfacet
  facet normal 0.000000 0.000000 -1.000000
    outer loop
      vertex 80.2500 76.8000 0.0000
      vertex 80.2500 80.2000 0.0000
      vertex 99.2500 80.2000 0.0000
    endloop
  endfacet
  facet normal 0.000000 0.000000 -1.000000
    outer loop
      vertex 80.2500 76.8000 0.0000
      vertex 99.2500 80.2000 0.0000
      vertex 99.2500 76.8000 0.0000
    endloop
  endfacet
  facet normal 0.000000 0.000000 1.000000
    outer loop
      vertex 80.2500 76.8000 3.0000
      vertex 99.2500 76.8000 3.0000
      vertex 99.2500 80.2000 3.0000
    endloop
  endfacet
  facet normal 0.000000 0.000000 1.000000
    outer loop
      vertex 80.2500 76.8000 3.0000
      vertex 99.2500 80.2000 3.0000
      vertex 80.2500 80.2000 3.0000
    endloop
  endfacet
  facet normal 0.000000 0.000000 -1.000000
    outer loop
      vertex 80.2500 80.2000 0.0000
      vertex 80.2500 84.0000 0.0000
      vertex 99.2500 84.0000 0.0000
    endloop
  endfacet
  facet normal 0.000000 0.000000 -1.000000
    outer loop
      vertex 80.2500 80.2000 0.0000
      vertex 99.2500 84.0000 0.0000
      vertex 99.2500 80.2000 0.0000
    endloop
  endfacet
  facet normal 0.000000 0.000000 1.000000
    outer loop
      vertex 80.2500 80.2000 3.0000
      vertex 99.2500 80.2000 3.0000
      vertex 99.2500 84.0000 3.0000
    endloop
  endfacet
  facet normal 0.000000 0.000000 1.000000
    outer loop
      vertex 80.2500 80.2000 3.0000
      vertex 99.2500 84.0000 3.0000
      vertex 80.2500 84.0000 3.0000
    endloop
  endfacet
  facet normal 0.000000 1.000000 0.000000
    outer loop
      vertex 99.2500 84.0000 0.0000
      vertex 80.2500 84.0000 0.0000
      vertex 80.2500 84.0000 3.0000
    endloop
  endfacet
  facet normal 0.000000 1.000000 -0.000000
    outer loop
      vertex 99.2500 84.0000 0.0000
      vertex 80.2500 84.0000 3.0000
      vertex 99.2500 84.0000 3.0000
    endloop
  endfacet
  facet normal 0.000000 0.000000 -1.000000
    outer loop
      vertex 99.2500 0.0000 0.0000
      vertex 99.2500 3.8000 0.0000
      vertex 104.5000 3.8000 0.0000
    endloop
  endfacet
  facet normal 0.000000 0.000000 -1.000000
    outer loop
      vertex 99.2500 0.0000 0.0000
      vertex 104.5000 3.8000 0.0000
      vertex 104.5000 0.0000 0.0000
    endloop
  endfacet
  facet normal 0.000000 0.000000 1.000000
    outer loop
      vertex 99.2500 0.0000 3.0000
      vertex 104.5000 0.0000 3.0000
      vertex 104.5000 3.8000 3.0000
    endloop
  endfacet
  facet normal 0.000000 0.000000 1.000000
    outer loop
      vertex 99.2500 0.0000 3.0000
      vertex 104.5000 3.8000 3.0000
      vertex 99.2500 3.8000 3.0000
    endloop
  endfacet
  facet normal 0.000000 -1.000000 0.000000
    outer loop
      vertex 99.2500 0.0000 0.0000
      vertex 104.5000 0.0000 0.0000
      vertex 104.5000 0.0000 3.0000
    endloop
  endfacet
  facet normal 0.000000 -1.000000 0.000000
    outer loop
      vertex 99.2500 0.0000 0.0000
      vertex 104.5000 0.0000 3.0000
      vertex 99.2500 0.0000 3.0000
    endloop
  endfacet
  facet normal 0.000000 0.000000 -1.000000
    outer loop
      vertex 99.2500 3.8000 0.0000
      vertex 99.2500 7.2000 0.0000
      vertex 104.5000 7.2000 0.0000
    endloop
  endfacet
  facet normal 0.000000 0.000000 -1.000000
    outer loop
      vertex 99.2500 3.8000 0.0000
      vertex 104.5000 7.2000 0.0000
      vertex 104.5000 3.8000 0.0000
    endloop
  endfacet
  facet normal 0.000000 0.000000 1.000000
    outer loop
      vertex 99.2500 3.8000 3.0000
      vertex 104.5000 3.8000 3.0000
      vertex 104.5000 7.2000 3.0000
    endloop
  endfacet
  facet normal 0.000000 0.000000 1.000000
    outer loop
      vertex 99.2500 3.8000 3.0000
      vertex 104.5000 7.2000 3.0000
      vertex 99.2500 7.2000 3.0000
    endloop
  endfacet
  facet normal 0.000000 0.000000 -1.000000
    outer loop
      vertex 99.2500 7.2000 0.0000
      vertex 99.2500 15.8500 0.0000
      vertex 104.5000 15.8500 0.0000
    endloop
  endfacet
  facet normal 0.000000 0.000000 -1.000000
    outer loop
      vertex 99.2500 7.2000 0.0000
      vertex 104.5000 15.8500 0.0000
      vertex 104.5000 7.2000 0.0000
    endloop
  endfacet
  facet normal 0.000000 0.000000 1.000000
    outer loop
      vertex 99.2500 7.2000 3.0000
      vertex 104.5000 7.2000 3.0000
      vertex 104.5000 15.8500 3.0000
    endloop
  endfacet
  facet normal 0.000000 0.000000 1.000000
    outer loop
      vertex 99.2500 7.2000 3.0000
      vertex 104.5000 15.8500 3.0000
      vertex 99.2500 15.8500 3.0000
    endloop
  endfacet
  facet normal 0.000000 0.000000 -1.000000
    outer loop
      vertex 99.2500 15.8500 0.0000
      vertex 99.2500 19.2000 0.0000
      vertex 104.5000 19.2000 0.0000
    endloop
  endfacet
  facet normal 0.000000 0.000000 -1.000000
    outer loop
      vertex 99.2500 15.8500 0.0000
      vertex 104.5000 19.2000 0.0000
      vertex 104.5000 15.8500 0.0000
    endloop
  endfacet
  facet normal 0.000000 0.000000 1.000000
    outer loop
      vertex 99.2500 15.8500 3.0000
      vertex 104.5000 15.8500 3.0000
      vertex 104.5000 19.2000 3.0000
    endloop
  endfacet
  facet normal 0.000000 0.000000 1.000000
    outer loop
      vertex 99.2500 15.8500 3.0000
      vertex 104.5000 19.2000 3.0000
      vertex 99.2500 19.2000 3.0000
    endloop
  endfacet
  facet normal 0.000000 1.000000 0.000000
    outer loop
      vertex 104.5000 19.2000 0.0000
      vertex 99.2500 19.2000 0.0000
      vertex 99.2500 19.2000 3.0000
    endloop
  endfacet
  facet normal 0.000000 1.000000 -0.000000
    outer loop
      vertex 104.5000 19.2000 0.0000
      vertex 99.2500 19.2000 3.0000
      vertex 104.5000 19.2000 3.0000
    endloop
  endfacet
  facet normal 0.000000 0.000000 -1.000000
    outer loop
      vertex 99.2500 26.7000 0.0000
      vertex 99.2500 30.0500 0.0000
      vertex 104.5000 30.0500 0.0000
    endloop
  endfacet
  facet normal 0.000000 0.000000 -1.000000
    outer loop
      vertex 99.2500 26.7000 0.0000
      vertex 104.5000 30.0500 0.0000
      vertex 104.5000 26.7000 0.0000
    endloop
  endfacet
  facet normal 0.000000 0.000000 1.000000
    outer loop
      vertex 99.2500 26.7000 3.0000
      vertex 104.5000 26.7000 3.0000
      vertex 104.5000 30.0500 3.0000
    endloop
  endfacet
  facet normal 0.000000 0.000000 1.000000
    outer loop
      vertex 99.2500 26.7000 3.0000
      vertex 104.5000 30.0500 3.0000
      vertex 99.2500 30.0500 3.0000
    endloop
  endfacet
  facet normal 0.000000 -1.000000 0.000000
    outer loop
      vertex 99.2500 26.7000 0.0000
      vertex 104.5000 26.7000 0.0000
      vertex 104.5000 26.7000 3.0000
    endloop
  endfacet
  facet normal 0.000000 -1.000000 0.000000
    outer loop
      vertex 99.2500 26.7000 0.0000
      vertex 104.5000 26.7000 3.0000
      vertex 99.2500 26.7000 3.0000
    endloop
  endfacet
  facet normal 0.000000 0.000000 -1.000000
    outer loop
      vertex 99.2500 30.0500 0.0000
      vertex 99.2500 34.9000 0.0000
      vertex 104.5000 34.9000 0.0000
    endloop
  endfacet
  facet normal 0.000000 0.000000 -1.000000
    outer loop
      vertex 99.2500 30.0500 0.0000
      vertex 104.5000 34.9000 0.0000
      vertex 104.5000 30.0500 0.0000
    endloop
  endfacet
  facet normal 0.000000 0.000000 1.000000
    outer loop
      vertex 99.2500 30.0500 3.0000
      vertex 104.5000 30.0500 3.0000
      vertex 104.5000 34.9000 3.0000
    endloop
  endfacet
  facet normal 0.000000 0.000000 1.000000
    outer loop
      vertex 99.2500 30.0500 3.0000
      vertex 104.5000 34.9000 3.0000
      vertex 99.2500 34.9000 3.0000
    endloop
  endfacet
  facet normal 0.000000 0.000000 -1.000000
    outer loop
      vertex 99.2500 34.9000 0.0000
      vertex 99.2500 35.0000 0.0000
      vertex 104.5000 35.0000 0.0000
    endloop
  endfacet
  facet normal 0.000000 0.000000 -1.000000
    outer loop
      vertex 99.2500 34.9000 0.0000
      vertex 104.5000 35.0000 0.0000
      vertex 104.5000 34.9000 0.0000
    endloop
  endfacet
  facet normal 0.000000 0.000000 1.000000
    outer loop
      vertex 99.2500 34.9000 3.0000
      vertex 104.5000 34.9000 3.0000
      vertex 104.5000 35.0000 3.0000
    endloop
  endfacet
  facet normal 0.000000 0.000000 1.000000
    outer loop
      vertex 99.2500 34.9000 3.0000
      vertex 104.5000 35.0000 3.0000
      vertex 99.2500 35.0000 3.0000
    endloop
  endfacet
  facet normal 0.000000 0.000000 -1.000000
    outer loop
      vertex 99.2500 35.0000 0.0000
      vertex 99.2500 49.0000 0.0000
      vertex 104.5000 49.0000 0.0000
    endloop
  endfacet
  facet normal 0.000000 0.000000 -1.000000
    outer loop
      vertex 99.2500 35.0000 0.0000
      vertex 104.5000 49.0000 0.0000
      vertex 104.5000 35.0000 0.0000
    endloop
  endfacet
  facet normal 0.000000 0.000000 1.000000
    outer loop
      vertex 99.2500 35.0000 3.0000
      vertex 104.5000 35.0000 3.0000
      vertex 104.5000 49.0000 3.0000
    endloop
  endfacet
  facet normal 0.000000 0.000000 1.000000
    outer loop
      vertex 99.2500 35.0000 3.0000
      vertex 104.5000 49.0000 3.0000
      vertex 99.2500 49.0000 3.0000
    endloop
  endfacet
  facet normal 1.000000 0.000000 0.000000
    outer loop
      vertex 104.5000 35.0000 0.0000
      vertex 104.5000 49.0000 0.0000
      vertex 104.5000 49.0000 3.0000
    endloop
  endfacet
  facet normal 1.000000 0.000000 0.000000
    outer loop
      vertex 104.5000 35.0000 0.0000
      vertex 104.5000 49.0000 3.0000
      vertex 104.5000 35.0000 3.0000
    endloop
  endfacet
  facet normal 0.000000 0.000000 -1.000000
    outer loop
      vertex 99.2500 49.0000 0.0000
      vertex 99.2500 49.1000 0.0000
      vertex 104.5000 49.1000 0.0000
    endloop
  endfacet
  facet normal 0.000000 0.000000 -1.000000
    outer loop
      vertex 99.2500 49.0000 0.0000
      vertex 104.5000 49.1000 0.0000
      vertex 104.5000 49.0000 0.0000
    endloop
  endfacet
  facet normal 0.000000 0.000000 1.000000
    outer loop
      vertex 99.2500 49.0000 3.0000
      vertex 104.5000 49.0000 3.0000
      vertex 104.5000 49.1000 3.0000
    endloop
  endfacet
  facet normal 0.000000 0.000000 1.000000
    outer loop
      vertex 99.2500 49.0000 3.0000
      vertex 104.5000 49.1000 3.0000
      vertex 99.2500 49.1000 3.0000
    endloop
  endfacet
  facet normal 0.000000 0.000000 -1.000000
    outer loop
      vertex 99.2500 49.1000 0.0000
      vertex 99.2500 53.9500 0.0000
      vertex 104.5000 53.9500 0.0000
    endloop
  endfacet
  facet normal 0.000000 0.000000 -1.000000
    outer loop
      vertex 99.2500 49.1000 0.0000
      vertex 104.5000 53.9500 0.0000
      vertex 104.5000 49.1000 0.0000
    endloop
  endfacet
  facet normal 0.000000 0.000000 1.000000
    outer loop
      vertex 99.2500 49.1000 3.0000
      vertex 104.5000 49.1000 3.0000
      vertex 104.5000 53.9500 3.0000
    endloop
  endfacet
  facet normal 0.000000 0.000000 1.000000
    outer loop
      vertex 99.2500 49.1000 3.0000
      vertex 104.5000 53.9500 3.0000
      vertex 99.2500 53.9500 3.0000
    endloop
  endfacet
  facet normal 0.000000 0.000000 -1.000000
    outer loop
      vertex 99.2500 53.9500 0.0000
      vertex 99.2500 57.3000 0.0000
      vertex 104.5000 57.3000 0.0000
    endloop
  endfacet
  facet normal 0.000000 0.000000 -1.000000
    outer loop
      vertex 99.2500 53.9500 0.0000
      vertex 104.5000 57.3000 0.0000
      vertex 104.5000 53.9500 0.0000
    endloop
  endfacet
  facet normal 0.000000 0.000000 1.000000
    outer loop
      vertex 99.2500 53.9500 3.0000
      vertex 104.5000 53.9500 3.0000
      vertex 104.5000 57.3000 3.0000
    endloop
  endfacet
  facet normal 0.000000 0.000000 1.000000
    outer loop
      vertex 99.2500 53.9500 3.0000
      vertex 104.5000 57.3000 3.0000
      vertex 99.2500 57.3000 3.0000
    endloop
  endfacet
  facet normal 0.000000 1.000000 0.000000
    outer loop
      vertex 104.5000 57.3000 0.0000
      vertex 99.2500 57.3000 0.0000
      vertex 99.2500 57.3000 3.0000
    endloop
  endfacet
  facet normal 0.000000 1.000000 -0.000000
    outer loop
      vertex 104.5000 57.3000 0.0000
      vertex 99.2500 57.3000 3.0000
      vertex 104.5000 57.3000 3.0000
    endloop
  endfacet
  facet normal 0.000000 0.000000 -1.000000
    outer loop
      vertex 99.2500 64.8000 0.0000
      vertex 99.2500 68.1500 0.0000
      vertex 104.5000 68.1500 0.0000
    endloop
  endfacet
  facet normal 0.000000 0.000000 -1.000000
    outer loop
      vertex 99.2500 64.8000 0.0000
      vertex 104.5000 68.1500 0.0000
      vertex 104.5000 64.8000 0.0000
    endloop
  endfacet
  facet normal 0.000000 0.000000 1.000000
    outer loop
      vertex 99.2500 64.8000 3.0000
      vertex 104.5000 64.8000 3.0000
      vertex 104.5000 68.1500 3.0000
    endloop
  endfacet
  facet normal 0.000000 0.000000 1.000000
    outer loop
      vertex 99.2500 64.8000 3.0000
      vertex 104.5000 68.1500 3.0000
      vertex 99.2500 68.1500 3.0000
    endloop
  endfacet
  facet normal 0.000000 -1.000000 0.000000
    outer loop
      vertex 99.2500 64.8000 0.0000
      vertex 104.5000 64.8000 0.0000
      vertex 104.5000 64.8000 3.0000
    endloop
  endfacet
  facet normal 0.000000 -1.000000 0.000000
    outer loop
      vertex 99.2500 64.8000 0.0000
      vertex 104.5000 64.8000 3.0000
      vertex 99.2500 64.8000 3.0000
    endloop
  endfacet
  facet normal 0.000000 0.000000 -1.000000
    outer loop
      vertex 99.2500 68.1500 0.0000
      vertex 99.2500 76.8000 0.0000
      vertex 104.5000 76.8000 0.0000
    endloop
  endfacet
  facet normal 0.000000 0.000000 -1.000000
    outer loop
      vertex 99.2500 68.1500 0.0000
      vertex 104.5000 76.8000 0.0000
      vertex 104.5000 68.1500 0.0000
    endloop
  endfacet
  facet normal 0.000000 0.000000 1.000000
    outer loop
      vertex 99.2500 68.1500 3.0000
      vertex 104.5000 68.1500 3.0000
      vertex 104.5000 76.8000 3.0000
    endloop
  endfacet
  facet normal 0.000000 0.000000 1.000000
    outer loop
      vertex 99.2500 68.1500 3.0000
      vertex 104.5000 76.8000 3.0000
      vertex 99.2500 76.8000 3.0000
    endloop
  endfacet
  facet normal 0.000000 0.000000 -1.000000
    outer loop
      vertex 99.2500 76.8000 0.0000
      vertex 99.2500 80.2000 0.0000
      vertex 104.5000 80.2000 0.0000
    endloop
  endfacet
  facet normal 0.000000 0.000000 -1.000000
    outer loop
      vertex 99.2500 76.8000 0.0000
      vertex 104.5000 80.2000 0.0000
      vertex 104.5000 76.8000 0.0000
    endloop
  endfacet
  facet normal 0.000000 0.000000 1.000000
    outer loop
      vertex 99.2500 76.8000 3.0000
      vertex 104.5000 76.8000 3.0000
      vertex 104.5000 80.2000 3.0000
    endloop
  endfacet
  facet normal 0.000000 0.000000 1.000000
    outer loop
      vertex 99.2500 76.8000 3.0000
      vertex 104.5000 80.2000 3.0000
      vertex 99.2500 80.2000 3.0000
    endloop
  endfacet
  facet normal 0.000000 0.000000 -1.000000
    outer loop
      vertex 99.2500 80.2000 0.0000
      vertex 99.2500 84.0000 0.0000
      vertex 104.5000 84.0000 0.0000
    endloop
  endfacet
  facet normal 0.000000 0.000000 -1.000000
    outer loop
      vertex 99.2500 80.2000 0.0000
      vertex 104.5000 84.0000 0.0000
      vertex 104.5000 80.2000 0.0000
    endloop
  endfacet
  facet normal 0.000000 0.000000 1.000000
    outer loop
      vertex 99.2500 80.2000 3.0000
      vertex 104.5000 80.2000 3.0000
      vertex 104.5000 84.0000 3.0000
    endloop
  endfacet
  facet normal 0.000000 0.000000 1.000000
    outer loop
      vertex 99.2500 80.2000 3.0000
      vertex 104.5000 84.0000 3.0000
      vertex 99.2500 84.0000 3.0000
    endloop
  endfacet
  facet normal 0.000000 1.000000 0.000000
    outer loop
      vertex 104.5000 84.0000 0.0000
      vertex 99.2500 84.0000 0.0000
      vertex 99.2500 84.0000 3.0000
    endloop
  endfacet
  facet normal 0.000000 1.000000 -0.000000
    outer loop
      vertex 104.5000 84.0000 0.0000
      vertex 99.2500 84.0000 3.0000
      vertex 104.5000 84.0000 3.0000
    endloop
  endfacet
  facet normal 0.000000 0.000000 -1.000000
    outer loop
      vertex 104.5000 0.0000 0.0000
      vertex 104.5000 3.8000 0.0000
      vertex 106.7500 3.8000 0.0000
    endloop
  endfacet
  facet normal 0.000000 0.000000 -1.000000
    outer loop
      vertex 104.5000 0.0000 0.0000
      vertex 106.7500 3.8000 0.0000
      vertex 106.7500 0.0000 0.0000
    endloop
  endfacet
  facet normal 0.000000 0.000000 1.000000
    outer loop
      vertex 104.5000 0.0000 3.0000
      vertex 106.7500 0.0000 3.0000
      vertex 106.7500 3.8000 3.0000
    endloop
  endfacet
  facet normal 0.000000 0.000000 1.000000
    outer loop
      vertex 104.5000 0.0000 3.0000
      vertex 106.7500 3.8000 3.0000
      vertex 104.5000 3.8000 3.0000
    endloop
  endfacet
  facet normal 0.000000 -1.000000 0.000000
    outer loop
      vertex 104.5000 0.0000 0.0000
      vertex 106.7500 0.0000 0.0000
      vertex 106.7500 0.0000 3.0000
    endloop
  endfacet
  facet normal 0.000000 -1.000000 0.000000
    outer loop
      vertex 104.5000 0.0000 0.0000
      vertex 106.7500 0.0000 3.0000
      vertex 104.5000 0.0000 3.0000
    endloop
  endfacet
  facet normal 0.000000 0.000000 -1.000000
    outer loop
      vertex 104.5000 3.8000 0.0000
      vertex 104.5000 7.2000 0.0000
      vertex 106.7500 7.2000 0.0000
    endloop
  endfacet
  facet normal 0.000000 0.000000 -1.000000
    outer loop
      vertex 104.5000 3.8000 0.0000
      vertex 106.7500 7.2000 0.0000
      vertex 106.7500 3.8000 0.0000
    endloop
  endfacet
  facet normal 0.000000 0.000000 1.000000
    outer loop
      vertex 104.5000 3.8000 3.0000
      vertex 106.7500 3.8000 3.0000
      vertex 106.7500 7.2000 3.0000
    endloop
  endfacet
  facet normal 0.000000 0.000000 1.000000
    outer loop
      vertex 104.5000 3.8000 3.0000
      vertex 106.7500 7.2000 3.0000
      vertex 104.5000 7.2000 3.0000
    endloop
  endfacet
  facet normal 0.000000 0.000000 -1.000000
    outer loop
      vertex 104.5000 7.2000 0.0000
      vertex 104.5000 15.8500 0.0000
      vertex 106.7500 15.8500 0.0000
    endloop
  endfacet
  facet normal 0.000000 0.000000 -1.000000
    outer loop
      vertex 104.5000 7.2000 0.0000
      vertex 106.7500 15.8500 0.0000
      vertex 106.7500 7.2000 0.0000
    endloop
  endfacet
  facet normal 0.000000 0.000000 1.000000
    outer loop
      vertex 104.5000 7.2000 3.0000
      vertex 106.7500 7.2000 3.0000
      vertex 106.7500 15.8500 3.0000
    endloop
  endfacet
  facet normal 0.000000 0.000000 1.000000
    outer loop
      vertex 104.5000 7.2000 3.0000
      vertex 106.7500 15.8500 3.0000
      vertex 104.5000 15.8500 3.0000
    endloop
  endfacet
  facet normal 0.000000 0.000000 -1.000000
    outer loop
      vertex 104.5000 15.8500 0.0000
      vertex 104.5000 19.2000 0.0000
      vertex 106.7500 19.2000 0.0000
    endloop
  endfacet
  facet normal 0.000000 0.000000 -1.000000
    outer loop
      vertex 104.5000 15.8500 0.0000
      vertex 106.7500 19.2000 0.0000
      vertex 106.7500 15.8500 0.0000
    endloop
  endfacet
  facet normal 0.000000 0.000000 1.000000
    outer loop
      vertex 104.5000 15.8500 3.0000
      vertex 106.7500 15.8500 3.0000
      vertex 106.7500 19.2000 3.0000
    endloop
  endfacet
  facet normal 0.000000 0.000000 1.000000
    outer loop
      vertex 104.5000 15.8500 3.0000
      vertex 106.7500 19.2000 3.0000
      vertex 104.5000 19.2000 3.0000
    endloop
  endfacet
  facet normal 0.000000 1.000000 0.000000
    outer loop
      vertex 106.7500 19.2000 0.0000
      vertex 104.5000 19.2000 0.0000
      vertex 104.5000 19.2000 3.0000
    endloop
  endfacet
  facet normal 0.000000 1.000000 -0.000000
    outer loop
      vertex 106.7500 19.2000 0.0000
      vertex 104.5000 19.2000 3.0000
      vertex 106.7500 19.2000 3.0000
    endloop
  endfacet
  facet normal 0.000000 0.000000 -1.000000
    outer loop
      vertex 104.5000 26.7000 0.0000
      vertex 104.5000 30.0500 0.0000
      vertex 106.7500 30.0500 0.0000
    endloop
  endfacet
  facet normal 0.000000 0.000000 -1.000000
    outer loop
      vertex 104.5000 26.7000 0.0000
      vertex 106.7500 30.0500 0.0000
      vertex 106.7500 26.7000 0.0000
    endloop
  endfacet
  facet normal 0.000000 0.000000 1.000000
    outer loop
      vertex 104.5000 26.7000 3.0000
      vertex 106.7500 26.7000 3.0000
      vertex 106.7500 30.0500 3.0000
    endloop
  endfacet
  facet normal 0.000000 0.000000 1.000000
    outer loop
      vertex 104.5000 26.7000 3.0000
      vertex 106.7500 30.0500 3.0000
      vertex 104.5000 30.0500 3.0000
    endloop
  endfacet
  facet normal 0.000000 -1.000000 0.000000
    outer loop
      vertex 104.5000 26.7000 0.0000
      vertex 106.7500 26.7000 0.0000
      vertex 106.7500 26.7000 3.0000
    endloop
  endfacet
  facet normal 0.000000 -1.000000 0.000000
    outer loop
      vertex 104.5000 26.7000 0.0000
      vertex 106.7500 26.7000 3.0000
      vertex 104.5000 26.7000 3.0000
    endloop
  endfacet
  facet normal 0.000000 0.000000 -1.000000
    outer loop
      vertex 104.5000 30.0500 0.0000
      vertex 104.5000 34.9000 0.0000
      vertex 106.7500 34.9000 0.0000
    endloop
  endfacet
  facet normal 0.000000 0.000000 -1.000000
    outer loop
      vertex 104.5000 30.0500 0.0000
      vertex 106.7500 34.9000 0.0000
      vertex 106.7500 30.0500 0.0000
    endloop
  endfacet
  facet normal 0.000000 0.000000 1.000000
    outer loop
      vertex 104.5000 30.0500 3.0000
      vertex 106.7500 30.0500 3.0000
      vertex 106.7500 34.9000 3.0000
    endloop
  endfacet
  facet normal 0.000000 0.000000 1.000000
    outer loop
      vertex 104.5000 30.0500 3.0000
      vertex 106.7500 34.9000 3.0000
      vertex 104.5000 34.9000 3.0000
    endloop
  endfacet
  facet normal 0.000000 0.000000 -1.000000
    outer loop
      vertex 104.5000 34.9000 0.0000
      vertex 104.5000 35.0000 0.0000
      vertex 106.7500 35.0000 0.0000
    endloop
  endfacet
  facet normal 0.000000 0.000000 -1.000000
    outer loop
      vertex 104.5000 34.9000 0.0000
      vertex 106.7500 35.0000 0.0000
      vertex 106.7500 34.9000 0.0000
    endloop
  endfacet
  facet normal 0.000000 0.000000 1.000000
    outer loop
      vertex 104.5000 34.9000 3.0000
      vertex 106.7500 34.9000 3.0000
      vertex 106.7500 35.0000 3.0000
    endloop
  endfacet
  facet normal 0.000000 0.000000 1.000000
    outer loop
      vertex 104.5000 34.9000 3.0000
      vertex 106.7500 35.0000 3.0000
      vertex 104.5000 35.0000 3.0000
    endloop
  endfacet
  facet normal 0.000000 1.000000 0.000000
    outer loop
      vertex 106.7500 35.0000 0.0000
      vertex 104.5000 35.0000 0.0000
      vertex 104.5000 35.0000 3.0000
    endloop
  endfacet
  facet normal 0.000000 1.000000 -0.000000
    outer loop
      vertex 106.7500 35.0000 0.0000
      vertex 104.5000 35.0000 3.0000
      vertex 106.7500 35.0000 3.0000
    endloop
  endfacet
  facet normal 0.000000 0.000000 -1.000000
    outer loop
      vertex 104.5000 49.0000 0.0000
      vertex 104.5000 49.1000 0.0000
      vertex 106.7500 49.1000 0.0000
    endloop
  endfacet
  facet normal 0.000000 0.000000 -1.000000
    outer loop
      vertex 104.5000 49.0000 0.0000
      vertex 106.7500 49.1000 0.0000
      vertex 106.7500 49.0000 0.0000
    endloop
  endfacet
  facet normal 0.000000 0.000000 1.000000
    outer loop
      vertex 104.5000 49.0000 3.0000
      vertex 106.7500 49.0000 3.0000
      vertex 106.7500 49.1000 3.0000
    endloop
  endfacet
  facet normal 0.000000 0.000000 1.000000
    outer loop
      vertex 104.5000 49.0000 3.0000
      vertex 106.7500 49.1000 3.0000
      vertex 104.5000 49.1000 3.0000
    endloop
  endfacet
  facet normal 0.000000 -1.000000 0.000000
    outer loop
      vertex 104.5000 49.0000 0.0000
      vertex 106.7500 49.0000 0.0000
      vertex 106.7500 49.0000 3.0000
    endloop
  endfacet
  facet normal 0.000000 -1.000000 0.000000
    outer loop
      vertex 104.5000 49.0000 0.0000
      vertex 106.7500 49.0000 3.0000
      vertex 104.5000 49.0000 3.0000
    endloop
  endfacet
  facet normal 0.000000 0.000000 -1.000000
    outer loop
      vertex 104.5000 49.1000 0.0000
      vertex 104.5000 53.9500 0.0000
      vertex 106.7500 53.9500 0.0000
    endloop
  endfacet
  facet normal 0.000000 0.000000 -1.000000
    outer loop
      vertex 104.5000 49.1000 0.0000
      vertex 106.7500 53.9500 0.0000
      vertex 106.7500 49.1000 0.0000
    endloop
  endfacet
  facet normal 0.000000 0.000000 1.000000
    outer loop
      vertex 104.5000 49.1000 3.0000
      vertex 106.7500 49.1000 3.0000
      vertex 106.7500 53.9500 3.0000
    endloop
  endfacet
  facet normal 0.000000 0.000000 1.000000
    outer loop
      vertex 104.5000 49.1000 3.0000
      vertex 106.7500 53.9500 3.0000
      vertex 104.5000 53.9500 3.0000
    endloop
  endfacet
  facet normal 0.000000 0.000000 -1.000000
    outer loop
      vertex 104.5000 53.9500 0.0000
      vertex 104.5000 57.3000 0.0000
      vertex 106.7500 57.3000 0.0000
    endloop
  endfacet
  facet normal 0.000000 0.000000 -1.000000
    outer loop
      vertex 104.5000 53.9500 0.0000
      vertex 106.7500 57.3000 0.0000
      vertex 106.7500 53.9500 0.0000
    endloop
  endfacet
  facet normal 0.000000 0.000000 1.000000
    outer loop
      vertex 104.5000 53.9500 3.0000
      vertex 106.7500 53.9500 3.0000
      vertex 106.7500 57.3000 3.0000
    endloop
  endfacet
  facet normal 0.000000 0.000000 1.000000
    outer loop
      vertex 104.5000 53.9500 3.0000
      vertex 106.7500 57.3000 3.0000
      vertex 104.5000 57.3000 3.0000
    endloop
  endfacet
  facet normal 0.000000 1.000000 0.000000
    outer loop
      vertex 106.7500 57.3000 0.0000
      vertex 104.5000 57.3000 0.0000
      vertex 104.5000 57.3000 3.0000
    endloop
  endfacet
  facet normal 0.000000 1.000000 -0.000000
    outer loop
      vertex 106.7500 57.3000 0.0000
      vertex 104.5000 57.3000 3.0000
      vertex 106.7500 57.3000 3.0000
    endloop
  endfacet
  facet normal 0.000000 0.000000 -1.000000
    outer loop
      vertex 104.5000 64.8000 0.0000
      vertex 104.5000 68.1500 0.0000
      vertex 106.7500 68.1500 0.0000
    endloop
  endfacet
  facet normal 0.000000 0.000000 -1.000000
    outer loop
      vertex 104.5000 64.8000 0.0000
      vertex 106.7500 68.1500 0.0000
      vertex 106.7500 64.8000 0.0000
    endloop
  endfacet
  facet normal 0.000000 0.000000 1.000000
    outer loop
      vertex 104.5000 64.8000 3.0000
      vertex 106.7500 64.8000 3.0000
      vertex 106.7500 68.1500 3.0000
    endloop
  endfacet
  facet normal 0.000000 0.000000 1.000000
    outer loop
      vertex 104.5000 64.8000 3.0000
      vertex 106.7500 68.1500 3.0000
      vertex 104.5000 68.1500 3.0000
    endloop
  endfacet
  facet normal 0.000000 -1.000000 0.000000
    outer loop
      vertex 104.5000 64.8000 0.0000
      vertex 106.7500 64.8000 0.0000
      vertex 106.7500 64.8000 3.0000
    endloop
  endfacet
  facet normal 0.000000 -1.000000 0.000000
    outer loop
      vertex 104.5000 64.8000 0.0000
      vertex 106.7500 64.8000 3.0000
      vertex 104.5000 64.8000 3.0000
    endloop
  endfacet
  facet normal 0.000000 0.000000 -1.000000
    outer loop
      vertex 104.5000 68.1500 0.0000
      vertex 104.5000 76.8000 0.0000
      vertex 106.7500 76.8000 0.0000
    endloop
  endfacet
  facet normal 0.000000 0.000000 -1.000000
    outer loop
      vertex 104.5000 68.1500 0.0000
      vertex 106.7500 76.8000 0.0000
      vertex 106.7500 68.1500 0.0000
    endloop
  endfacet
  facet normal 0.000000 0.000000 1.000000
    outer loop
      vertex 104.5000 68.1500 3.0000
      vertex 106.7500 68.1500 3.0000
      vertex 106.7500 76.8000 3.0000
    endloop
  endfacet
  facet normal 0.000000 0.000000 1.000000
    outer loop
      vertex 104.5000 68.1500 3.0000
      vertex 106.7500 76.8000 3.0000
      vertex 104.5000 76.8000 3.0000
    endloop
  endfacet
  facet normal 0.000000 0.000000 -1.000000
    outer loop
      vertex 104.5000 76.8000 0.0000
      vertex 104.5000 80.2000 0.0000
      vertex 106.7500 80.2000 0.0000
    endloop
  endfacet
  facet normal 0.000000 0.000000 -1.000000
    outer loop
      vertex 104.5000 76.8000 0.0000
      vertex 106.7500 80.2000 0.0000
      vertex 106.7500 76.8000 0.0000
    endloop
  endfacet
  facet normal 0.000000 0.000000 1.000000
    outer loop
      vertex 104.5000 76.8000 3.0000
      vertex 106.7500 76.8000 3.0000
      vertex 106.7500 80.2000 3.0000
    endloop
  endfacet
  facet normal 0.000000 0.000000 1.000000
    outer loop
      vertex 104.5000 76.8000 3.0000
      vertex 106.7500 80.2000 3.0000
      vertex 104.5000 80.2000 3.0000
    endloop
  endfacet
  facet normal 0.000000 0.000000 -1.000000
    outer loop
      vertex 104.5000 80.2000 0.0000
      vertex 104.5000 84.0000 0.0000
      vertex 106.7500 84.0000 0.0000
    endloop
  endfacet
  facet normal 0.000000 0.000000 -1.000000
    outer loop
      vertex 104.5000 80.2000 0.0000
      vertex 106.7500 84.0000 0.0000
      vertex 106.7500 80.2000 0.0000
    endloop
  endfacet
  facet normal 0.000000 0.000000 1.000000
    outer loop
      vertex 104.5000 80.2000 3.0000
      vertex 106.7500 80.2000 3.0000
      vertex 106.7500 84.0000 3.0000
    endloop
  endfacet
  facet normal 0.000000 0.000000 1.000000
    outer loop
      vertex 104.5000 80.2000 3.0000
      vertex 106.7500 84.0000 3.0000
      vertex 104.5000 84.0000 3.0000
    endloop
  endfacet
  facet normal 0.000000 1.000000 0.000000
    outer loop
      vertex 106.7500 84.0000 0.0000
      vertex 104.5000 84.0000 0.0000
      vertex 104.5000 84.0000 3.0000
    endloop
  endfacet
  facet normal 0.000000 1.000000 -0.000000
    outer loop
      vertex 106.7500 84.0000 0.0000
      vertex 104.5000 84.0000 3.0000
      vertex 106.7500 84.0000 3.0000
    endloop
  endfacet
  facet normal 0.000000 0.000000 -1.000000
    outer loop
      vertex 106.7500 0.0000 0.0000
      vertex 106.7500 3.8000 0.0000
      vertex 128.2500 3.8000 0.0000
    endloop
  endfacet
  facet normal 0.000000 0.000000 -1.000000
    outer loop
      vertex 106.7500 0.0000 0.0000
      vertex 128.2500 3.8000 0.0000
      vertex 128.2500 0.0000 0.0000
    endloop
  endfacet
  facet normal 0.000000 0.000000 1.000000
    outer loop
      vertex 106.7500 0.0000 3.0000
      vertex 128.2500 0.0000 3.0000
      vertex 128.2500 3.8000 3.0000
    endloop
  endfacet
  facet normal 0.000000 0.000000 1.000000
    outer loop
      vertex 106.7500 0.0000 3.0000
      vertex 128.2500 3.8000 3.0000
      vertex 106.7500 3.8000 3.0000
    endloop
  endfacet
  facet normal 0.000000 -1.000000 0.000000
    outer loop
      vertex 106.7500 0.0000 0.0000
      vertex 128.2500 0.0000 0.0000
      vertex 128.2500 0.0000 3.0000
    endloop
  endfacet
  facet normal 0.000000 -1.000000 0.000000
    outer loop
      vertex 106.7500 0.0000 0.0000
      vertex 128.2500 0.0000 3.0000
      vertex 106.7500 0.0000 3.0000
    endloop
  endfacet
  facet normal 0.000000 0.000000 -1.000000
    outer loop
      vertex 106.7500 3.8000 0.0000
      vertex 106.7500 7.2000 0.0000
      vertex 128.2500 7.2000 0.0000
    endloop
  endfacet
  facet normal 0.000000 0.000000 -1.000000
    outer loop
      vertex 106.7500 3.8000 0.0000
      vertex 128.2500 7.2000 0.0000
      vertex 128.2500 3.8000 0.0000
    endloop
  endfacet
  facet normal 0.000000 0.000000 1.000000
    outer loop
      vertex 106.7500 3.8000 3.0000
      vertex 128.2500 3.8000 3.0000
      vertex 128.2500 7.2000 3.0000
    endloop
  endfacet
  facet normal 0.000000 0.000000 1.000000
    outer loop
      vertex 106.7500 3.8000 3.0000
      vertex 128.2500 7.2000 3.0000
      vertex 106.7500 7.2000 3.0000
    endloop
  endfacet
  facet normal 0.000000 0.000000 -1.000000
    outer loop
      vertex 106.7500 7.2000 0.0000
      vertex 106.7500 15.8500 0.0000
      vertex 128.2500 15.8500 0.0000
    endloop
  endfacet
  facet normal 0.000000 0.000000 -1.000000
    outer loop
      vertex 106.7500 7.2000 0.0000
      vertex 128.2500 15.8500 0.0000
      vertex 128.2500 7.2000 0.0000
    endloop
  endfacet
  facet normal 0.000000 0.000000 1.000000
    outer loop
      vertex 106.7500 7.2000 3.0000
      vertex 128.2500 7.2000 3.0000
      vertex 128.2500 15.8500 3.0000
    endloop
  endfacet
  facet normal 0.000000 0.000000 1.000000
    outer loop
      vertex 106.7500 7.2000 3.0000
      vertex 128.2500 15.8500 3.0000
      vertex 106.7500 15.8500 3.0000
    endloop
  endfacet
  facet normal 0.000000 0.000000 -1.000000
    outer loop
      vertex 106.7500 15.8500 0.0000
      vertex 106.7500 19.2000 0.0000
      vertex 128.2500 19.2000 0.0000
    endloop
  endfacet
  facet normal 0.000000 0.000000 -1.000000
    outer loop
      vertex 106.7500 15.8500 0.0000
      vertex 128.2500 19.2000 0.0000
      vertex 128.2500 15.8500 0.0000
    endloop
  endfacet
  facet normal 0.000000 0.000000 1.000000
    outer loop
      vertex 106.7500 15.8500 3.0000
      vertex 128.2500 15.8500 3.0000
      vertex 128.2500 19.2000 3.0000
    endloop
  endfacet
  facet normal 0.000000 0.000000 1.000000
    outer loop
      vertex 106.7500 15.8500 3.0000
      vertex 128.2500 19.2000 3.0000
      vertex 106.7500 19.2000 3.0000
    endloop
  endfacet
  facet normal 0.000000 0.000000 -1.000000
    outer loop
      vertex 106.7500 19.2000 0.0000
      vertex 106.7500 26.7000 0.0000
      vertex 128.2500 26.7000 0.0000
    endloop
  endfacet
  facet normal 0.000000 0.000000 -1.000000
    outer loop
      vertex 106.7500 19.2000 0.0000
      vertex 128.2500 26.7000 0.0000
      vertex 128.2500 19.2000 0.0000
    endloop
  endfacet
  facet normal 0.000000 0.000000 1.000000
    outer loop
      vertex 106.7500 19.2000 3.0000
      vertex 128.2500 19.2000 3.0000
      vertex 128.2500 26.7000 3.0000
    endloop
  endfacet
  facet normal 0.000000 0.000000 1.000000
    outer loop
      vertex 106.7500 19.2000 3.0000
      vertex 128.2500 26.7000 3.0000
      vertex 106.7500 26.7000 3.0000
    endloop
  endfacet
  facet normal -1.000000 0.000000 0.000000
    outer loop
      vertex 106.7500 26.7000 0.0000
      vertex 106.7500 19.2000 0.0000
      vertex 106.7500 19.2000 3.0000
    endloop
  endfacet
  facet normal -1.000000 0.000000 0.000000
    outer loop
      vertex 106.7500 26.7000 0.0000
      vertex 106.7500 19.2000 3.0000
      vertex 106.7500 26.7000 3.0000
    endloop
  endfacet
  facet normal 1.000000 0.000000 0.000000
    outer loop
      vertex 128.2500 19.2000 0.0000
      vertex 128.2500 26.7000 0.0000
      vertex 128.2500 26.7000 3.0000
    endloop
  endfacet
  facet normal 1.000000 0.000000 0.000000
    outer loop
      vertex 128.2500 19.2000 0.0000
      vertex 128.2500 26.7000 3.0000
      vertex 128.2500 19.2000 3.0000
    endloop
  endfacet
  facet normal 0.000000 0.000000 -1.000000
    outer loop
      vertex 106.7500 26.7000 0.0000
      vertex 106.7500 30.0500 0.0000
      vertex 128.2500 30.0500 0.0000
    endloop
  endfacet
  facet normal 0.000000 0.000000 -1.000000
    outer loop
      vertex 106.7500 26.7000 0.0000
      vertex 128.2500 30.0500 0.0000
      vertex 128.2500 26.7000 0.0000
    endloop
  endfacet
  facet normal 0.000000 0.000000 1.000000
    outer loop
      vertex 106.7500 26.7000 3.0000
      vertex 128.2500 26.7000 3.0000
      vertex 128.2500 30.0500 3.0000
    endloop
  endfacet
  facet normal 0.000000 0.000000 1.000000
    outer loop
      vertex 106.7500 26.7000 3.0000
      vertex 128.2500 30.0500 3.0000
      vertex 106.7500 30.0500 3.0000
    endloop
  endfacet
  facet normal 0.000000 0.000000 -1.000000
    outer loop
      vertex 106.7500 30.0500 0.0000
      vertex 106.7500 34.9000 0.0000
      vertex 128.2500 34.9000 0.0000
    endloop
  endfacet
  facet normal 0.000000 0.000000 -1.000000
    outer loop
      vertex 106.7500 30.0500 0.0000
      vertex 128.2500 34.9000 0.0000
      vertex 128.2500 30.0500 0.0000
    endloop
  endfacet
  facet normal 0.000000 0.000000 1.000000
    outer loop
      vertex 106.7500 30.0500 3.0000
      vertex 128.2500 30.0500 3.0000
      vertex 128.2500 34.9000 3.0000
    endloop
  endfacet
  facet normal 0.000000 0.000000 1.000000
    outer loop
      vertex 106.7500 30.0500 3.0000
      vertex 128.2500 34.9000 3.0000
      vertex 106.7500 34.9000 3.0000
    endloop
  endfacet
  facet normal 0.000000 0.000000 -1.000000
    outer loop
      vertex 106.7500 34.9000 0.0000
      vertex 106.7500 35.0000 0.0000
      vertex 128.2500 35.0000 0.0000
    endloop
  endfacet
  facet normal 0.000000 0.000000 -1.000000
    outer loop
      vertex 106.7500 34.9000 0.0000
      vertex 128.2500 35.0000 0.0000
      vertex 128.2500 34.9000 0.0000
    endloop
  endfacet
  facet normal 0.000000 0.000000 1.000000
    outer loop
      vertex 106.7500 34.9000 3.0000
      vertex 128.2500 34.9000 3.0000
      vertex 128.2500 35.0000 3.0000
    endloop
  endfacet
  facet normal 0.000000 0.000000 1.000000
    outer loop
      vertex 106.7500 34.9000 3.0000
      vertex 128.2500 35.0000 3.0000
      vertex 106.7500 35.0000 3.0000
    endloop
  endfacet
  facet normal 0.000000 1.000000 0.000000
    outer loop
      vertex 128.2500 35.0000 0.0000
      vertex 106.7500 35.0000 0.0000
      vertex 106.7500 35.0000 3.0000
    endloop
  endfacet
  facet normal 0.000000 1.000000 -0.000000
    outer loop
      vertex 128.2500 35.0000 0.0000
      vertex 106.7500 35.0000 3.0000
      vertex 128.2500 35.0000 3.0000
    endloop
  endfacet
  facet normal 0.000000 0.000000 -1.000000
    outer loop
      vertex 106.7500 49.0000 0.0000
      vertex 106.7500 49.1000 0.0000
      vertex 128.2500 49.1000 0.0000
    endloop
  endfacet
  facet normal 0.000000 0.000000 -1.000000
    outer loop
      vertex 106.7500 49.0000 0.0000
      vertex 128.2500 49.1000 0.0000
      vertex 128.2500 49.0000 0.0000
    endloop
  endfacet
  facet normal 0.000000 0.000000 1.000000
    outer loop
      vertex 106.7500 49.0000 3.0000
      vertex 128.2500 49.0000 3.0000
      vertex 128.2500 49.1000 3.0000
    endloop
  endfacet
  facet normal 0.000000 0.000000 1.000000
    outer loop
      vertex 106.7500 49.0000 3.0000
      vertex 128.2500 49.1000 3.0000
      vertex 106.7500 49.1000 3.0000
    endloop
  endfacet
  facet normal 0.000000 -1.000000 0.000000
    outer loop
      vertex 106.7500 49.0000 0.0000
      vertex 128.2500 49.0000 0.0000
      vertex 128.2500 49.0000 3.0000
    endloop
  endfacet
  facet normal 0.000000 -1.000000 0.000000
    outer loop
      vertex 106.7500 49.0000 0.0000
      vertex 128.2500 49.0000 3.0000
      vertex 106.7500 49.0000 3.0000
    endloop
  endfacet
  facet normal 0.000000 0.000000 -1.000000
    outer loop
      vertex 106.7500 49.1000 0.0000
      vertex 106.7500 53.9500 0.0000
      vertex 128.2500 53.9500 0.0000
    endloop
  endfacet
  facet normal 0.000000 0.000000 -1.000000
    outer loop
      vertex 106.7500 49.1000 0.0000
      vertex 128.2500 53.9500 0.0000
      vertex 128.2500 49.1000 0.0000
    endloop
  endfacet
  facet normal 0.000000 0.000000 1.000000
    outer loop
      vertex 106.7500 49.1000 3.0000
      vertex 128.2500 49.1000 3.0000
      vertex 128.2500 53.9500 3.0000
    endloop
  endfacet
  facet normal 0.000000 0.000000 1.000000
    outer loop
      vertex 106.7500 49.1000 3.0000
      vertex 128.2500 53.9500 3.0000
      vertex 106.7500 53.9500 3.0000
    endloop
  endfacet
  facet normal 0.000000 0.000000 -1.000000
    outer loop
      vertex 106.7500 53.9500 0.0000
      vertex 106.7500 57.3000 0.0000
      vertex 128.2500 57.3000 0.0000
    endloop
  endfacet
  facet normal 0.000000 0.000000 -1.000000
    outer loop
      vertex 106.7500 53.9500 0.0000
      vertex 128.2500 57.3000 0.0000
      vertex 128.2500 53.9500 0.0000
    endloop
  endfacet
  facet normal 0.000000 0.000000 1.000000
    outer loop
      vertex 106.7500 53.9500 3.0000
      vertex 128.2500 53.9500 3.0000
      vertex 128.2500 57.3000 3.0000
    endloop
  endfacet
  facet normal 0.000000 0.000000 1.000000
    outer loop
      vertex 106.7500 53.9500 3.0000
      vertex 128.2500 57.3000 3.0000
      vertex 106.7500 57.3000 3.0000
    endloop
  endfacet
  facet normal 0.000000 0.000000 -1.000000
    outer loop
      vertex 106.7500 57.3000 0.0000
      vertex 106.7500 64.8000 0.0000
      vertex 128.2500 64.8000 0.0000
    endloop
  endfacet
  facet normal 0.000000 0.000000 -1.000000
    outer loop
      vertex 106.7500 57.3000 0.0000
      vertex 128.2500 64.8000 0.0000
      vertex 128.2500 57.3000 0.0000
    endloop
  endfacet
  facet normal 0.000000 0.000000 1.000000
    outer loop
      vertex 106.7500 57.3000 3.0000
      vertex 128.2500 57.3000 3.0000
      vertex 128.2500 64.8000 3.0000
    endloop
  endfacet
  facet normal 0.000000 0.000000 1.000000
    outer loop
      vertex 106.7500 57.3000 3.0000
      vertex 128.2500 64.8000 3.0000
      vertex 106.7500 64.8000 3.0000
    endloop
  endfacet
  facet normal -1.000000 0.000000 0.000000
    outer loop
      vertex 106.7500 64.8000 0.0000
      vertex 106.7500 57.3000 0.0000
      vertex 106.7500 57.3000 3.0000
    endloop
  endfacet
  facet normal -1.000000 0.000000 0.000000
    outer loop
      vertex 106.7500 64.8000 0.0000
      vertex 106.7500 57.3000 3.0000
      vertex 106.7500 64.8000 3.0000
    endloop
  endfacet
  facet normal 1.000000 0.000000 0.000000
    outer loop
      vertex 128.2500 57.3000 0.0000
      vertex 128.2500 64.8000 0.0000
      vertex 128.2500 64.8000 3.0000
    endloop
  endfacet
  facet normal 1.000000 0.000000 0.000000
    outer loop
      vertex 128.2500 57.3000 0.0000
      vertex 128.2500 64.8000 3.0000
      vertex 128.2500 57.3000 3.0000
    endloop
  endfacet
  facet normal 0.000000 0.000000 -1.000000
    outer loop
      vertex 106.7500 64.8000 0.0000
      vertex 106.7500 68.1500 0.0000
      vertex 128.2500 68.1500 0.0000
    endloop
  endfacet
  facet normal 0.000000 0.000000 -1.000000
    outer loop
      vertex 106.7500 64.8000 0.0000
      vertex 128.2500 68.1500 0.0000
      vertex 128.2500 64.8000 0.0000
    endloop
  endfacet
  facet normal 0.000000 0.000000 1.000000
    outer loop
      vertex 106.7500 64.8000 3.0000
      vertex 128.2500 64.8000 3.0000
      vertex 128.2500 68.1500 3.0000
    endloop
  endfacet
  facet normal 0.000000 0.000000 1.000000
    outer loop
      vertex 106.7500 64.8000 3.0000
      vertex 128.2500 68.1500 3.0000
      vertex 106.7500 68.1500 3.0000
    endloop
  endfacet
  facet normal 0.000000 0.000000 -1.000000
    outer loop
      vertex 106.7500 68.1500 0.0000
      vertex 106.7500 76.8000 0.0000
      vertex 128.2500 76.8000 0.0000
    endloop
  endfacet
  facet normal 0.000000 0.000000 -1.000000
    outer loop
      vertex 106.7500 68.1500 0.0000
      vertex 128.2500 76.8000 0.0000
      vertex 128.2500 68.1500 0.0000
    endloop
  endfacet
  facet normal 0.000000 0.000000 1.000000
    outer loop
      vertex 106.7500 68.1500 3.0000
      vertex 128.2500 68.1500 3.0000
      vertex 128.2500 76.8000 3.0000
    endloop
  endfacet
  facet normal 0.000000 0.000000 1.000000
    outer loop
      vertex 106.7500 68.1500 3.0000
      vertex 128.2500 76.8000 3.0000
      vertex 106.7500 76.8000 3.0000
    endloop
  endfacet
  facet normal 0.000000 0.000000 -1.000000
    outer loop
      vertex 106.7500 76.8000 0.0000
      vertex 106.7500 80.2000 0.0000
      vertex 128.2500 80.2000 0.0000
    endloop
  endfacet
  facet normal 0.000000 0.000000 -1.000000
    outer loop
      vertex 106.7500 76.8000 0.0000
      vertex 128.2500 80.2000 0.0000
      vertex 128.2500 76.8000 0.0000
    endloop
  endfacet
  facet normal 0.000000 0.000000 1.000000
    outer loop
      vertex 106.7500 76.8000 3.0000
      vertex 128.2500 76.8000 3.0000
      vertex 128.2500 80.2000 3.0000
    endloop
  endfacet
  facet normal 0.000000 0.000000 1.000000
    outer loop
      vertex 106.7500 76.8000 3.0000
      vertex 128.2500 80.2000 3.0000
      vertex 106.7500 80.2000 3.0000
    endloop
  endfacet
  facet normal 0.000000 0.000000 -1.000000
    outer loop
      vertex 106.7500 80.2000 0.0000
      vertex 106.7500 84.0000 0.0000
      vertex 128.2500 84.0000 0.0000
    endloop
  endfacet
  facet normal 0.000000 0.000000 -1.000000
    outer loop
      vertex 106.7500 80.2000 0.0000
      vertex 128.2500 84.0000 0.0000
      vertex 128.2500 80.2000 0.0000
    endloop
  endfacet
  facet normal 0.000000 0.000000 1.000000
    outer loop
      vertex 106.7500 80.2000 3.0000
      vertex 128.2500 80.2000 3.0000
      vertex 128.2500 84.0000 3.0000
    endloop
  endfacet
  facet normal 0.000000 0.000000 1.000000
    outer loop
      vertex 106.7500 80.2000 3.0000
      vertex 128.2500 84.0000 3.0000
      vertex 106.7500 84.0000 3.0000
    endloop
  endfacet
  facet normal 0.000000 1.000000 0.000000
    outer loop
      vertex 128.2500 84.0000 0.0000
      vertex 106.7500 84.0000 0.0000
      vertex 106.7500 84.0000 3.0000
    endloop
  endfacet
  facet normal 0.000000 1.000000 -0.000000
    outer loop
      vertex 128.2500 84.0000 0.0000
      vertex 106.7500 84.0000 3.0000
      vertex 128.2500 84.0000 3.0000
    endloop
  endfacet
  facet normal 0.000000 0.000000 -1.000000
    outer loop
      vertex 128.2500 0.0000 0.0000
      vertex 128.2500 3.8000 0.0000
      vertex 130.5000 3.8000 0.0000
    endloop
  endfacet
  facet normal 0.000000 0.000000 -1.000000
    outer loop
      vertex 128.2500 0.0000 0.0000
      vertex 130.5000 3.8000 0.0000
      vertex 130.5000 0.0000 0.0000
    endloop
  endfacet
  facet normal 0.000000 0.000000 1.000000
    outer loop
      vertex 128.2500 0.0000 3.0000
      vertex 130.5000 0.0000 3.0000
      vertex 130.5000 3.8000 3.0000
    endloop
  endfacet
  facet normal 0.000000 0.000000 1.000000
    outer loop
      vertex 128.2500 0.0000 3.0000
      vertex 130.5000 3.8000 3.0000
      vertex 128.2500 3.8000 3.0000
    endloop
  endfacet
  facet normal 0.000000 -1.000000 0.000000
    outer loop
      vertex 128.2500 0.0000 0.0000
      vertex 130.5000 0.0000 0.0000
      vertex 130.5000 0.0000 3.0000
    endloop
  endfacet
  facet normal 0.000000 -1.000000 0.000000
    outer loop
      vertex 128.2500 0.0000 0.0000
      vertex 130.5000 0.0000 3.0000
      vertex 128.2500 0.0000 3.0000
    endloop
  endfacet
  facet normal 0.000000 0.000000 -1.000000
    outer loop
      vertex 128.2500 3.8000 0.0000
      vertex 128.2500 7.2000 0.0000
      vertex 130.5000 7.2000 0.0000
    endloop
  endfacet
  facet normal 0.000000 0.000000 -1.000000
    outer loop
      vertex 128.2500 3.8000 0.0000
      vertex 130.5000 7.2000 0.0000
      vertex 130.5000 3.8000 0.0000
    endloop
  endfacet
  facet normal 0.000000 0.000000 1.000000
    outer loop
      vertex 128.2500 3.8000 3.0000
      vertex 130.5000 3.8000 3.0000
      vertex 130.5000 7.2000 3.0000
    endloop
  endfacet
  facet normal 0.000000 0.000000 1.000000
    outer loop
      vertex 128.2500 3.8000 3.0000
      vertex 130.5000 7.2000 3.0000
      vertex 128.2500 7.2000 3.0000
    endloop
  endfacet
  facet normal 0.000000 0.000000 -1.000000
    outer loop
      vertex 128.2500 7.2000 0.0000
      vertex 128.2500 15.8500 0.0000
      vertex 130.5000 15.8500 0.0000
    endloop
  endfacet
  facet normal 0.000000 0.000000 -1.000000
    outer loop
      vertex 128.2500 7.2000 0.0000
      vertex 130.5000 15.8500 0.0000
      vertex 130.5000 7.2000 0.0000
    endloop
  endfacet
  facet normal 0.000000 0.000000 1.000000
    outer loop
      vertex 128.2500 7.2000 3.0000
      vertex 130.5000 7.2000 3.0000
      vertex 130.5000 15.8500 3.0000
    endloop
  endfacet
  facet normal 0.000000 0.000000 1.000000
    outer loop
      vertex 128.2500 7.2000 3.0000
      vertex 130.5000 15.8500 3.0000
      vertex 128.2500 15.8500 3.0000
    endloop
  endfacet
  facet normal 0.000000 0.000000 -1.000000
    outer loop
      vertex 128.2500 15.8500 0.0000
      vertex 128.2500 19.2000 0.0000
      vertex 130.5000 19.2000 0.0000
    endloop
  endfacet
  facet normal 0.000000 0.000000 -1.000000
    outer loop
      vertex 128.2500 15.8500 0.0000
      vertex 130.5000 19.2000 0.0000
      vertex 130.5000 15.8500 0.0000
    endloop
  endfacet
  facet normal 0.000000 0.000000 1.000000
    outer loop
      vertex 128.2500 15.8500 3.0000
      vertex 130.5000 15.8500 3.0000
      vertex 130.5000 19.2000 3.0000
    endloop
  endfacet
  facet normal 0.000000 0.000000 1.000000
    outer loop
      vertex 128.2500 15.8500 3.0000
      vertex 130.5000 19.2000 3.0000
      vertex 128.2500 19.2000 3.0000
    endloop
  endfacet
  facet normal 0.000000 1.000000 0.000000
    outer loop
      vertex 130.5000 19.2000 0.0000
      vertex 128.2500 19.2000 0.0000
      vertex 128.2500 19.2000 3.0000
    endloop
  endfacet
  facet normal 0.000000 1.000000 -0.000000
    outer loop
      vertex 130.5000 19.2000 0.0000
      vertex 128.2500 19.2000 3.0000
      vertex 130.5000 19.2000 3.0000
    endloop
  endfacet
  facet normal 0.000000 0.000000 -1.000000
    outer loop
      vertex 128.2500 26.7000 0.0000
      vertex 128.2500 30.0500 0.0000
      vertex 130.5000 30.0500 0.0000
    endloop
  endfacet
  facet normal 0.000000 0.000000 -1.000000
    outer loop
      vertex 128.2500 26.7000 0.0000
      vertex 130.5000 30.0500 0.0000
      vertex 130.5000 26.7000 0.0000
    endloop
  endfacet
  facet normal 0.000000 0.000000 1.000000
    outer loop
      vertex 128.2500 26.7000 3.0000
      vertex 130.5000 26.7000 3.0000
      vertex 130.5000 30.0500 3.0000
    endloop
  endfacet
  facet normal 0.000000 0.000000 1.000000
    outer loop
      vertex 128.2500 26.7000 3.0000
      vertex 130.5000 30.0500 3.0000
      vertex 128.2500 30.0500 3.0000
    endloop
  endfacet
  facet normal 0.000000 -1.000000 0.000000
    outer loop
      vertex 128.2500 26.7000 0.0000
      vertex 130.5000 26.7000 0.0000
      vertex 130.5000 26.7000 3.0000
    endloop
  endfacet
  facet normal 0.000000 -1.000000 0.000000
    outer loop
      vertex 128.2500 26.7000 0.0000
      vertex 130.5000 26.7000 3.0000
      vertex 128.2500 26.7000 3.0000
    endloop
  endfacet
  facet normal 0.000000 0.000000 -1.000000
    outer loop
      vertex 128.2500 30.0500 0.0000
      vertex 128.2500 34.9000 0.0000
      vertex 130.5000 34.9000 0.0000
    endloop
  endfacet
  facet normal 0.000000 0.000000 -1.000000
    outer loop
      vertex 128.2500 30.0500 0.0000
      vertex 130.5000 34.9000 0.0000
      vertex 130.5000 30.0500 0.0000
    endloop
  endfacet
  facet normal 0.000000 0.000000 1.000000
    outer loop
      vertex 128.2500 30.0500 3.0000
      vertex 130.5000 30.0500 3.0000
      vertex 130.5000 34.9000 3.0000
    endloop
  endfacet
  facet normal 0.000000 0.000000 1.000000
    outer loop
      vertex 128.2500 30.0500 3.0000
      vertex 130.5000 34.9000 3.0000
      vertex 128.2500 34.9000 3.0000
    endloop
  endfacet
  facet normal 0.000000 0.000000 -1.000000
    outer loop
      vertex 128.2500 34.9000 0.0000
      vertex 128.2500 35.0000 0.0000
      vertex 130.5000 35.0000 0.0000
    endloop
  endfacet
  facet normal 0.000000 0.000000 -1.000000
    outer loop
      vertex 128.2500 34.9000 0.0000
      vertex 130.5000 35.0000 0.0000
      vertex 130.5000 34.9000 0.0000
    endloop
  endfacet
  facet normal 0.000000 0.000000 1.000000
    outer loop
      vertex 128.2500 34.9000 3.0000
      vertex 130.5000 34.9000 3.0000
      vertex 130.5000 35.0000 3.0000
    endloop
  endfacet
  facet normal 0.000000 0.000000 1.000000
    outer loop
      vertex 128.2500 34.9000 3.0000
      vertex 130.5000 35.0000 3.0000
      vertex 128.2500 35.0000 3.0000
    endloop
  endfacet
  facet normal 0.000000 1.000000 0.000000
    outer loop
      vertex 130.5000 35.0000 0.0000
      vertex 128.2500 35.0000 0.0000
      vertex 128.2500 35.0000 3.0000
    endloop
  endfacet
  facet normal 0.000000 1.000000 -0.000000
    outer loop
      vertex 130.5000 35.0000 0.0000
      vertex 128.2500 35.0000 3.0000
      vertex 130.5000 35.0000 3.0000
    endloop
  endfacet
  facet normal 0.000000 0.000000 -1.000000
    outer loop
      vertex 128.2500 49.0000 0.0000
      vertex 128.2500 49.1000 0.0000
      vertex 130.5000 49.1000 0.0000
    endloop
  endfacet
  facet normal 0.000000 0.000000 -1.000000
    outer loop
      vertex 128.2500 49.0000 0.0000
      vertex 130.5000 49.1000 0.0000
      vertex 130.5000 49.0000 0.0000
    endloop
  endfacet
  facet normal 0.000000 0.000000 1.000000
    outer loop
      vertex 128.2500 49.0000 3.0000
      vertex 130.5000 49.0000 3.0000
      vertex 130.5000 49.1000 3.0000
    endloop
  endfacet
  facet normal 0.000000 0.000000 1.000000
    outer loop
      vertex 128.2500 49.0000 3.0000
      vertex 130.5000 49.1000 3.0000
      vertex 128.2500 49.1000 3.0000
    endloop
  endfacet
  facet normal 0.000000 -1.000000 0.000000
    outer loop
      vertex 128.2500 49.0000 0.0000
      vertex 130.5000 49.0000 0.0000
      vertex 130.5000 49.0000 3.0000
    endloop
  endfacet
  facet normal 0.000000 -1.000000 0.000000
    outer loop
      vertex 128.2500 49.0000 0.0000
      vertex 130.5000 49.0000 3.0000
      vertex 128.2500 49.0000 3.0000
    endloop
  endfacet
  facet normal 0.000000 0.000000 -1.000000
    outer loop
      vertex 128.2500 49.1000 0.0000
      vertex 128.2500 53.9500 0.0000
      vertex 130.5000 53.9500 0.0000
    endloop
  endfacet
  facet normal 0.000000 0.000000 -1.000000
    outer loop
      vertex 128.2500 49.1000 0.0000
      vertex 130.5000 53.9500 0.0000
      vertex 130.5000 49.1000 0.0000
    endloop
  endfacet
  facet normal 0.000000 0.000000 1.000000
    outer loop
      vertex 128.2500 49.1000 3.0000
      vertex 130.5000 49.1000 3.0000
      vertex 130.5000 53.9500 3.0000
    endloop
  endfacet
  facet normal 0.000000 0.000000 1.000000
    outer loop
      vertex 128.2500 49.1000 3.0000
      vertex 130.5000 53.9500 3.0000
      vertex 128.2500 53.9500 3.0000
    endloop
  endfacet
  facet normal 0.000000 0.000000 -1.000000
    outer loop
      vertex 128.2500 53.9500 0.0000
      vertex 128.2500 57.3000 0.0000
      vertex 130.5000 57.3000 0.0000
    endloop
  endfacet
  facet normal 0.000000 0.000000 -1.000000
    outer loop
      vertex 128.2500 53.9500 0.0000
      vertex 130.5000 57.3000 0.0000
      vertex 130.5000 53.9500 0.0000
    endloop
  endfacet
  facet normal 0.000000 0.000000 1.000000
    outer loop
      vertex 128.2500 53.9500 3.0000
      vertex 130.5000 53.9500 3.0000
      vertex 130.5000 57.3000 3.0000
    endloop
  endfacet
  facet normal 0.000000 0.000000 1.000000
    outer loop
      vertex 128.2500 53.9500 3.0000
      vertex 130.5000 57.3000 3.0000
      vertex 128.2500 57.3000 3.0000
    endloop
  endfacet
  facet normal 0.000000 1.000000 0.000000
    outer loop
      vertex 130.5000 57.3000 0.0000
      vertex 128.2500 57.3000 0.0000
      vertex 128.2500 57.3000 3.0000
    endloop
  endfacet
  facet normal 0.000000 1.000000 -0.000000
    outer loop
      vertex 130.5000 57.3000 0.0000
      vertex 128.2500 57.3000 3.0000
      vertex 130.5000 57.3000 3.0000
    endloop
  endfacet
  facet normal 0.000000 0.000000 -1.000000
    outer loop
      vertex 128.2500 64.8000 0.0000
      vertex 128.2500 68.1500 0.0000
      vertex 130.5000 68.1500 0.0000
    endloop
  endfacet
  facet normal 0.000000 0.000000 -1.000000
    outer loop
      vertex 128.2500 64.8000 0.0000
      vertex 130.5000 68.1500 0.0000
      vertex 130.5000 64.8000 0.0000
    endloop
  endfacet
  facet normal 0.000000 0.000000 1.000000
    outer loop
      vertex 128.2500 64.8000 3.0000
      vertex 130.5000 64.8000 3.0000
      vertex 130.5000 68.1500 3.0000
    endloop
  endfacet
  facet normal 0.000000 0.000000 1.000000
    outer loop
      vertex 128.2500 64.8000 3.0000
      vertex 130.5000 68.1500 3.0000
      vertex 128.2500 68.1500 3.0000
    endloop
  endfacet
  facet normal 0.000000 -1.000000 0.000000
    outer loop
      vertex 128.2500 64.8000 0.0000
      vertex 130.5000 64.8000 0.0000
      vertex 130.5000 64.8000 3.0000
    endloop
  endfacet
  facet normal 0.000000 -1.000000 0.000000
    outer loop
      vertex 128.2500 64.8000 0.0000
      vertex 130.5000 64.8000 3.0000
      vertex 128.2500 64.8000 3.0000
    endloop
  endfacet
  facet normal 0.000000 0.000000 -1.000000
    outer loop
      vertex 128.2500 68.1500 0.0000
      vertex 128.2500 76.8000 0.0000
      vertex 130.5000 76.8000 0.0000
    endloop
  endfacet
  facet normal 0.000000 0.000000 -1.000000
    outer loop
      vertex 128.2500 68.1500 0.0000
      vertex 130.5000 76.8000 0.0000
      vertex 130.5000 68.1500 0.0000
    endloop
  endfacet
  facet normal 0.000000 0.000000 1.000000
    outer loop
      vertex 128.2500 68.1500 3.0000
      vertex 130.5000 68.1500 3.0000
      vertex 130.5000 76.8000 3.0000
    endloop
  endfacet
  facet normal 0.000000 0.000000 1.000000
    outer loop
      vertex 128.2500 68.1500 3.0000
      vertex 130.5000 76.8000 3.0000
      vertex 128.2500 76.8000 3.0000
    endloop
  endfacet
  facet normal 0.000000 0.000000 -1.000000
    outer loop
      vertex 128.2500 76.8000 0.0000
      vertex 128.2500 80.2000 0.0000
      vertex 130.5000 80.2000 0.0000
    endloop
  endfacet
  facet normal 0.000000 0.000000 -1.000000
    outer loop
      vertex 128.2500 76.8000 0.0000
      vertex 130.5000 80.2000 0.0000
      vertex 130.5000 76.8000 0.0000
    endloop
  endfacet
  facet normal 0.000000 0.000000 1.000000
    outer loop
      vertex 128.2500 76.8000 3.0000
      vertex 130.5000 76.8000 3.0000
      vertex 130.5000 80.2000 3.0000
    endloop
  endfacet
  facet normal 0.000000 0.000000 1.000000
    outer loop
      vertex 128.2500 76.8000 3.0000
      vertex 130.5000 80.2000 3.0000
      vertex 128.2500 80.2000 3.0000
    endloop
  endfacet
  facet normal 0.000000 0.000000 -1.000000
    outer loop
      vertex 128.2500 80.2000 0.0000
      vertex 128.2500 84.0000 0.0000
      vertex 130.5000 84.0000 0.0000
    endloop
  endfacet
  facet normal 0.000000 0.000000 -1.000000
    outer loop
      vertex 128.2500 80.2000 0.0000
      vertex 130.5000 84.0000 0.0000
      vertex 130.5000 80.2000 0.0000
    endloop
  endfacet
  facet normal 0.000000 0.000000 1.000000
    outer loop
      vertex 128.2500 80.2000 3.0000
      vertex 130.5000 80.2000 3.0000
      vertex 130.5000 84.0000 3.0000
    endloop
  endfacet
  facet normal 0.000000 0.000000 1.000000
    outer loop
      vertex 128.2500 80.2000 3.0000
      vertex 130.5000 84.0000 3.0000
      vertex 128.2500 84.0000 3.0000
    endloop
  endfacet
  facet normal 0.000000 1.000000 0.000000
    outer loop
      vertex 130.5000 84.0000 0.0000
      vertex 128.2500 84.0000 0.0000
      vertex 128.2500 84.0000 3.0000
    endloop
  endfacet
  facet normal 0.000000 1.000000 -0.000000
    outer loop
      vertex 130.5000 84.0000 0.0000
      vertex 128.2500 84.0000 3.0000
      vertex 130.5000 84.0000 3.0000
    endloop
  endfacet
  facet normal 0.000000 0.000000 -1.000000
    outer loop
      vertex 130.5000 0.0000 0.0000
      vertex 130.5000 3.8000 0.0000
      vertex 135.7500 3.8000 0.0000
    endloop
  endfacet
  facet normal 0.000000 0.000000 -1.000000
    outer loop
      vertex 130.5000 0.0000 0.0000
      vertex 135.7500 3.8000 0.0000
      vertex 135.7500 0.0000 0.0000
    endloop
  endfacet
  facet normal 0.000000 0.000000 1.000000
    outer loop
      vertex 130.5000 0.0000 3.0000
      vertex 135.7500 0.0000 3.0000
      vertex 135.7500 3.8000 3.0000
    endloop
  endfacet
  facet normal 0.000000 0.000000 1.000000
    outer loop
      vertex 130.5000 0.0000 3.0000
      vertex 135.7500 3.8000 3.0000
      vertex 130.5000 3.8000 3.0000
    endloop
  endfacet
  facet normal 0.000000 -1.000000 0.000000
    outer loop
      vertex 130.5000 0.0000 0.0000
      vertex 135.7500 0.0000 0.0000
      vertex 135.7500 0.0000 3.0000
    endloop
  endfacet
  facet normal 0.000000 -1.000000 0.000000
    outer loop
      vertex 130.5000 0.0000 0.0000
      vertex 135.7500 0.0000 3.0000
      vertex 130.5000 0.0000 3.0000
    endloop
  endfacet
  facet normal 0.000000 0.000000 -1.000000
    outer loop
      vertex 130.5000 3.8000 0.0000
      vertex 130.5000 7.2000 0.0000
      vertex 135.7500 7.2000 0.0000
    endloop
  endfacet
  facet normal 0.000000 0.000000 -1.000000
    outer loop
      vertex 130.5000 3.8000 0.0000
      vertex 135.7500 7.2000 0.0000
      vertex 135.7500 3.8000 0.0000
    endloop
  endfacet
  facet normal 0.000000 0.000000 1.000000
    outer loop
      vertex 130.5000 3.8000 3.0000
      vertex 135.7500 3.8000 3.0000
      vertex 135.7500 7.2000 3.0000
    endloop
  endfacet
  facet normal 0.000000 0.000000 1.000000
    outer loop
      vertex 130.5000 3.8000 3.0000
      vertex 135.7500 7.2000 3.0000
      vertex 130.5000 7.2000 3.0000
    endloop
  endfacet
  facet normal 0.000000 0.000000 -1.000000
    outer loop
      vertex 130.5000 7.2000 0.0000
      vertex 130.5000 15.8500 0.0000
      vertex 135.7500 15.8500 0.0000
    endloop
  endfacet
  facet normal 0.000000 0.000000 -1.000000
    outer loop
      vertex 130.5000 7.2000 0.0000
      vertex 135.7500 15.8500 0.0000
      vertex 135.7500 7.2000 0.0000
    endloop
  endfacet
  facet normal 0.000000 0.000000 1.000000
    outer loop
      vertex 130.5000 7.2000 3.0000
      vertex 135.7500 7.2000 3.0000
      vertex 135.7500 15.8500 3.0000
    endloop
  endfacet
  facet normal 0.000000 0.000000 1.000000
    outer loop
      vertex 130.5000 7.2000 3.0000
      vertex 135.7500 15.8500 3.0000
      vertex 130.5000 15.8500 3.0000
    endloop
  endfacet
  facet normal 0.000000 0.000000 -1.000000
    outer loop
      vertex 130.5000 15.8500 0.0000
      vertex 130.5000 19.2000 0.0000
      vertex 135.7500 19.2000 0.0000
    endloop
  endfacet
  facet normal 0.000000 0.000000 -1.000000
    outer loop
      vertex 130.5000 15.8500 0.0000
      vertex 135.7500 19.2000 0.0000
      vertex 135.7500 15.8500 0.0000
    endloop
  endfacet
  facet normal 0.000000 0.000000 1.000000
    outer loop
      vertex 130.5000 15.8500 3.0000
      vertex 135.7500 15.8500 3.0000
      vertex 135.7500 19.2000 3.0000
    endloop
  endfacet
  facet normal 0.000000 0.000000 1.000000
    outer loop
      vertex 130.5000 15.8500 3.0000
      vertex 135.7500 19.2000 3.0000
      vertex 130.5000 19.2000 3.0000
    endloop
  endfacet
  facet normal 0.000000 1.000000 0.000000
    outer loop
      vertex 135.7500 19.2000 0.0000
      vertex 130.5000 19.2000 0.0000
      vertex 130.5000 19.2000 3.0000
    endloop
  endfacet
  facet normal 0.000000 1.000000 -0.000000
    outer loop
      vertex 135.7500 19.2000 0.0000
      vertex 130.5000 19.2000 3.0000
      vertex 135.7500 19.2000 3.0000
    endloop
  endfacet
  facet normal 0.000000 0.000000 -1.000000
    outer loop
      vertex 130.5000 26.7000 0.0000
      vertex 130.5000 30.0500 0.0000
      vertex 135.7500 30.0500 0.0000
    endloop
  endfacet
  facet normal 0.000000 0.000000 -1.000000
    outer loop
      vertex 130.5000 26.7000 0.0000
      vertex 135.7500 30.0500 0.0000
      vertex 135.7500 26.7000 0.0000
    endloop
  endfacet
  facet normal 0.000000 0.000000 1.000000
    outer loop
      vertex 130.5000 26.7000 3.0000
      vertex 135.7500 26.7000 3.0000
      vertex 135.7500 30.0500 3.0000
    endloop
  endfacet
  facet normal 0.000000 0.000000 1.000000
    outer loop
      vertex 130.5000 26.7000 3.0000
      vertex 135.7500 30.0500 3.0000
      vertex 130.5000 30.0500 3.0000
    endloop
  endfacet
  facet normal 0.000000 -1.000000 0.000000
    outer loop
      vertex 130.5000 26.7000 0.0000
      vertex 135.7500 26.7000 0.0000
      vertex 135.7500 26.7000 3.0000
    endloop
  endfacet
  facet normal 0.000000 -1.000000 0.000000
    outer loop
      vertex 130.5000 26.7000 0.0000
      vertex 135.7500 26.7000 3.0000
      vertex 130.5000 26.7000 3.0000
    endloop
  endfacet
  facet normal 0.000000 0.000000 -1.000000
    outer loop
      vertex 130.5000 30.0500 0.0000
      vertex 130.5000 34.9000 0.0000
      vertex 135.7500 34.9000 0.0000
    endloop
  endfacet
  facet normal 0.000000 0.000000 -1.000000
    outer loop
      vertex 130.5000 30.0500 0.0000
      vertex 135.7500 34.9000 0.0000
      vertex 135.7500 30.0500 0.0000
    endloop
  endfacet
  facet normal 0.000000 0.000000 1.000000
    outer loop
      vertex 130.5000 30.0500 3.0000
      vertex 135.7500 30.0500 3.0000
      vertex 135.7500 34.9000 3.0000
    endloop
  endfacet
  facet normal 0.000000 0.000000 1.000000
    outer loop
      vertex 130.5000 30.0500 3.0000
      vertex 135.7500 34.9000 3.0000
      vertex 130.5000 34.9000 3.0000
    endloop
  endfacet
  facet normal 0.000000 0.000000 -1.000000
    outer loop
      vertex 130.5000 34.9000 0.0000
      vertex 130.5000 35.0000 0.0000
      vertex 135.7500 35.0000 0.0000
    endloop
  endfacet
  facet normal 0.000000 0.000000 -1.000000
    outer loop
      vertex 130.5000 34.9000 0.0000
      vertex 135.7500 35.0000 0.0000
      vertex 135.7500 34.9000 0.0000
    endloop
  endfacet
  facet normal 0.000000 0.000000 1.000000
    outer loop
      vertex 130.5000 34.9000 3.0000
      vertex 135.7500 34.9000 3.0000
      vertex 135.7500 35.0000 3.0000
    endloop
  endfacet
  facet normal 0.000000 0.000000 1.000000
    outer loop
      vertex 130.5000 34.9000 3.0000
      vertex 135.7500 35.0000 3.0000
      vertex 130.5000 35.0000 3.0000
    endloop
  endfacet
  facet normal 0.000000 0.000000 -1.000000
    outer loop
      vertex 130.5000 35.0000 0.0000
      vertex 130.5000 49.0000 0.0000
      vertex 135.7500 49.0000 0.0000
    endloop
  endfacet
  facet normal 0.000000 0.000000 -1.000000
    outer loop
      vertex 130.5000 35.0000 0.0000
      vertex 135.7500 49.0000 0.0000
      vertex 135.7500 35.0000 0.0000
    endloop
  endfacet
  facet normal 0.000000 0.000000 1.000000
    outer loop
      vertex 130.5000 35.0000 3.0000
      vertex 135.7500 35.0000 3.0000
      vertex 135.7500 49.0000 3.0000
    endloop
  endfacet
  facet normal 0.000000 0.000000 1.000000
    outer loop
      vertex 130.5000 35.0000 3.0000
      vertex 135.7500 49.0000 3.0000
      vertex 130.5000 49.0000 3.0000
    endloop
  endfacet
  facet normal -1.000000 0.000000 0.000000
    outer loop
      vertex 130.5000 49.0000 0.0000
      vertex 130.5000 35.0000 0.0000
      vertex 130.5000 35.0000 3.0000
    endloop
  endfacet
  facet normal -1.000000 0.000000 0.000000
    outer loop
      vertex 130.5000 49.0000 0.0000
      vertex 130.5000 35.0000 3.0000
      vertex 130.5000 49.0000 3.0000
    endloop
  endfacet
  facet normal 0.000000 0.000000 -1.000000
    outer loop
      vertex 130.5000 49.0000 0.0000
      vertex 130.5000 49.1000 0.0000
      vertex 135.7500 49.1000 0.0000
    endloop
  endfacet
  facet normal 0.000000 0.000000 -1.000000
    outer loop
      vertex 130.5000 49.0000 0.0000
      vertex 135.7500 49.1000 0.0000
      vertex 135.7500 49.0000 0.0000
    endloop
  endfacet
  facet normal 0.000000 0.000000 1.000000
    outer loop
      vertex 130.5000 49.0000 3.0000
      vertex 135.7500 49.0000 3.0000
      vertex 135.7500 49.1000 3.0000
    endloop
  endfacet
  facet normal 0.000000 0.000000 1.000000
    outer loop
      vertex 130.5000 49.0000 3.0000
      vertex 135.7500 49.1000 3.0000
      vertex 130.5000 49.1000 3.0000
    endloop
  endfacet
  facet normal 0.000000 0.000000 -1.000000
    outer loop
      vertex 130.5000 49.1000 0.0000
      vertex 130.5000 53.9500 0.0000
      vertex 135.7500 53.9500 0.0000
    endloop
  endfacet
  facet normal 0.000000 0.000000 -1.000000
    outer loop
      vertex 130.5000 49.1000 0.0000
      vertex 135.7500 53.9500 0.0000
      vertex 135.7500 49.1000 0.0000
    endloop
  endfacet
  facet normal 0.000000 0.000000 1.000000
    outer loop
      vertex 130.5000 49.1000 3.0000
      vertex 135.7500 49.1000 3.0000
      vertex 135.7500 53.9500 3.0000
    endloop
  endfacet
  facet normal 0.000000 0.000000 1.000000
    outer loop
      vertex 130.5000 49.1000 3.0000
      vertex 135.7500 53.9500 3.0000
      vertex 130.5000 53.9500 3.0000
    endloop
  endfacet
  facet normal 0.000000 0.000000 -1.000000
    outer loop
      vertex 130.5000 53.9500 0.0000
      vertex 130.5000 57.3000 0.0000
      vertex 135.7500 57.3000 0.0000
    endloop
  endfacet
  facet normal 0.000000 0.000000 -1.000000
    outer loop
      vertex 130.5000 53.9500 0.0000
      vertex 135.7500 57.3000 0.0000
      vertex 135.7500 53.9500 0.0000
    endloop
  endfacet
  facet normal 0.000000 0.000000 1.000000
    outer loop
      vertex 130.5000 53.9500 3.0000
      vertex 135.7500 53.9500 3.0000
      vertex 135.7500 57.3000 3.0000
    endloop
  endfacet
  facet normal 0.000000 0.000000 1.000000
    outer loop
      vertex 130.5000 53.9500 3.0000
      vertex 135.7500 57.3000 3.0000
      vertex 130.5000 57.3000 3.0000
    endloop
  endfacet
  facet normal 0.000000 1.000000 0.000000
    outer loop
      vertex 135.7500 57.3000 0.0000
      vertex 130.5000 57.3000 0.0000
      vertex 130.5000 57.3000 3.0000
    endloop
  endfacet
  facet normal 0.000000 1.000000 -0.000000
    outer loop
      vertex 135.7500 57.3000 0.0000
      vertex 130.5000 57.3000 3.0000
      vertex 135.7500 57.3000 3.0000
    endloop
  endfacet
  facet normal 0.000000 0.000000 -1.000000
    outer loop
      vertex 130.5000 64.8000 0.0000
      vertex 130.5000 68.1500 0.0000
      vertex 135.7500 68.1500 0.0000
    endloop
  endfacet
  facet normal 0.000000 0.000000 -1.000000
    outer loop
      vertex 130.5000 64.8000 0.0000
      vertex 135.7500 68.1500 0.0000
      vertex 135.7500 64.8000 0.0000
    endloop
  endfacet
  facet normal 0.000000 0.000000 1.000000
    outer loop
      vertex 130.5000 64.8000 3.0000
      vertex 135.7500 64.8000 3.0000
      vertex 135.7500 68.1500 3.0000
    endloop
  endfacet
  facet normal 0.000000 0.000000 1.000000
    outer loop
      vertex 130.5000 64.8000 3.0000
      vertex 135.7500 68.1500 3.0000
      vertex 130.5000 68.1500 3.0000
    endloop
  endfacet
  facet normal 0.000000 -1.000000 0.000000
    outer loop
      vertex 130.5000 64.8000 0.0000
      vertex 135.7500 64.8000 0.0000
      vertex 135.7500 64.8000 3.0000
    endloop
  endfacet
  facet normal 0.000000 -1.000000 0.000000
    outer loop
      vertex 130.5000 64.8000 0.0000
      vertex 135.7500 64.8000 3.0000
      vertex 130.5000 64.8000 3.0000
    endloop
  endfacet
  facet normal 0.000000 0.000000 -1.000000
    outer loop
      vertex 130.5000 68.1500 0.0000
      vertex 130.5000 76.8000 0.0000
      vertex 135.7500 76.8000 0.0000
    endloop
  endfacet
  facet normal 0.000000 0.000000 -1.000000
    outer loop
      vertex 130.5000 68.1500 0.0000
      vertex 135.7500 76.8000 0.0000
      vertex 135.7500 68.1500 0.0000
    endloop
  endfacet
  facet normal 0.000000 0.000000 1.000000
    outer loop
      vertex 130.5000 68.1500 3.0000
      vertex 135.7500 68.1500 3.0000
      vertex 135.7500 76.8000 3.0000
    endloop
  endfacet
  facet normal 0.000000 0.000000 1.000000
    outer loop
      vertex 130.5000 68.1500 3.0000
      vertex 135.7500 76.8000 3.0000
      vertex 130.5000 76.8000 3.0000
    endloop
  endfacet
  facet normal 0.000000 0.000000 -1.000000
    outer loop
      vertex 130.5000 76.8000 0.0000
      vertex 130.5000 80.2000 0.0000
      vertex 135.7500 80.2000 0.0000
    endloop
  endfacet
  facet normal 0.000000 0.000000 -1.000000
    outer loop
      vertex 130.5000 76.8000 0.0000
      vertex 135.7500 80.2000 0.0000
      vertex 135.7500 76.8000 0.0000
    endloop
  endfacet
  facet normal 0.000000 0.000000 1.000000
    outer loop
      vertex 130.5000 76.8000 3.0000
      vertex 135.7500 76.8000 3.0000
      vertex 135.7500 80.2000 3.0000
    endloop
  endfacet
  facet normal 0.000000 0.000000 1.000000
    outer loop
      vertex 130.5000 76.8000 3.0000
      vertex 135.7500 80.2000 3.0000
      vertex 130.5000 80.2000 3.0000
    endloop
  endfacet
  facet normal 0.000000 0.000000 -1.000000
    outer loop
      vertex 130.5000 80.2000 0.0000
      vertex 130.5000 84.0000 0.0000
      vertex 135.7500 84.0000 0.0000
    endloop
  endfacet
  facet normal 0.000000 0.000000 -1.000000
    outer loop
      vertex 130.5000 80.2000 0.0000
      vertex 135.7500 84.0000 0.0000
      vertex 135.7500 80.2000 0.0000
    endloop
  endfacet
  facet normal 0.000000 0.000000 1.000000
    outer loop
      vertex 130.5000 80.2000 3.0000
      vertex 135.7500 80.2000 3.0000
      vertex 135.7500 84.0000 3.0000
    endloop
  endfacet
  facet normal 0.000000 0.000000 1.000000
    outer loop
      vertex 130.5000 80.2000 3.0000
      vertex 135.7500 84.0000 3.0000
      vertex 130.5000 84.0000 3.0000
    endloop
  endfacet
  facet normal 0.000000 1.000000 0.000000
    outer loop
      vertex 135.7500 84.0000 0.0000
      vertex 130.5000 84.0000 0.0000
      vertex 130.5000 84.0000 3.0000
    endloop
  endfacet
  facet normal 0.000000 1.000000 -0.000000
    outer loop
      vertex 135.7500 84.0000 0.0000
      vertex 130.5000 84.0000 3.0000
      vertex 135.7500 84.0000 3.0000
    endloop
  endfacet
  facet normal 0.000000 0.000000 -1.000000
    outer loop
      vertex 135.7500 0.0000 0.0000
      vertex 135.7500 3.8000 0.0000
      vertex 142.8000 3.8000 0.0000
    endloop
  endfacet
  facet normal 0.000000 0.000000 -1.000000
    outer loop
      vertex 135.7500 0.0000 0.0000
      vertex 142.8000 3.8000 0.0000
      vertex 142.8000 0.0000 0.0000
    endloop
  endfacet
  facet normal 0.000000 0.000000 1.000000
    outer loop
      vertex 135.7500 0.0000 3.0000
      vertex 142.8000 0.0000 3.0000
      vertex 142.8000 3.8000 3.0000
    endloop
  endfacet
  facet normal 0.000000 0.000000 1.000000
    outer loop
      vertex 135.7500 0.0000 3.0000
      vertex 142.8000 3.8000 3.0000
      vertex 135.7500 3.8000 3.0000
    endloop
  endfacet
  facet normal 0.000000 -1.000000 0.000000
    outer loop
      vertex 135.7500 0.0000 0.0000
      vertex 142.8000 0.0000 0.0000
      vertex 142.8000 0.0000 3.0000
    endloop
  endfacet
  facet normal 0.000000 -1.000000 0.000000
    outer loop
      vertex 135.7500 0.0000 0.0000
      vertex 142.8000 0.0000 3.0000
      vertex 135.7500 0.0000 3.0000
    endloop
  endfacet
  facet normal 0.000000 0.000000 -1.000000
    outer loop
      vertex 135.7500 3.8000 0.0000
      vertex 135.7500 7.2000 0.0000
      vertex 142.8000 7.2000 0.0000
    endloop
  endfacet
  facet normal 0.000000 0.000000 -1.000000
    outer loop
      vertex 135.7500 3.8000 0.0000
      vertex 142.8000 7.2000 0.0000
      vertex 142.8000 3.8000 0.0000
    endloop
  endfacet
  facet normal 0.000000 0.000000 1.000000
    outer loop
      vertex 135.7500 3.8000 3.0000
      vertex 142.8000 3.8000 3.0000
      vertex 142.8000 7.2000 3.0000
    endloop
  endfacet
  facet normal 0.000000 0.000000 1.000000
    outer loop
      vertex 135.7500 3.8000 3.0000
      vertex 142.8000 7.2000 3.0000
      vertex 135.7500 7.2000 3.0000
    endloop
  endfacet
  facet normal 1.000000 0.000000 0.000000
    outer loop
      vertex 142.8000 3.8000 0.0000
      vertex 142.8000 7.2000 0.0000
      vertex 142.8000 7.2000 3.0000
    endloop
  endfacet
  facet normal 1.000000 0.000000 0.000000
    outer loop
      vertex 142.8000 3.8000 0.0000
      vertex 142.8000 7.2000 3.0000
      vertex 142.8000 3.8000 3.0000
    endloop
  endfacet
  facet normal 0.000000 0.000000 -1.000000
    outer loop
      vertex 135.7500 7.2000 0.0000
      vertex 135.7500 15.8500 0.0000
      vertex 142.8000 15.8500 0.0000
    endloop
  endfacet
  facet normal 0.000000 0.000000 -1.000000
    outer loop
      vertex 135.7500 7.2000 0.0000
      vertex 142.8000 15.8500 0.0000
      vertex 142.8000 7.2000 0.0000
    endloop
  endfacet
  facet normal 0.000000 0.000000 1.000000
    outer loop
      vertex 135.7500 7.2000 3.0000
      vertex 142.8000 7.2000 3.0000
      vertex 142.8000 15.8500 3.0000
    endloop
  endfacet
  facet normal 0.000000 0.000000 1.000000
    outer loop
      vertex 135.7500 7.2000 3.0000
      vertex 142.8000 15.8500 3.0000
      vertex 135.7500 15.8500 3.0000
    endloop
  endfacet
  facet normal 0.000000 0.000000 -1.000000
    outer loop
      vertex 135.7500 15.8500 0.0000
      vertex 135.7500 19.2000 0.0000
      vertex 142.8000 19.2000 0.0000
    endloop
  endfacet
  facet normal 0.000000 0.000000 -1.000000
    outer loop
      vertex 135.7500 15.8500 0.0000
      vertex 142.8000 19.2000 0.0000
      vertex 142.8000 15.8500 0.0000
    endloop
  endfacet
  facet normal 0.000000 0.000000 1.000000
    outer loop
      vertex 135.7500 15.8500 3.0000
      vertex 142.8000 15.8500 3.0000
      vertex 142.8000 19.2000 3.0000
    endloop
  endfacet
  facet normal 0.000000 0.000000 1.000000
    outer loop
      vertex 135.7500 15.8500 3.0000
      vertex 142.8000 19.2000 3.0000
      vertex 135.7500 19.2000 3.0000
    endloop
  endfacet
  facet normal 0.000000 0.000000 -1.000000
    outer loop
      vertex 135.7500 19.2000 0.0000
      vertex 135.7500 26.7000 0.0000
      vertex 142.8000 26.7000 0.0000
    endloop
  endfacet
  facet normal 0.000000 0.000000 -1.000000
    outer loop
      vertex 135.7500 19.2000 0.0000
      vertex 142.8000 26.7000 0.0000
      vertex 142.8000 19.2000 0.0000
    endloop
  endfacet
  facet normal 0.000000 0.000000 1.000000
    outer loop
      vertex 135.7500 19.2000 3.0000
      vertex 142.8000 19.2000 3.0000
      vertex 142.8000 26.7000 3.0000
    endloop
  endfacet
  facet normal 0.000000 0.000000 1.000000
    outer loop
      vertex 135.7500 19.2000 3.0000
      vertex 142.8000 26.7000 3.0000
      vertex 135.7500 26.7000 3.0000
    endloop
  endfacet
  facet normal -1.000000 0.000000 0.000000
    outer loop
      vertex 135.7500 26.7000 0.0000
      vertex 135.7500 19.2000 0.0000
      vertex 135.7500 19.2000 3.0000
    endloop
  endfacet
  facet normal -1.000000 0.000000 0.000000
    outer loop
      vertex 135.7500 26.7000 0.0000
      vertex 135.7500 19.2000 3.0000
      vertex 135.7500 26.7000 3.0000
    endloop
  endfacet
  facet normal 0.000000 0.000000 -1.000000
    outer loop
      vertex 135.7500 26.7000 0.0000
      vertex 135.7500 30.0500 0.0000
      vertex 142.8000 30.0500 0.0000
    endloop
  endfacet
  facet normal 0.000000 0.000000 -1.000000
    outer loop
      vertex 135.7500 26.7000 0.0000
      vertex 142.8000 30.0500 0.0000
      vertex 142.8000 26.7000 0.0000
    endloop
  endfacet
  facet normal 0.000000 0.000000 1.000000
    outer loop
      vertex 135.7500 26.7000 3.0000
      vertex 142.8000 26.7000 3.0000
      vertex 142.8000 30.0500 3.0000
    endloop
  endfacet
  facet normal 0.000000 0.000000 1.000000
    outer loop
      vertex 135.7500 26.7000 3.0000
      vertex 142.8000 30.0500 3.0000
      vertex 135.7500 30.0500 3.0000
    endloop
  endfacet
  facet normal 0.000000 0.000000 -1.000000
    outer loop
      vertex 135.7500 30.0500 0.0000
      vertex 135.7500 34.9000 0.0000
      vertex 142.8000 34.9000 0.0000
    endloop
  endfacet
  facet normal 0.000000 0.000000 -1.000000
    outer loop
      vertex 135.7500 30.0500 0.0000
      vertex 142.8000 34.9000 0.0000
      vertex 142.8000 30.0500 0.0000
    endloop
  endfacet
  facet normal 0.000000 0.000000 1.000000
    outer loop
      vertex 135.7500 30.0500 3.0000
      vertex 142.8000 30.0500 3.0000
      vertex 142.8000 34.9000 3.0000
    endloop
  endfacet
  facet normal 0.000000 0.000000 1.000000
    outer loop
      vertex 135.7500 30.0500 3.0000
      vertex 142.8000 34.9000 3.0000
      vertex 135.7500 34.9000 3.0000
    endloop
  endfacet
  facet normal 0.000000 0.000000 -1.000000
    outer loop
      vertex 135.7500 34.9000 0.0000
      vertex 135.7500 35.0000 0.0000
      vertex 142.8000 35.0000 0.0000
    endloop
  endfacet
  facet normal 0.000000 0.000000 -1.000000
    outer loop
      vertex 135.7500 34.9000 0.0000
      vertex 142.8000 35.0000 0.0000
      vertex 142.8000 34.9000 0.0000
    endloop
  endfacet
  facet normal 0.000000 0.000000 1.000000
    outer loop
      vertex 135.7500 34.9000 3.0000
      vertex 142.8000 34.9000 3.0000
      vertex 142.8000 35.0000 3.0000
    endloop
  endfacet
  facet normal 0.000000 0.000000 1.000000
    outer loop
      vertex 135.7500 34.9000 3.0000
      vertex 142.8000 35.0000 3.0000
      vertex 135.7500 35.0000 3.0000
    endloop
  endfacet
  facet normal 0.000000 0.000000 -1.000000
    outer loop
      vertex 135.7500 35.0000 0.0000
      vertex 135.7500 49.0000 0.0000
      vertex 142.8000 49.0000 0.0000
    endloop
  endfacet
  facet normal 0.000000 0.000000 -1.000000
    outer loop
      vertex 135.7500 35.0000 0.0000
      vertex 142.8000 49.0000 0.0000
      vertex 142.8000 35.0000 0.0000
    endloop
  endfacet
  facet normal 0.000000 0.000000 1.000000
    outer loop
      vertex 135.7500 35.0000 3.0000
      vertex 142.8000 35.0000 3.0000
      vertex 142.8000 49.0000 3.0000
    endloop
  endfacet
  facet normal 0.000000 0.000000 1.000000
    outer loop
      vertex 135.7500 35.0000 3.0000
      vertex 142.8000 49.0000 3.0000
      vertex 135.7500 49.0000 3.0000
    endloop
  endfacet
  facet normal 0.000000 0.000000 -1.000000
    outer loop
      vertex 135.7500 49.0000 0.0000
      vertex 135.7500 49.1000 0.0000
      vertex 142.8000 49.1000 0.0000
    endloop
  endfacet
  facet normal 0.000000 0.000000 -1.000000
    outer loop
      vertex 135.7500 49.0000 0.0000
      vertex 142.8000 49.1000 0.0000
      vertex 142.8000 49.0000 0.0000
    endloop
  endfacet
  facet normal 0.000000 0.000000 1.000000
    outer loop
      vertex 135.7500 49.0000 3.0000
      vertex 142.8000 49.0000 3.0000
      vertex 142.8000 49.1000 3.0000
    endloop
  endfacet
  facet normal 0.000000 0.000000 1.000000
    outer loop
      vertex 135.7500 49.0000 3.0000
      vertex 142.8000 49.1000 3.0000
      vertex 135.7500 49.1000 3.0000
    endloop
  endfacet
  facet normal 0.000000 0.000000 -1.000000
    outer loop
      vertex 135.7500 49.1000 0.0000
      vertex 135.7500 53.9500 0.0000
      vertex 142.8000 53.9500 0.0000
    endloop
  endfacet
  facet normal 0.000000 0.000000 -1.000000
    outer loop
      vertex 135.7500 49.1000 0.0000
      vertex 142.8000 53.9500 0.0000
      vertex 142.8000 49.1000 0.0000
    endloop
  endfacet
  facet normal 0.000000 0.000000 1.000000
    outer loop
      vertex 135.7500 49.1000 3.0000
      vertex 142.8000 49.1000 3.0000
      vertex 142.8000 53.9500 3.0000
    endloop
  endfacet
  facet normal 0.000000 0.000000 1.000000
    outer loop
      vertex 135.7500 49.1000 3.0000
      vertex 142.8000 53.9500 3.0000
      vertex 135.7500 53.9500 3.0000
    endloop
  endfacet
  facet normal 0.000000 0.000000 -1.000000
    outer loop
      vertex 135.7500 53.9500 0.0000
      vertex 135.7500 57.3000 0.0000
      vertex 142.8000 57.3000 0.0000
    endloop
  endfacet
  facet normal 0.000000 0.000000 -1.000000
    outer loop
      vertex 135.7500 53.9500 0.0000
      vertex 142.8000 57.3000 0.0000
      vertex 142.8000 53.9500 0.0000
    endloop
  endfacet
  facet normal 0.000000 0.000000 1.000000
    outer loop
      vertex 135.7500 53.9500 3.0000
      vertex 142.8000 53.9500 3.0000
      vertex 142.8000 57.3000 3.0000
    endloop
  endfacet
  facet normal 0.000000 0.000000 1.000000
    outer loop
      vertex 135.7500 53.9500 3.0000
      vertex 142.8000 57.3000 3.0000
      vertex 135.7500 57.3000 3.0000
    endloop
  endfacet
  facet normal 0.000000 0.000000 -1.000000
    outer loop
      vertex 135.7500 57.3000 0.0000
      vertex 135.7500 64.8000 0.0000
      vertex 142.8000 64.8000 0.0000
    endloop
  endfacet
  facet normal 0.000000 0.000000 -1.000000
    outer loop
      vertex 135.7500 57.3000 0.0000
      vertex 142.8000 64.8000 0.0000
      vertex 142.8000 57.3000 0.0000
    endloop
  endfacet
  facet normal 0.000000 0.000000 1.000000
    outer loop
      vertex 135.7500 57.3000 3.0000
      vertex 142.8000 57.3000 3.0000
      vertex 142.8000 64.8000 3.0000
    endloop
  endfacet
  facet normal 0.000000 0.000000 1.000000
    outer loop
      vertex 135.7500 57.3000 3.0000
      vertex 142.8000 64.8000 3.0000
      vertex 135.7500 64.8000 3.0000
    endloop
  endfacet
  facet normal -1.000000 0.000000 0.000000
    outer loop
      vertex 135.7500 64.8000 0.0000
      vertex 135.7500 57.3000 0.0000
      vertex 135.7500 57.3000 3.0000
    endloop
  endfacet
  facet normal -1.000000 0.000000 0.000000
    outer loop
      vertex 135.7500 64.8000 0.0000
      vertex 135.7500 57.3000 3.0000
      vertex 135.7500 64.8000 3.0000
    endloop
  endfacet
  facet normal 0.000000 0.000000 -1.000000
    outer loop
      vertex 135.7500 64.8000 0.0000
      vertex 135.7500 68.1500 0.0000
      vertex 142.8000 68.1500 0.0000
    endloop
  endfacet
  facet normal 0.000000 0.000000 -1.000000
    outer loop
      vertex 135.7500 64.8000 0.0000
      vertex 142.8000 68.1500 0.0000
      vertex 142.8000 64.8000 0.0000
    endloop
  endfacet
  facet normal 0.000000 0.000000 1.000000
    outer loop
      vertex 135.7500 64.8000 3.0000
      vertex 142.8000 64.8000 3.0000
      vertex 142.8000 68.1500 3.0000
    endloop
  endfacet
  facet normal 0.000000 0.000000 1.000000
    outer loop
      vertex 135.7500 64.8000 3.0000
      vertex 142.8000 68.1500 3.0000
      vertex 135.7500 68.1500 3.0000
    endloop
  endfacet
  facet normal 0.000000 0.000000 -1.000000
    outer loop
      vertex 135.7500 68.1500 0.0000
      vertex 135.7500 76.8000 0.0000
      vertex 142.8000 76.8000 0.0000
    endloop
  endfacet
  facet normal 0.000000 0.000000 -1.000000
    outer loop
      vertex 135.7500 68.1500 0.0000
      vertex 142.8000 76.8000 0.0000
      vertex 142.8000 68.1500 0.0000
    endloop
  endfacet
  facet normal 0.000000 0.000000 1.000000
    outer loop
      vertex 135.7500 68.1500 3.0000
      vertex 142.8000 68.1500 3.0000
      vertex 142.8000 76.8000 3.0000
    endloop
  endfacet
  facet normal 0.000000 0.000000 1.000000
    outer loop
      vertex 135.7500 68.1500 3.0000
      vertex 142.8000 76.8000 3.0000
      vertex 135.7500 76.8000 3.0000
    endloop
  endfacet
  facet normal 0.000000 0.000000 -1.000000
    outer loop
      vertex 135.7500 76.8000 0.0000
      vertex 135.7500 80.2000 0.0000
      vertex 142.8000 80.2000 0.0000
    endloop
  endfacet
  facet normal 0.000000 0.000000 -1.000000
    outer loop
      vertex 135.7500 76.8000 0.0000
      vertex 142.8000 80.2000 0.0000
      vertex 142.8000 76.8000 0.0000
    endloop
  endfacet
  facet normal 0.000000 0.000000 1.000000
    outer loop
      vertex 135.7500 76.8000 3.0000
      vertex 142.8000 76.8000 3.0000
      vertex 142.8000 80.2000 3.0000
    endloop
  endfacet
  facet normal 0.000000 0.000000 1.000000
    outer loop
      vertex 135.7500 76.8000 3.0000
      vertex 142.8000 80.2000 3.0000
      vertex 135.7500 80.2000 3.0000
    endloop
  endfacet
  facet normal 1.000000 0.000000 0.000000
    outer loop
      vertex 142.8000 76.8000 0.0000
      vertex 142.8000 80.2000 0.0000
      vertex 142.8000 80.2000 3.0000
    endloop
  endfacet
  facet normal 1.000000 0.000000 0.000000
    outer loop
      vertex 142.8000 76.8000 0.0000
      vertex 142.8000 80.2000 3.0000
      vertex 142.8000 76.8000 3.0000
    endloop
  endfacet
  facet normal 0.000000 0.000000 -1.000000
    outer loop
      vertex 135.7500 80.2000 0.0000
      vertex 135.7500 84.0000 0.0000
      vertex 142.8000 84.0000 0.0000
    endloop
  endfacet
  facet normal 0.000000 0.000000 -1.000000
    outer loop
      vertex 135.7500 80.2000 0.0000
      vertex 142.8000 84.0000 0.0000
      vertex 142.8000 80.2000 0.0000
    endloop
  endfacet
  facet normal 0.000000 0.000000 1.000000
    outer loop
      vertex 135.7500 80.2000 3.0000
      vertex 142.8000 80.2000 3.0000
      vertex 142.8000 84.0000 3.0000
    endloop
  endfacet
  facet normal 0.000000 0.000000 1.000000
    outer loop
      vertex 135.7500 80.2000 3.0000
      vertex 142.8000 84.0000 3.0000
      vertex 135.7500 84.0000 3.0000
    endloop
  endfacet
  facet normal 0.000000 1.000000 0.000000
    outer loop
      vertex 142.8000 84.0000 0.0000
      vertex 135.7500 84.0000 0.0000
      vertex 135.7500 84.0000 3.0000
    endloop
  endfacet
  facet normal 0.000000 1.000000 -0.000000
    outer loop
      vertex 142.8000 84.0000 0.0000
      vertex 135.7500 84.0000 3.0000
      vertex 142.8000 84.0000 3.0000
    endloop
  endfacet
  facet normal 0.000000 0.000000 -1.000000
    outer loop
      vertex 142.8000 0.0000 0.0000
      vertex 142.8000 3.8000 0.0000
      vertex 146.2000 3.8000 0.0000
    endloop
  endfacet
  facet normal 0.000000 0.000000 -1.000000
    outer loop
      vertex 142.8000 0.0000 0.0000
      vertex 146.2000 3.8000 0.0000
      vertex 146.2000 0.0000 0.0000
    endloop
  endfacet
  facet normal 0.000000 0.000000 1.000000
    outer loop
      vertex 142.8000 0.0000 3.0000
      vertex 146.2000 0.0000 3.0000
      vertex 146.2000 3.8000 3.0000
    endloop
  endfacet
  facet normal 0.000000 0.000000 1.000000
    outer loop
      vertex 142.8000 0.0000 3.0000
      vertex 146.2000 3.8000 3.0000
      vertex 142.8000 3.8000 3.0000
    endloop
  endfacet
  facet normal 0.000000 -1.000000 0.000000
    outer loop
      vertex 142.8000 0.0000 0.0000
      vertex 146.2000 0.0000 0.0000
      vertex 146.2000 0.0000 3.0000
    endloop
  endfacet
  facet normal 0.000000 -1.000000 0.000000
    outer loop
      vertex 142.8000 0.0000 0.0000
      vertex 146.2000 0.0000 3.0000
      vertex 142.8000 0.0000 3.0000
    endloop
  endfacet
  facet normal 0.000000 1.000000 0.000000
    outer loop
      vertex 146.2000 3.8000 0.0000
      vertex 142.8000 3.8000 0.0000
      vertex 142.8000 3.8000 3.0000
    endloop
  endfacet
  facet normal 0.000000 1.000000 -0.000000
    outer loop
      vertex 146.2000 3.8000 0.0000
      vertex 142.8000 3.8000 3.0000
      vertex 146.2000 3.8000 3.0000
    endloop
  endfacet
  facet normal 0.000000 0.000000 -1.000000
    outer loop
      vertex 142.8000 7.2000 0.0000
      vertex 142.8000 15.8500 0.0000
      vertex 146.2000 15.8500 0.0000
    endloop
  endfacet
  facet normal 0.000000 0.000000 -1.000000
    outer loop
      vertex 142.8000 7.2000 0.0000
      vertex 146.2000 15.8500 0.0000
      vertex 146.2000 7.2000 0.0000
    endloop
  endfacet
  facet normal 0.000000 0.000000 1.000000
    outer loop
      vertex 142.8000 7.2000 3.0000
      vertex 146.2000 7.2000 3.0000
      vertex 146.2000 15.8500 3.0000
    endloop
  endfacet
  facet normal 0.000000 0.000000 1.000000
    outer loop
      vertex 142.8000 7.2000 3.0000
      vertex 146.2000 15.8500 3.0000
      vertex 142.8000 15.8500 3.0000
    endloop
  endfacet
  facet normal 0.000000 -1.000000 0.000000
    outer loop
      vertex 142.8000 7.2000 0.0000
      vertex 146.2000 7.2000 0.0000
      vertex 146.2000 7.2000 3.0000
    endloop
  endfacet
  facet normal 0.000000 -1.000000 0.000000
    outer loop
      vertex 142.8000 7.2000 0.0000
      vertex 146.2000 7.2000 3.0000
      vertex 142.8000 7.2000 3.0000
    endloop
  endfacet
  facet normal 0.000000 0.000000 -1.000000
    outer loop
      vertex 142.8000 15.8500 0.0000
      vertex 142.8000 19.2000 0.0000
      vertex 146.2000 19.2000 0.0000
    endloop
  endfacet
  facet normal 0.000000 0.000000 -1.000000
    outer loop
      vertex 142.8000 15.8500 0.0000
      vertex 146.2000 19.2000 0.0000
      vertex 146.2000 15.8500 0.0000
    endloop
  endfacet
  facet normal 0.000000 0.000000 1.000000
    outer loop
      vertex 142.8000 15.8500 3.0000
      vertex 146.2000 15.8500 3.0000
      vertex 146.2000 19.2000 3.0000
    endloop
  endfacet
  facet normal 0.000000 0.000000 1.000000
    outer loop
      vertex 142.8000 15.8500 3.0000
      vertex 146.2000 19.2000 3.0000
      vertex 142.8000 19.2000 3.0000
    endloop
  endfacet
  facet normal 0.000000 0.000000 -1.000000
    outer loop
      vertex 142.8000 19.2000 0.0000
      vertex 142.8000 26.7000 0.0000
      vertex 146.2000 26.7000 0.0000
    endloop
  endfacet
  facet normal 0.000000 0.000000 -1.000000
    outer loop
      vertex 142.8000 19.2000 0.0000
      vertex 146.2000 26.7000 0.0000
      vertex 146.2000 19.2000 0.0000
    endloop
  endfacet
  facet normal 0.000000 0.000000 1.000000
    outer loop
      vertex 142.8000 19.2000 3.0000
      vertex 146.2000 19.2000 3.0000
      vertex 146.2000 26.7000 3.0000
    endloop
  endfacet
  facet normal 0.000000 0.000000 1.000000
    outer loop
      vertex 142.8000 19.2000 3.0000
      vertex 146.2000 26.7000 3.0000
      vertex 142.8000 26.7000 3.0000
    endloop
  endfacet
  facet normal 0.000000 0.000000 -1.000000
    outer loop
      vertex 142.8000 26.7000 0.0000
      vertex 142.8000 30.0500 0.0000
      vertex 146.2000 30.0500 0.0000
    endloop
  endfacet
  facet normal 0.000000 0.000000 -1.000000
    outer loop
      vertex 142.8000 26.7000 0.0000
      vertex 146.2000 30.0500 0.0000
      vertex 146.2000 26.7000 0.0000
    endloop
  endfacet
  facet normal 0.000000 0.000000 1.000000
    outer loop
      vertex 142.8000 26.7000 3.0000
      vertex 146.2000 26.7000 3.0000
      vertex 146.2000 30.0500 3.0000
    endloop
  endfacet
  facet normal 0.000000 0.000000 1.000000
    outer loop
      vertex 142.8000 26.7000 3.0000
      vertex 146.2000 30.0500 3.0000
      vertex 142.8000 30.0500 3.0000
    endloop
  endfacet
  facet normal 0.000000 0.000000 -1.000000
    outer loop
      vertex 142.8000 30.0500 0.0000
      vertex 142.8000 34.9000 0.0000
      vertex 146.2000 34.9000 0.0000
    endloop
  endfacet
  facet normal 0.000000 0.000000 -1.000000
    outer loop
      vertex 142.8000 30.0500 0.0000
      vertex 146.2000 34.9000 0.0000
      vertex 146.2000 30.0500 0.0000
    endloop
  endfacet
  facet normal 0.000000 0.000000 1.000000
    outer loop
      vertex 142.8000 30.0500 3.0000
      vertex 146.2000 30.0500 3.0000
      vertex 146.2000 34.9000 3.0000
    endloop
  endfacet
  facet normal 0.000000 0.000000 1.000000
    outer loop
      vertex 142.8000 30.0500 3.0000
      vertex 146.2000 34.9000 3.0000
      vertex 142.8000 34.9000 3.0000
    endloop
  endfacet
  facet normal 0.000000 0.000000 -1.000000
    outer loop
      vertex 142.8000 34.9000 0.0000
      vertex 142.8000 35.0000 0.0000
      vertex 146.2000 35.0000 0.0000
    endloop
  endfacet
  facet normal 0.000000 0.000000 -1.000000
    outer loop
      vertex 142.8000 34.9000 0.0000
      vertex 146.2000 35.0000 0.0000
      vertex 146.2000 34.9000 0.0000
    endloop
  endfacet
  facet normal 0.000000 0.000000 1.000000
    outer loop
      vertex 142.8000 34.9000 3.0000
      vertex 146.2000 34.9000 3.0000
      vertex 146.2000 35.0000 3.0000
    endloop
  endfacet
  facet normal 0.000000 0.000000 1.000000
    outer loop
      vertex 142.8000 34.9000 3.0000
      vertex 146.2000 35.0000 3.0000
      vertex 142.8000 35.0000 3.0000
    endloop
  endfacet
  facet normal 0.000000 0.000000 -1.000000
    outer loop
      vertex 142.8000 35.0000 0.0000
      vertex 142.8000 49.0000 0.0000
      vertex 146.2000 49.0000 0.0000
    endloop
  endfacet
  facet normal 0.000000 0.000000 -1.000000
    outer loop
      vertex 142.8000 35.0000 0.0000
      vertex 146.2000 49.0000 0.0000
      vertex 146.2000 35.0000 0.0000
    endloop
  endfacet
  facet normal 0.000000 0.000000 1.000000
    outer loop
      vertex 142.8000 35.0000 3.0000
      vertex 146.2000 35.0000 3.0000
      vertex 146.2000 49.0000 3.0000
    endloop
  endfacet
  facet normal 0.000000 0.000000 1.000000
    outer loop
      vertex 142.8000 35.0000 3.0000
      vertex 146.2000 49.0000 3.0000
      vertex 142.8000 49.0000 3.0000
    endloop
  endfacet
  facet normal 0.000000 0.000000 -1.000000
    outer loop
      vertex 142.8000 49.0000 0.0000
      vertex 142.8000 49.1000 0.0000
      vertex 146.2000 49.1000 0.0000
    endloop
  endfacet
  facet normal 0.000000 0.000000 -1.000000
    outer loop
      vertex 142.8000 49.0000 0.0000
      vertex 146.2000 49.1000 0.0000
      vertex 146.2000 49.0000 0.0000
    endloop
  endfacet
  facet normal 0.000000 0.000000 1.000000
    outer loop
      vertex 142.8000 49.0000 3.0000
      vertex 146.2000 49.0000 3.0000
      vertex 146.2000 49.1000 3.0000
    endloop
  endfacet
  facet normal 0.000000 0.000000 1.000000
    outer loop
      vertex 142.8000 49.0000 3.0000
      vertex 146.2000 49.1000 3.0000
      vertex 142.8000 49.1000 3.0000
    endloop
  endfacet
  facet normal 0.000000 0.000000 -1.000000
    outer loop
      vertex 142.8000 49.1000 0.0000
      vertex 142.8000 53.9500 0.0000
      vertex 146.2000 53.9500 0.0000
    endloop
  endfacet
  facet normal 0.000000 0.000000 -1.000000
    outer loop
      vertex 142.8000 49.1000 0.0000
      vertex 146.2000 53.9500 0.0000
      vertex 146.2000 49.1000 0.0000
    endloop
  endfacet
  facet normal 0.000000 0.000000 1.000000
    outer loop
      vertex 142.8000 49.1000 3.0000
      vertex 146.2000 49.1000 3.0000
      vertex 146.2000 53.9500 3.0000
    endloop
  endfacet
  facet normal 0.000000 0.000000 1.000000
    outer loop
      vertex 142.8000 49.1000 3.0000
      vertex 146.2000 53.9500 3.0000
      vertex 142.8000 53.9500 3.0000
    endloop
  endfacet
  facet normal 0.000000 0.000000 -1.000000
    outer loop
      vertex 142.8000 53.9500 0.0000
      vertex 142.8000 57.3000 0.0000
      vertex 146.2000 57.3000 0.0000
    endloop
  endfacet
  facet normal 0.000000 0.000000 -1.000000
    outer loop
      vertex 142.8000 53.9500 0.0000
      vertex 146.2000 57.3000 0.0000
      vertex 146.2000 53.9500 0.0000
    endloop
  endfacet
  facet normal 0.000000 0.000000 1.000000
    outer loop
      vertex 142.8000 53.9500 3.0000
      vertex 146.2000 53.9500 3.0000
      vertex 146.2000 57.3000 3.0000
    endloop
  endfacet
  facet normal 0.000000 0.000000 1.000000
    outer loop
      vertex 142.8000 53.9500 3.0000
      vertex 146.2000 57.3000 3.0000
      vertex 142.8000 57.3000 3.0000
    endloop
  endfacet
  facet normal 0.000000 0.000000 -1.000000
    outer loop
      vertex 142.8000 57.3000 0.0000
      vertex 142.8000 64.8000 0.0000
      vertex 146.2000 64.8000 0.0000
    endloop
  endfacet
  facet normal 0.000000 0.000000 -1.000000
    outer loop
      vertex 142.8000 57.3000 0.0000
      vertex 146.2000 64.8000 0.0000
      vertex 146.2000 57.3000 0.0000
    endloop
  endfacet
  facet normal 0.000000 0.000000 1.000000
    outer loop
      vertex 142.8000 57.3000 3.0000
      vertex 146.2000 57.3000 3.0000
      vertex 146.2000 64.8000 3.0000
    endloop
  endfacet
  facet normal 0.000000 0.000000 1.000000
    outer loop
      vertex 142.8000 57.3000 3.0000
      vertex 146.2000 64.8000 3.0000
      vertex 142.8000 64.8000 3.0000
    endloop
  endfacet
  facet normal 0.000000 0.000000 -1.000000
    outer loop
      vertex 142.8000 64.8000 0.0000
      vertex 142.8000 68.1500 0.0000
      vertex 146.2000 68.1500 0.0000
    endloop
  endfacet
  facet normal 0.000000 0.000000 -1.000000
    outer loop
      vertex 142.8000 64.8000 0.0000
      vertex 146.2000 68.1500 0.0000
      vertex 146.2000 64.8000 0.0000
    endloop
  endfacet
  facet normal 0.000000 0.000000 1.000000
    outer loop
      vertex 142.8000 64.8000 3.0000
      vertex 146.2000 64.8000 3.0000
      vertex 146.2000 68.1500 3.0000
    endloop
  endfacet
  facet normal 0.000000 0.000000 1.000000
    outer loop
      vertex 142.8000 64.8000 3.0000
      vertex 146.2000 68.1500 3.0000
      vertex 142.8000 68.1500 3.0000
    endloop
  endfacet
  facet normal 0.000000 0.000000 -1.000000
    outer loop
      vertex 142.8000 68.1500 0.0000
      vertex 142.8000 76.8000 0.0000
      vertex 146.2000 76.8000 0.0000
    endloop
  endfacet
  facet normal 0.000000 0.000000 -1.000000
    outer loop
      vertex 142.8000 68.1500 0.0000
      vertex 146.2000 76.8000 0.0000
      vertex 146.2000 68.1500 0.0000
    endloop
  endfacet
  facet normal 0.000000 0.000000 1.000000
    outer loop
      vertex 142.8000 68.1500 3.0000
      vertex 146.2000 68.1500 3.0000
      vertex 146.2000 76.8000 3.0000
    endloop
  endfacet
  facet normal 0.000000 0.000000 1.000000
    outer loop
      vertex 142.8000 68.1500 3.0000
      vertex 146.2000 76.8000 3.0000
      vertex 142.8000 76.8000 3.0000
    endloop
  endfacet
  facet normal 0.000000 1.000000 0.000000
    outer loop
      vertex 146.2000 76.8000 0.0000
      vertex 142.8000 76.8000 0.0000
      vertex 142.8000 76.8000 3.0000
    endloop
  endfacet
  facet normal 0.000000 1.000000 -0.000000
    outer loop
      vertex 146.2000 76.8000 0.0000
      vertex 142.8000 76.8000 3.0000
      vertex 146.2000 76.8000 3.0000
    endloop
  endfacet
  facet normal 0.000000 0.000000 -1.000000
    outer loop
      vertex 142.8000 80.2000 0.0000
      vertex 142.8000 84.0000 0.0000
      vertex 146.2000 84.0000 0.0000
    endloop
  endfacet
  facet normal 0.000000 0.000000 -1.000000
    outer loop
      vertex 142.8000 80.2000 0.0000
      vertex 146.2000 84.0000 0.0000
      vertex 146.2000 80.2000 0.0000
    endloop
  endfacet
  facet normal 0.000000 0.000000 1.000000
    outer loop
      vertex 142.8000 80.2000 3.0000
      vertex 146.2000 80.2000 3.0000
      vertex 146.2000 84.0000 3.0000
    endloop
  endfacet
  facet normal 0.000000 0.000000 1.000000
    outer loop
      vertex 142.8000 80.2000 3.0000
      vertex 146.2000 84.0000 3.0000
      vertex 142.8000 84.0000 3.0000
    endloop
  endfacet
  facet normal 0.000000 -1.000000 0.000000
    outer loop
      vertex 142.8000 80.2000 0.0000
      vertex 146.2000 80.2000 0.0000
      vertex 146.2000 80.2000 3.0000
    endloop
  endfacet
  facet normal 0.000000 -1.000000 0.000000
    outer loop
      vertex 142.8000 80.2000 0.0000
      vertex 146.2000 80.2000 3.0000
      vertex 142.8000 80.2000 3.0000
    endloop
  endfacet
  facet normal 0.000000 1.000000 0.000000
    outer loop
      vertex 146.2000 84.0000 0.0000
      vertex 142.8000 84.0000 0.0000
      vertex 142.8000 84.0000 3.0000
    endloop
  endfacet
  facet normal 0.000000 1.000000 -0.000000
    outer loop
      vertex 146.2000 84.0000 0.0000
      vertex 142.8000 84.0000 3.0000
      vertex 146.2000 84.0000 3.0000
    endloop
  endfacet
  facet normal 0.000000 0.000000 -1.000000
    outer loop
      vertex 146.2000 0.0000 0.0000
      vertex 146.2000 3.8000 0.0000
      vertex 150.0000 3.8000 0.0000
    endloop
  endfacet
  facet normal 0.000000 0.000000 -1.000000
    outer loop
      vertex 146.2000 0.0000 0.0000
      vertex 150.0000 3.8000 0.0000
      vertex 150.0000 0.0000 0.0000
    endloop
  endfacet
  facet normal 0.000000 0.000000 1.000000
    outer loop
      vertex 146.2000 0.0000 3.0000
      vertex 150.0000 0.0000 3.0000
      vertex 150.0000 3.8000 3.0000
    endloop
  endfacet
  facet normal 0.000000 0.000000 1.000000
    outer loop
      vertex 146.2000 0.0000 3.0000
      vertex 150.0000 3.8000 3.0000
      vertex 146.2000 3.8000 3.0000
    endloop
  endfacet
  facet normal 0.000000 -1.000000 0.000000
    outer loop
      vertex 146.2000 0.0000 0.0000
      vertex 150.0000 0.0000 0.0000
      vertex 150.0000 0.0000 3.0000
    endloop
  endfacet
  facet normal 0.000000 -1.000000 0.000000
    outer loop
      vertex 146.2000 0.0000 0.0000
      vertex 150.0000 0.0000 3.0000
      vertex 146.2000 0.0000 3.0000
    endloop
  endfacet
  facet normal 1.000000 0.000000 0.000000
    outer loop
      vertex 150.0000 0.0000 0.0000
      vertex 150.0000 3.8000 0.0000
      vertex 150.0000 3.8000 3.0000
    endloop
  endfacet
  facet normal 1.000000 0.000000 0.000000
    outer loop
      vertex 150.0000 0.0000 0.0000
      vertex 150.0000 3.8000 3.0000
      vertex 150.0000 0.0000 3.0000
    endloop
  endfacet
  facet normal 0.000000 0.000000 -1.000000
    outer loop
      vertex 146.2000 3.8000 0.0000
      vertex 146.2000 7.2000 0.0000
      vertex 150.0000 7.2000 0.0000
    endloop
  endfacet
  facet normal 0.000000 0.000000 -1.000000
    outer loop
      vertex 146.2000 3.8000 0.0000
      vertex 150.0000 7.2000 0.0000
      vertex 150.0000 3.8000 0.0000
    endloop
  endfacet
  facet normal 0.000000 0.000000 1.000000
    outer loop
      vertex 146.2000 3.8000 3.0000
      vertex 150.0000 3.8000 3.0000
      vertex 150.0000 7.2000 3.0000
    endloop
  endfacet
  facet normal 0.000000 0.000000 1.000000
    outer loop
      vertex 146.2000 3.8000 3.0000
      vertex 150.0000 7.2000 3.0000
      vertex 146.2000 7.2000 3.0000
    endloop
  endfacet
  facet normal -1.000000 0.000000 0.000000
    outer loop
      vertex 146.2000 7.2000 0.0000
      vertex 146.2000 3.8000 0.0000
      vertex 146.2000 3.8000 3.0000
    endloop
  endfacet
  facet normal -1.000000 0.000000 0.000000
    outer loop
      vertex 146.2000 7.2000 0.0000
      vertex 146.2000 3.8000 3.0000
      vertex 146.2000 7.2000 3.0000
    endloop
  endfacet
  facet normal 1.000000 0.000000 0.000000
    outer loop
      vertex 150.0000 3.8000 0.0000
      vertex 150.0000 7.2000 0.0000
      vertex 150.0000 7.2000 3.0000
    endloop
  endfacet
  facet normal 1.000000 0.000000 0.000000
    outer loop
      vertex 150.0000 3.8000 0.0000
      vertex 150.0000 7.2000 3.0000
      vertex 150.0000 3.8000 3.0000
    endloop
  endfacet
  facet normal 0.000000 0.000000 -1.000000
    outer loop
      vertex 146.2000 7.2000 0.0000
      vertex 146.2000 15.8500 0.0000
      vertex 150.0000 15.8500 0.0000
    endloop
  endfacet
  facet normal 0.000000 0.000000 -1.000000
    outer loop
      vertex 146.2000 7.2000 0.0000
      vertex 150.0000 15.8500 0.0000
      vertex 150.0000 7.2000 0.0000
    endloop
  endfacet
  facet normal 0.000000 0.000000 1.000000
    outer loop
      vertex 146.2000 7.2000 3.0000
      vertex 150.0000 7.2000 3.0000
      vertex 150.0000 15.8500 3.0000
    endloop
  endfacet
  facet normal 0.000000 0.000000 1.000000
    outer loop
      vertex 146.2000 7.2000 3.0000
      vertex 150.0000 15.8500 3.0000
      vertex 146.2000 15.8500 3.0000
    endloop
  endfacet
  facet normal 1.000000 0.000000 0.000000
    outer loop
      vertex 150.0000 7.2000 0.0000
      vertex 150.0000 15.8500 0.0000
      vertex 150.0000 15.8500 3.0000
    endloop
  endfacet
  facet normal 1.000000 0.000000 0.000000
    outer loop
      vertex 150.0000 7.2000 0.0000
      vertex 150.0000 15.8500 3.0000
      vertex 150.0000 7.2000 3.0000
    endloop
  endfacet
  facet normal 0.000000 0.000000 -1.000000
    outer loop
      vertex 146.2000 15.8500 0.0000
      vertex 146.2000 19.2000 0.0000
      vertex 150.0000 19.2000 0.0000
    endloop
  endfacet
  facet normal 0.000000 0.000000 -1.000000
    outer loop
      vertex 146.2000 15.8500 0.0000
      vertex 150.0000 19.2000 0.0000
      vertex 150.0000 15.8500 0.0000
    endloop
  endfacet
  facet normal 0.000000 0.000000 1.000000
    outer loop
      vertex 146.2000 15.8500 3.0000
      vertex 150.0000 15.8500 3.0000
      vertex 150.0000 19.2000 3.0000
    endloop
  endfacet
  facet normal 0.000000 0.000000 1.000000
    outer loop
      vertex 146.2000 15.8500 3.0000
      vertex 150.0000 19.2000 3.0000
      vertex 146.2000 19.2000 3.0000
    endloop
  endfacet
  facet normal 1.000000 0.000000 0.000000
    outer loop
      vertex 150.0000 15.8500 0.0000
      vertex 150.0000 19.2000 0.0000
      vertex 150.0000 19.2000 3.0000
    endloop
  endfacet
  facet normal 1.000000 0.000000 0.000000
    outer loop
      vertex 150.0000 15.8500 0.0000
      vertex 150.0000 19.2000 3.0000
      vertex 150.0000 15.8500 3.0000
    endloop
  endfacet
  facet normal 0.000000 0.000000 -1.000000
    outer loop
      vertex 146.2000 19.2000 0.0000
      vertex 146.2000 26.7000 0.0000
      vertex 150.0000 26.7000 0.0000
    endloop
  endfacet
  facet normal 0.000000 0.000000 -1.000000
    outer loop
      vertex 146.2000 19.2000 0.0000
      vertex 150.0000 26.7000 0.0000
      vertex 150.0000 19.2000 0.0000
    endloop
  endfacet
  facet normal 0.000000 0.000000 1.000000
    outer loop
      vertex 146.2000 19.2000 3.0000
      vertex 150.0000 19.2000 3.0000
      vertex 150.0000 26.7000 3.0000
    endloop
  endfacet
  facet normal 0.000000 0.000000 1.000000
    outer loop
      vertex 146.2000 19.2000 3.0000
      vertex 150.0000 26.7000 3.0000
      vertex 146.2000 26.7000 3.0000
    endloop
  endfacet
  facet normal 1.000000 0.000000 0.000000
    outer loop
      vertex 150.0000 19.2000 0.0000
      vertex 150.0000 26.7000 0.0000
      vertex 150.0000 26.7000 3.0000
    endloop
  endfacet
  facet normal 1.000000 0.000000 0.000000
    outer loop
      vertex 150.0000 19.2000 0.0000
      vertex 150.0000 26.7000 3.0000
      vertex 150.0000 19.2000 3.0000
    endloop
  endfacet
  facet normal 0.000000 0.000000 -1.000000
    outer loop
      vertex 146.2000 26.7000 0.0000
      vertex 146.2000 30.0500 0.0000
      vertex 150.0000 30.0500 0.0000
    endloop
  endfacet
  facet normal 0.000000 0.000000 -1.000000
    outer loop
      vertex 146.2000 26.7000 0.0000
      vertex 150.0000 30.0500 0.0000
      vertex 150.0000 26.7000 0.0000
    endloop
  endfacet
  facet normal 0.000000 0.000000 1.000000
    outer loop
      vertex 146.2000 26.7000 3.0000
      vertex 150.0000 26.7000 3.0000
      vertex 150.0000 30.0500 3.0000
    endloop
  endfacet
  facet normal 0.000000 0.000000 1.000000
    outer loop
      vertex 146.2000 26.7000 3.0000
      vertex 150.0000 30.0500 3.0000
      vertex 146.2000 30.0500 3.0000
    endloop
  endfacet
  facet normal 1.000000 0.000000 0.000000
    outer loop
      vertex 150.0000 26.7000 0.0000
      vertex 150.0000 30.0500 0.0000
      vertex 150.0000 30.0500 3.0000
    endloop
  endfacet
  facet normal 1.000000 0.000000 0.000000
    outer loop
      vertex 150.0000 26.7000 0.0000
      vertex 150.0000 30.0500 3.0000
      vertex 150.0000 26.7000 3.0000
    endloop
  endfacet
  facet normal 0.000000 0.000000 -1.000000
    outer loop
      vertex 146.2000 30.0500 0.0000
      vertex 146.2000 34.9000 0.0000
      vertex 150.0000 34.9000 0.0000
    endloop
  endfacet
  facet normal 0.000000 0.000000 -1.000000
    outer loop
      vertex 146.2000 30.0500 0.0000
      vertex 150.0000 34.9000 0.0000
      vertex 150.0000 30.0500 0.0000
    endloop
  endfacet
  facet normal 0.000000 0.000000 1.000000
    outer loop
      vertex 146.2000 30.0500 3.0000
      vertex 150.0000 30.0500 3.0000
      vertex 150.0000 34.9000 3.0000
    endloop
  endfacet
  facet normal 0.000000 0.000000 1.000000
    outer loop
      vertex 146.2000 30.0500 3.0000
      vertex 150.0000 34.9000 3.0000
      vertex 146.2000 34.9000 3.0000
    endloop
  endfacet
  facet normal 1.000000 0.000000 0.000000
    outer loop
      vertex 150.0000 30.0500 0.0000
      vertex 150.0000 34.9000 0.0000
      vertex 150.0000 34.9000 3.0000
    endloop
  endfacet
  facet normal 1.000000 0.000000 0.000000
    outer loop
      vertex 150.0000 30.0500 0.0000
      vertex 150.0000 34.9000 3.0000
      vertex 150.0000 30.0500 3.0000
    endloop
  endfacet
  facet normal 0.000000 0.000000 -1.000000
    outer loop
      vertex 146.2000 34.9000 0.0000
      vertex 146.2000 35.0000 0.0000
      vertex 150.0000 35.0000 0.0000
    endloop
  endfacet
  facet normal 0.000000 0.000000 -1.000000
    outer loop
      vertex 146.2000 34.9000 0.0000
      vertex 150.0000 35.0000 0.0000
      vertex 150.0000 34.9000 0.0000
    endloop
  endfacet
  facet normal 0.000000 0.000000 1.000000
    outer loop
      vertex 146.2000 34.9000 3.0000
      vertex 150.0000 34.9000 3.0000
      vertex 150.0000 35.0000 3.0000
    endloop
  endfacet
  facet normal 0.000000 0.000000 1.000000
    outer loop
      vertex 146.2000 34.9000 3.0000
      vertex 150.0000 35.0000 3.0000
      vertex 146.2000 35.0000 3.0000
    endloop
  endfacet
  facet normal 1.000000 0.000000 0.000000
    outer loop
      vertex 150.0000 34.9000 0.0000
      vertex 150.0000 35.0000 0.0000
      vertex 150.0000 35.0000 3.0000
    endloop
  endfacet
  facet normal 1.000000 0.000000 0.000000
    outer loop
      vertex 150.0000 34.9000 0.0000
      vertex 150.0000 35.0000 3.0000
      vertex 150.0000 34.9000 3.0000
    endloop
  endfacet
  facet normal 0.000000 0.000000 -1.000000
    outer loop
      vertex 146.2000 35.0000 0.0000
      vertex 146.2000 49.0000 0.0000
      vertex 150.0000 49.0000 0.0000
    endloop
  endfacet
  facet normal 0.000000 0.000000 -1.000000
    outer loop
      vertex 146.2000 35.0000 0.0000
      vertex 150.0000 49.0000 0.0000
      vertex 150.0000 35.0000 0.0000
    endloop
  endfacet
  facet normal 0.000000 0.000000 1.000000
    outer loop
      vertex 146.2000 35.0000 3.0000
      vertex 150.0000 35.0000 3.0000
      vertex 150.0000 49.0000 3.0000
    endloop
  endfacet
  facet normal 0.000000 0.000000 1.000000
    outer loop
      vertex 146.2000 35.0000 3.0000
      vertex 150.0000 49.0000 3.0000
      vertex 146.2000 49.0000 3.0000
    endloop
  endfacet
  facet normal 1.000000 0.000000 0.000000
    outer loop
      vertex 150.0000 35.0000 0.0000
      vertex 150.0000 49.0000 0.0000
      vertex 150.0000 49.0000 3.0000
    endloop
  endfacet
  facet normal 1.000000 0.000000 0.000000
    outer loop
      vertex 150.0000 35.0000 0.0000
      vertex 150.0000 49.0000 3.0000
      vertex 150.0000 35.0000 3.0000
    endloop
  endfacet
  facet normal 0.000000 0.000000 -1.000000
    outer loop
      vertex 146.2000 49.0000 0.0000
      vertex 146.2000 49.1000 0.0000
      vertex 150.0000 49.1000 0.0000
    endloop
  endfacet
  facet normal 0.000000 0.000000 -1.000000
    outer loop
      vertex 146.2000 49.0000 0.0000
      vertex 150.0000 49.1000 0.0000
      vertex 150.0000 49.0000 0.0000
    endloop
  endfacet
  facet normal 0.000000 0.000000 1.000000
    outer loop
      vertex 146.2000 49.0000 3.0000
      vertex 150.0000 49.0000 3.0000
      vertex 150.0000 49.1000 3.0000
    endloop
  endfacet
  facet normal 0.000000 0.000000 1.000000
    outer loop
      vertex 146.2000 49.0000 3.0000
      vertex 150.0000 49.1000 3.0000
      vertex 146.2000 49.1000 3.0000
    endloop
  endfacet
  facet normal 1.000000 0.000000 0.000000
    outer loop
      vertex 150.0000 49.0000 0.0000
      vertex 150.0000 49.1000 0.0000
      vertex 150.0000 49.1000 3.0000
    endloop
  endfacet
  facet normal 1.000000 0.000000 0.000000
    outer loop
      vertex 150.0000 49.0000 0.0000
      vertex 150.0000 49.1000 3.0000
      vertex 150.0000 49.0000 3.0000
    endloop
  endfacet
  facet normal 0.000000 0.000000 -1.000000
    outer loop
      vertex 146.2000 49.1000 0.0000
      vertex 146.2000 53.9500 0.0000
      vertex 150.0000 53.9500 0.0000
    endloop
  endfacet
  facet normal 0.000000 0.000000 -1.000000
    outer loop
      vertex 146.2000 49.1000 0.0000
      vertex 150.0000 53.9500 0.0000
      vertex 150.0000 49.1000 0.0000
    endloop
  endfacet
  facet normal 0.000000 0.000000 1.000000
    outer loop
      vertex 146.2000 49.1000 3.0000
      vertex 150.0000 49.1000 3.0000
      vertex 150.0000 53.9500 3.0000
    endloop
  endfacet
  facet normal 0.000000 0.000000 1.000000
    outer loop
      vertex 146.2000 49.1000 3.0000
      vertex 150.0000 53.9500 3.0000
      vertex 146.2000 53.9500 3.0000
    endloop
  endfacet
  facet normal 1.000000 0.000000 0.000000
    outer loop
      vertex 150.0000 49.1000 0.0000
      vertex 150.0000 53.9500 0.0000
      vertex 150.0000 53.9500 3.0000
    endloop
  endfacet
  facet normal 1.000000 0.000000 0.000000
    outer loop
      vertex 150.0000 49.1000 0.0000
      vertex 150.0000 53.9500 3.0000
      vertex 150.0000 49.1000 3.0000
    endloop
  endfacet
  facet normal 0.000000 0.000000 -1.000000
    outer loop
      vertex 146.2000 53.9500 0.0000
      vertex 146.2000 57.3000 0.0000
      vertex 150.0000 57.3000 0.0000
    endloop
  endfacet
  facet normal 0.000000 0.000000 -1.000000
    outer loop
      vertex 146.2000 53.9500 0.0000
      vertex 150.0000 57.3000 0.0000
      vertex 150.0000 53.9500 0.0000
    endloop
  endfacet
  facet normal 0.000000 0.000000 1.000000
    outer loop
      vertex 146.2000 53.9500 3.0000
      vertex 150.0000 53.9500 3.0000
      vertex 150.0000 57.3000 3.0000
    endloop
  endfacet
  facet normal 0.000000 0.000000 1.000000
    outer loop
      vertex 146.2000 53.9500 3.0000
      vertex 150.0000 57.3000 3.0000
      vertex 146.2000 57.3000 3.0000
    endloop
  endfacet
  facet normal 1.000000 0.000000 0.000000
    outer loop
      vertex 150.0000 53.9500 0.0000
      vertex 150.0000 57.3000 0.0000
      vertex 150.0000 57.3000 3.0000
    endloop
  endfacet
  facet normal 1.000000 0.000000 0.000000
    outer loop
      vertex 150.0000 53.9500 0.0000
      vertex 150.0000 57.3000 3.0000
      vertex 150.0000 53.9500 3.0000
    endloop
  endfacet
  facet normal 0.000000 0.000000 -1.000000
    outer loop
      vertex 146.2000 57.3000 0.0000
      vertex 146.2000 64.8000 0.0000
      vertex 150.0000 64.8000 0.0000
    endloop
  endfacet
  facet normal 0.000000 0.000000 -1.000000
    outer loop
      vertex 146.2000 57.3000 0.0000
      vertex 150.0000 64.8000 0.0000
      vertex 150.0000 57.3000 0.0000
    endloop
  endfacet
  facet normal 0.000000 0.000000 1.000000
    outer loop
      vertex 146.2000 57.3000 3.0000
      vertex 150.0000 57.3000 3.0000
      vertex 150.0000 64.8000 3.0000
    endloop
  endfacet
  facet normal 0.000000 0.000000 1.000000
    outer loop
      vertex 146.2000 57.3000 3.0000
      vertex 150.0000 64.8000 3.0000
      vertex 146.2000 64.8000 3.0000
    endloop
  endfacet
  facet normal 1.000000 0.000000 0.000000
    outer loop
      vertex 150.0000 57.3000 0.0000
      vertex 150.0000 64.8000 0.0000
      vertex 150.0000 64.8000 3.0000
    endloop
  endfacet
  facet normal 1.000000 0.000000 0.000000
    outer loop
      vertex 150.0000 57.3000 0.0000
      vertex 150.0000 64.8000 3.0000
      vertex 150.0000 57.3000 3.0000
    endloop
  endfacet
  facet normal 0.000000 0.000000 -1.000000
    outer loop
      vertex 146.2000 64.8000 0.0000
      vertex 146.2000 68.1500 0.0000
      vertex 150.0000 68.1500 0.0000
    endloop
  endfacet
  facet normal 0.000000 0.000000 -1.000000
    outer loop
      vertex 146.2000 64.8000 0.0000
      vertex 150.0000 68.1500 0.0000
      vertex 150.0000 64.8000 0.0000
    endloop
  endfacet
  facet normal 0.000000 0.000000 1.000000
    outer loop
      vertex 146.2000 64.8000 3.0000
      vertex 150.0000 64.8000 3.0000
      vertex 150.0000 68.1500 3.0000
    endloop
  endfacet
  facet normal 0.000000 0.000000 1.000000
    outer loop
      vertex 146.2000 64.8000 3.0000
      vertex 150.0000 68.1500 3.0000
      vertex 146.2000 68.1500 3.0000
    endloop
  endfacet
  facet normal 1.000000 0.000000 0.000000
    outer loop
      vertex 150.0000 64.8000 0.0000
      vertex 150.0000 68.1500 0.0000
      vertex 150.0000 68.1500 3.0000
    endloop
  endfacet
  facet normal 1.000000 0.000000 0.000000
    outer loop
      vertex 150.0000 64.8000 0.0000
      vertex 150.0000 68.1500 3.0000
      vertex 150.0000 64.8000 3.0000
    endloop
  endfacet
  facet normal 0.000000 0.000000 -1.000000
    outer loop
      vertex 146.2000 68.1500 0.0000
      vertex 146.2000 76.8000 0.0000
      vertex 150.0000 76.8000 0.0000
    endloop
  endfacet
  facet normal 0.000000 0.000000 -1.000000
    outer loop
      vertex 146.2000 68.1500 0.0000
      vertex 150.0000 76.8000 0.0000
      vertex 150.0000 68.1500 0.0000
    endloop
  endfacet
  facet normal 0.000000 0.000000 1.000000
    outer loop
      vertex 146.2000 68.1500 3.0000
      vertex 150.0000 68.1500 3.0000
      vertex 150.0000 76.8000 3.0000
    endloop
  endfacet
  facet normal 0.000000 0.000000 1.000000
    outer loop
      vertex 146.2000 68.1500 3.0000
      vertex 150.0000 76.8000 3.0000
      vertex 146.2000 76.8000 3.0000
    endloop
  endfacet
  facet normal 1.000000 0.000000 0.000000
    outer loop
      vertex 150.0000 68.1500 0.0000
      vertex 150.0000 76.8000 0.0000
      vertex 150.0000 76.8000 3.0000
    endloop
  endfacet
  facet normal 1.000000 0.000000 0.000000
    outer loop
      vertex 150.0000 68.1500 0.0000
      vertex 150.0000 76.8000 3.0000
      vertex 150.0000 68.1500 3.0000
    endloop
  endfacet
  facet normal 0.000000 0.000000 -1.000000
    outer loop
      vertex 146.2000 76.8000 0.0000
      vertex 146.2000 80.2000 0.0000
      vertex 150.0000 80.2000 0.0000
    endloop
  endfacet
  facet normal 0.000000 0.000000 -1.000000
    outer loop
      vertex 146.2000 76.8000 0.0000
      vertex 150.0000 80.2000 0.0000
      vertex 150.0000 76.8000 0.0000
    endloop
  endfacet
  facet normal 0.000000 0.000000 1.000000
    outer loop
      vertex 146.2000 76.8000 3.0000
      vertex 150.0000 76.8000 3.0000
      vertex 150.0000 80.2000 3.0000
    endloop
  endfacet
  facet normal 0.000000 0.000000 1.000000
    outer loop
      vertex 146.2000 76.8000 3.0000
      vertex 150.0000 80.2000 3.0000
      vertex 146.2000 80.2000 3.0000
    endloop
  endfacet
  facet normal -1.000000 0.000000 0.000000
    outer loop
      vertex 146.2000 80.2000 0.0000
      vertex 146.2000 76.8000 0.0000
      vertex 146.2000 76.8000 3.0000
    endloop
  endfacet
  facet normal -1.000000 0.000000 0.000000
    outer loop
      vertex 146.2000 80.2000 0.0000
      vertex 146.2000 76.8000 3.0000
      vertex 146.2000 80.2000 3.0000
    endloop
  endfacet
  facet normal 1.000000 0.000000 0.000000
    outer loop
      vertex 150.0000 76.8000 0.0000
      vertex 150.0000 80.2000 0.0000
      vertex 150.0000 80.2000 3.0000
    endloop
  endfacet
  facet normal 1.000000 0.000000 0.000000
    outer loop
      vertex 150.0000 76.8000 0.0000
      vertex 150.0000 80.2000 3.0000
      vertex 150.0000 76.8000 3.0000
    endloop
  endfacet
  facet normal 0.000000 0.000000 -1.000000
    outer loop
      vertex 146.2000 80.2000 0.0000
      vertex 146.2000 84.0000 0.0000
      vertex 150.0000 84.0000 0.0000
    endloop
  endfacet
  facet normal 0.000000 0.000000 -1.000000
    outer loop
      vertex 146.2000 80.2000 0.0000
      vertex 150.0000 84.0000 0.0000
      vertex 150.0000 80.2000 0.0000
    endloop
  endfacet
  facet normal 0.000000 0.000000 1.000000
    outer loop
      vertex 146.2000 80.2000 3.0000
      vertex 150.0000 80.2000 3.0000
      vertex 150.0000 84.0000 3.0000
    endloop
  endfacet
  facet normal 0.000000 0.000000 1.000000
    outer loop
      vertex 146.2000 80.2000 3.0000
      vertex 150.0000 84.0000 3.0000
      vertex 146.2000 84.0000 3.0000
    endloop
  endfacet
  facet normal 0.000000 1.000000 0.000000
    outer loop
      vertex 150.0000 84.0000 0.0000
      vertex 146.2000 84.0000 0.0000
      vertex 146.2000 84.0000 3.0000
    endloop
  endfacet
  facet normal 0.000000 1.000000 -0.000000
    outer loop
      vertex 150.0000 84.0000 0.0000
      vertex 146.2000 84.0000 3.0000
      vertex 150.0000 84.0000 3.0000
    endloop
  endfacet
  facet normal 1.000000 0.000000 0.000000
    outer loop
      vertex 150.0000 80.2000 0.0000
      vertex 150.0000 84.0000 0.0000
      vertex 150.0000 84.0000 3.0000
    endloop
  endfacet
  facet normal 1.000000 0.000000 0.000000
    outer loop
      vertex 150.0000 80.2000 0.0000
      vertex 150.0000 84.0000 3.0000
      vertex 150.0000 80.2000 3.0000
    endloop
  endfacet
endsolid StreamdeckTopPlate
